#{"t_start": 1708837051.8179657, "env_id": "MinAtar/Freeway-v1"}
r,l,t
0.0,2501,50.689999
0.0,2501,65.330971
0.0,2501,77.617501
0.0,2501,89.192784
0.0,2501,108.57344
0.0,2501,120.65755
0.0,2501,134.40918
0.0,2501,147.114745
0.0,2501,157.81816
0.0,2501,174.284188
0.0,2501,189.743105
0.0,2501,205.655341
0.0,2501,219.58877
1.0,2501,236.242574
1.0,2501,250.266133
2.0,2501,261.524184
2.0,2501,275.70845
2.0,2501,286.778098
0.0,2501,302.837587
3.0,2501,313.927056
1.0,2501,326.604183
0.0,2501,340.334424
5.0,2501,355.382988
2.0,2501,370.591418
6.0,2501,384.226948
2.0,2501,395.448294
5.0,2501,406.749743
6.0,2501,424.25699
2.0,2501,439.203725
2.0,2501,454.886395
3.0,2501,467.309268
3.0,2501,482.523745
3.0,2501,495.217467
5.0,2501,507.835204
8.0,2501,520.45977
3.0,2501,532.932581
1.0,2501,549.332688
7.0,2501,562.874124
5.0,2501,577.858786
3.0,2501,614.938312
5.0,2501,633.694534
6.0,2501,652.490096
5.0,2501,667.685068
3.0,2501,681.717789
9.0,2501,692.861004
8.0,2501,711.031794
8.0,2501,724.504563
6.0,2501,736.796151
9.0,2501,749.698603
10.0,2501,768.647921
9.0,2501,780.910501
4.0,2501,791.783921
14.0,2501,806.529183
11.0,2501,817.895265
10.0,2501,836.270565
12.0,2501,848.740085
11.0,2501,861.027465
11.0,2501,871.704789
7.0,2501,889.228553
8.0,2501,904.47485
12.0,2501,915.450439
16.0,2501,926.924999
9.0,2501,936.908574
7.0,2501,950.459525
9.0,2501,962.64468
10.0,2501,976.487842
14.0,2501,990.782028
16.0,2501,1008.560184
3.0,2501,1020.967288
9.0,2501,1034.216835
15.0,2501,1048.275959
16.0,2501,1060.143222
11.0,2501,1078.041391
20.0,2501,1089.019426
24.0,2501,1100.89827
19.0,2501,1112.493431
14.0,2501,1128.367231
12.0,2501,1143.233526
16.0,2501,1157.261005
8.0,2501,1193.062328
12.0,2501,1205.00988
12.0,2501,1224.622028
5.0,2501,1236.153831
12.0,2501,1247.687426
9.0,2501,1259.598945
14.0,2501,1276.379855
13.0,2501,1292.218475
7.0,2501,1304.447449
11.0,2501,1314.588682
14.0,2501,1327.028323
12.0,2501,1340.856078
10.0,2501,1354.436013
13.0,2501,1368.757754
11.0,2501,1380.83976
18.0,2501,1398.09345
17.0,2501,1411.405997
11.0,2501,1422.921526
18.0,2501,1436.850211
22.0,2501,1453.67672
22.0,2501,1474.209745
9.0,2501,1484.824424
12.0,2501,1495.964186
19.0,2501,1506.298492
18.0,2501,1526.819862
19.0,2501,1542.205686
20.0,2501,1552.941856
23.0,2501,1565.732505
23.0,2501,1575.94461
24.0,2501,1594.915095
25.0,2501,1609.782665
25.0,2501,1622.303357
30.0,2501,1636.558402
11.0,2501,1646.568519
28.0,2501,1663.856627
31.0,2501,1678.112965
26.0,2501,1692.23403
31.0,2501,1705.548451
13.0,2501,1721.515417
29.0,2501,1733.752873
28.0,2501,1770.609209
28.0,2501,1783.29093
37.0,2501,1791.675558
25.0,2501,1808.754495
19.0,2501,1823.014061
30.0,2501,1837.881933
23.0,2501,1849.839803
22.0,2501,1867.191817
15.0,2501,1876.263675
19.0,2501,1888.598747
22.0,2501,1900.936674
2.0,2501,1910.393382
5.0,2501,1924.94363
10.0,2501,1936.459231
15.0,2501,1947.754605
18.0,2501,1959.288433
5.0,2501,1975.040579
14.0,2501,1987.839228
23.0,2501,1999.977561
15.0,2501,2009.269469
17.0,2501,2021.07655
23.0,2501,2038.071174
10.0,2501,2051.830872
25.0,2501,2065.064753
21.0,2501,2078.093036
24.0,2501,2093.200947
17.0,2501,2103.976803
21.0,2501,2114.83018
15.0,2501,2126.422915
23.0,2501,2141.069596
26.0,2501,2158.378474
19.0,2501,2170.997399
25.0,2501,2181.864676
29.0,2501,2194.388445
28.0,2501,2212.283761
21.0,2501,2224.538478
23.0,2501,2236.030613
15.0,2501,2247.934263
26.0,2501,2258.983167
25.0,2501,2277.07822
28.0,2501,2308.163164
24.0,2501,2320.816664
11.0,2501,2336.714515
27.0,2501,2357.166998
22.0,2501,2370.020681
21.0,2501,2383.331425
28.0,2501,2394.042701
32.0,2501,2404.649256
32.0,2501,2422.602422
22.0,2501,2433.942171
26.0,2501,2442.911373
19.0,2501,2452.936371
29.0,2501,2469.179325
30.0,2501,2478.767637
31.0,2501,2489.438221
22.0,2501,2503.33959
20.0,2501,2517.592604
25.0,2501,2533.214629
24.0,2501,2545.396041
27.0,2501,2557.076831
27.0,2501,2568.791448
17.0,2501,2587.5648
21.0,2501,2603.699855
24.0,2501,2615.72976
17.0,2501,2631.035661
6.0,2501,2644.119014
29.0,2501,2664.789578
20.0,2501,2673.672337
24.0,2501,2684.438382
24.0,2501,2694.43622
30.0,2501,2709.598045
27.0,2501,2722.162745
22.0,2501,2735.794521
24.0,2501,2749.570103
18.0,2501,2759.915743
31.0,2501,2776.252501
19.0,2501,2790.843763
25.0,2501,2801.730951
23.0,2501,2812.515302
31.0,2501,2828.800236
22.0,2501,2873.048661
26.0,2501,2886.556566
28.0,2501,2899.578503
16.0,2501,2913.385542
23.0,2501,2933.360249
28.0,2501,2946.927864
18.0,2501,2957.987994
17.0,2501,2966.376991
22.0,2501,2985.570058
29.0,2501,2998.458132
20.0,2501,3012.444269
21.0,2501,3028.871728
26.0,2501,3042.080011
32.0,2501,3057.665674
29.0,2501,3071.657789
31.0,2501,3085.677356
29.0,2501,3099.396596
19.0,2501,3112.741698
19.0,2501,3129.516066
22.0,2501,3143.247287
17.0,2501,3154.937575
18.0,2501,3167.719141
17.0,2501,3187.293921
9.0,2501,3203.047884
22.0,2501,3215.65776
27.0,2501,3229.191907
21.0,2501,3241.958884
23.0,2501,3261.985688
19.0,2501,3277.592215
21.0,2501,3290.112927
19.0,2501,3302.008478
20.0,2501,3318.925742
19.0,2501,3333.539249
18.0,2501,3346.686977
18.0,2501,3357.648365
17.0,2501,3368.968633
17.0,2501,3386.345994
13.0,2501,3402.697966
24.0,2501,3419.534403
21.0,2501,3433.684161
21.0,2501,3481.589077
25.0,2501,3492.547437
20.0,2501,3509.525629
25.0,2501,3521.059723
30.0,2501,3533.117224
22.0,2501,3550.740587
20.0,2501,3567.643589
21.0,2501,3582.546201
24.0,2501,3596.105312
19.0,2501,3611.834864
17.0,2501,3624.57736
24.0,2501,3641.514755
20.0,2501,3656.528545
19.0,2501,3674.805045
25.0,2501,3689.571362
19.0,2501,3704.810164
25.0,2501,3719.280224
23.0,2501,3736.92939
15.0,2501,3756.093547
18.0,2501,3769.852237
27.0,2501,3783.336219
10.0,2501,3800.125235
19.0,2501,3813.642244
33.0,2501,3836.366157
17.0,2501,3847.935066
8.0,2501,3862.299435
15.0,2501,3876.468009
12.0,2501,3897.219474
26.0,2501,3912.316964
30.0,2501,3925.303269
20.0,2501,3936.884575
23.0,2501,3946.199988
27.0,2501,3966.323267
26.0,2501,3980.618872
20.0,2501,3996.171151
28.0,2501,4007.128787
32.0,2501,4022.521717
23.0,2501,4036.767148
29.0,2501,4053.181695
30.0,2501,4073.834879
28.0,2501,4118.347739
29.0,2501,4139.333075
38.0,2501,4153.900959
25.0,2501,4166.987436
31.0,2501,4177.902641
31.0,2501,4195.612752
37.0,2501,4210.760777
21.0,2501,4225.554069
30.0,2501,4236.800697
25.0,2501,4249.140393
29.0,2501,4264.718503
20.0,2501,4274.977425
26.0,2501,4291.140974
27.0,2501,4303.441532
27.0,2501,4323.658638
23.0,2501,4336.642239
28.0,2501,4346.632328
13.0,2501,4361.120141
15.0,2501,4373.736977
27.0,2501,4391.652354
33.0,2501,4409.260507
35.0,2501,4422.18669
35.0,2501,4434.015946
24.0,2501,4452.33956
23.0,2501,4467.945639
34.0,2501,4481.13416
31.0,2501,4492.812702
30.0,2501,4506.344769
26.0,2501,4521.143912
28.0,2501,4536.377977
27.0,2501,4550.159558
29.0,2501,4564.452631
28.0,2501,4584.429815
31.0,2501,4597.321963
32.0,2501,4610.802568
32.0,2501,4626.115734
25.0,2501,4641.933193
31.0,2501,4657.784133
28.0,2501,4670.60465
32.0,2501,4681.959434
27.0,2501,4718.940314
24.0,2501,4737.575119
23.0,2501,4749.962326
32.0,2501,4762.255302
29.0,2501,4774.799123
34.0,2501,4788.40722
24.0,2501,4807.630444
29.0,2501,4823.187447
31.0,2501,4837.686945
29.0,2501,4852.558202
25.0,2501,4866.310096
26.0,2501,4880.420128
22.0,2501,4895.28317
29.0,2501,4907.384944
18.0,2501,4917.892176
27.0,2501,4933.181727
31.0,2501,4943.819494
25.0,2501,4957.000097
29.0,2501,4968.702129
29.0,2501,4981.085583
24.0,2501,4997.813626
24.0,2501,5010.613287
21.0,2501,5026.109482
20.0,2501,5041.2808
24.0,2501,5057.810733
23.0,2501,5070.719544
21.0,2501,5084.667019
18.0,2501,5099.274011
24.0,2501,5112.57704
23.0,2501,5132.268461
17.0,2501,5145.936866
23.0,2501,5161.060389
18.0,2501,5175.590123
16.0,2501,5193.285584
27.0,2501,5207.948186
25.0,2501,5221.100289
18.0,2501,5233.8769
23.0,2501,5247.049667
24.0,2501,5267.21316
21.0,2501,5281.344531
28.0,2501,5321.946312
28.0,2501,5333.152504
29.0,2501,5350.476806
32.0,2501,5365.39398
18.0,2501,5376.89421
20.0,2501,5389.390671
25.0,2501,5405.280168
20.0,2501,5426.075988
21.0,2501,5440.002162
18.0,2501,5457.388836
17.0,2501,5467.429943
22.0,2501,5484.729796
15.0,2501,5501.553781
25.0,2501,5513.673993
20.0,2501,5530.05969
12.0,2501,5545.050193
23.0,2501,5564.342477
24.0,2501,5581.12798
26.0,2501,5594.683084
26.0,2501,5610.558858
18.0,2501,5626.030007
16.0,2501,5639.005717
20.0,2501,5652.789263
17.0,2501,5665.048993
24.0,2501,5676.307344
16.0,2501,5698.126419
20.0,2501,5710.183128
15.0,2501,5722.739256
20.0,2501,5735.579337
23.0,2501,5755.924134
23.0,2501,5769.976593
12.0,2501,5784.119552
19.0,2501,5796.230928
16.0,2501,5808.502388
28.0,2501,5825.814769
24.0,2501,5839.641458
21.0,2501,5856.439851
16.0,2501,5869.07469
18.0,2501,5885.654139
18.0,2501,5902.241706
27.0,2501,5943.542397
30.0,2501,5960.362687
14.0,2501,5970.632542
14.0,2501,5991.686369
18.0,2501,6006.724322
18.0,2501,6018.409435
19.0,2501,6029.309518
18.0,2501,6045.140239
16.0,2501,6060.237808
21.0,2501,6072.848375
17.0,2501,6088.962931
23.0,2501,6106.314595
13.0,2501,6124.01596
9.0,2501,6137.137666
15.0,2501,6149.181101
18.0,2501,6161.65694
17.0,2501,6179.211845
15.0,2501,6192.189533
11.0,2501,6207.067521
18.0,2501,6218.788946
18.0,2501,6231.764151
15.0,2501,6248.176716
17.0,2501,6261.728713
16.0,2501,6273.944096
22.0,2501,6284.61883
11.0,2501,6300.243614
16.0,2501,6315.133881
12.0,2501,6331.286458
21.0,2501,6342.647549
28.0,2501,6351.03645
23.0,2501,6364.388536
22.0,2501,6374.316247
19.0,2501,6383.87758
22.0,2501,6398.45595
25.0,2501,6412.224312
27.0,2501,6429.185304
25.0,2501,6441.332925
21.0,2501,6453.891195
22.0,2501,6471.612385
22.0,2501,6488.77848
31.0,2501,6536.696755
19.0,2501,6549.911512
27.0,2501,6563.034541
23.0,2501,6576.315225
21.0,2501,6591.372877
22.0,2501,6603.741165
24.0,2501,6615.881015
21.0,2501,6629.256269
21.0,2501,6650.818349
15.0,2501,6666.309227
18.0,2501,6678.747858
22.0,2501,6689.809622
16.0,2501,6702.579797
21.0,2501,6718.159616
30.0,2501,6732.843865
19.0,2501,6743.295133
31.0,2501,6754.95118
23.0,2501,6770.553238
28.0,2501,6785.813898
23.0,2501,6804.259902
27.0,2501,6815.454753
27.0,2501,6828.908256
29.0,2501,6844.250977
24.0,2501,6858.718042
18.0,2501,6872.640196
17.0,2501,6890.211444
31.0,2501,6911.243648
23.0,2501,6924.602084
30.0,2501,6938.145511
26.0,2501,6952.832497
20.0,2501,6970.282121
25.0,2501,6991.749793
17.0,2501,7003.198555
23.0,2501,7014.216747
22.0,2501,7027.718296
26.0,2501,7047.687729
18.0,2501,7061.75814
24.0,2501,7075.516935
14.0,2501,7087.131193
19.0,2501,7099.634572
23.0,2501,7154.52612
30.0,2501,7166.277612
25.0,2501,7181.569254
23.0,2501,7199.589684
22.0,2501,7220.131951
23.0,2501,7234.106437
29.0,2501,7246.313971
26.0,2501,7259.382777
26.0,2501,7275.07152
28.0,2501,7296.355064
28.0,2501,7312.494308
20.0,2501,7325.743971
18.0,2501,7336.436113
29.0,2501,7355.434696
24.0,2501,7367.916483
25.0,2501,7382.982655
30.0,2501,7395.094569
22.0,2501,7408.56626
28.0,2501,7427.30577
30.0,2501,7441.707284
28.0,2501,7453.212007
32.0,2501,7466.620885
38.0,2501,7481.626594
37.0,2501,7492.622952
32.0,2501,7506.356787
32.0,2501,7521.91535
32.0,2501,7534.930029
26.0,2501,7554.182269
27.0,2501,7570.307112
28.0,2501,7585.976307
28.0,2501,7601.233016
13.0,2501,7619.334709
27.0,2501,7631.545644
22.0,2501,7645.788574
29.0,2501,7658.339392
33.0,2501,7670.640902
28.0,2501,7688.662408
32.0,2501,7701.236782
30.0,2501,7714.543312
27.0,2501,7726.060289
31.0,2501,7776.89664
32.0,2501,7790.114753
33.0,2501,7801.367544
22.0,2501,7809.459549
32.0,2501,7819.299178
22.0,2501,7835.384307
38.0,2501,7848.318356
29.0,2501,7864.121959
30.0,2501,7875.965184
28.0,2501,7892.113132
31.0,2501,7908.502611
25.0,2501,7922.707398
28.0,2501,7940.036263
22.0,2501,7950.294334
24.0,2501,7967.832102
30.0,2501,7980.423601
24.0,2501,7995.076401
32.0,2501,8007.032974
32.0,2501,8020.235388
25.0,2501,8030.058225
23.0,2501,8042.140555
33.0,2501,8054.088636
22.0,2501,8065.947207
34.0,2501,8085.162504
24.0,2501,8101.021973
35.0,2501,8113.009156
25.0,2501,8123.439564
26.0,2501,8136.080925
19.0,2501,8153.435703
29.0,2501,8169.056487
32.0,2501,8181.251616
24.0,2501,8193.810822
25.0,2501,8211.028941
25.0,2501,8226.293681
29.0,2501,8244.227556
25.0,2501,8259.715132
19.0,2501,8272.503145
25.0,2501,8289.492146
28.0,2501,8299.332416
24.0,2501,8311.739132
27.0,2501,8347.256127
23.0,2501,8361.82314
19.0,2501,8371.443737
24.0,2501,8385.004622
25.0,2501,8401.284998
27.0,2501,8415.409623
30.0,2501,8432.566471
18.0,2501,8444.464259
22.0,2501,8457.234196
33.0,2501,8470.949689
20.0,2501,8485.646693
29.0,2501,8498.493124
32.0,2501,8510.533245
34.0,2501,8521.949538
29.0,2501,8533.65491
37.0,2501,8554.55777
31.0,2501,8572.368371
30.0,2501,8585.806295
29.0,2501,8600.211493
20.0,2501,8614.094868
35.0,2501,8627.269481
29.0,2501,8640.363293
31.0,2501,8655.592859
35.0,2501,8669.515409
30.0,2501,8684.675828
35.0,2501,8697.874834
30.0,2501,8712.145985
26.0,2501,8724.358112
22.0,2501,8740.918266
30.0,2501,8752.30127
28.0,2501,8762.231442
26.0,2501,8775.441374
34.0,2501,8791.202173
31.0,2501,8811.6447
30.0,2501,8823.001418
21.0,2501,8832.483138
29.0,2501,8843.633836
33.0,2501,8858.101445
25.0,2501,8874.680496
28.0,2501,8889.623174
30.0,2501,8932.792357
21.0,2501,8945.002967
35.0,2501,8963.922529
29.0,2501,8979.308948
38.0,2501,8992.640767
29.0,2501,9004.710802
26.0,2501,9020.878494
34.0,2501,9034.833925
32.0,2501,9045.545884
31.0,2501,9055.465293
25.0,2501,9067.546129
33.0,2501,9084.266448
24.0,2501,9095.411397
27.0,2501,9109.049967
29.0,2501,9122.975779
45.0,2501,9141.047143
32.0,2501,9156.206372
39.0,2501,9167.990532
23.0,2501,9182.337996
29.0,2501,9196.373206
34.0,2501,9212.56163
32.0,2501,9224.756934
30.0,2501,9238.447135
36.0,2501,9249.053931
37.0,2501,9266.725094
31.0,2501,9278.44702
31.0,2501,9290.035635
31.0,2501,9302.176101
36.0,2501,9315.176328
30.0,2501,9333.176411
34.0,2501,9348.11397
30.0,2501,9361.231128
24.0,2501,9372.446607
26.0,2501,9387.783943
34.0,2501,9398.746412
34.0,2501,9410.641486
41.0,2501,9424.201184
32.0,2501,9440.152846
39.0,2501,9463.929769
42.0,2501,9481.80402
33.0,2501,9517.432181
35.0,2501,9535.841138
38.0,2501,9556.002633
31.0,2501,9564.8919
27.0,2501,9574.650796
32.0,2501,9587.358988
32.0,2501,9603.114057
32.0,2501,9618.348258
23.0,2501,9633.04407
31.0,2501,9644.95709
31.0,2501,9657.064405
30.0,2501,9669.846753
32.0,2501,9689.830485
35.0,2501,9703.868052
29.0,2501,9717.03192
34.0,2501,9731.66659
32.0,2501,9745.302769
22.0,2501,9758.601453
32.0,2501,9773.713227
37.0,2501,9789.628849
34.0,2501,9804.058928
37.0,2501,9820.095029
27.0,2501,9832.490277
31.0,2501,9842.833278
31.0,2501,9856.083829
28.0,2501,9876.32645
26.0,2501,9889.845444
31.0,2501,9901.262374
35.0,2501,9913.073094
37.0,2501,9931.283153
29.0,2501,9952.109965
27.0,2501,9967.422158
32.0,2501,9978.764693
27.0,2501,9989.494596
33.0,2501,10010.121715
25.0,2501,10027.214116
33.0,2501,10044.044005
29.0,2501,10052.928077
27.0,2501,10061.471295
33.0,2501,10079.711999
16.0,2501,10124.546248
27.0,2501,10136.434206
30.0,2501,10147.571511
33.0,2501,10162.028759
38.0,2501,10179.665221
32.0,2501,10196.350065
32.0,2501,10213.692703
30.0,2501,10225.027008
32.0,2501,10239.648982
23.0,2501,10251.597035
31.0,2501,10263.605666
26.0,2501,10278.4518
34.0,2501,10296.065245
28.0,2501,10308.863869
32.0,2501,10320.828905
27.0,2501,10335.088453
29.0,2501,10347.883371
14.0,2501,10371.127367
27.0,2501,10383.724978
32.0,2501,10396.60019
25.0,2501,10410.310448
23.0,2501,10432.300771
30.0,2501,10449.028694
24.0,2501,10461.943734
33.0,2501,10474.317605
27.0,2501,10488.904507
27.0,2501,10507.288728
34.0,2501,10522.147596
33.0,2501,10534.605416
24.0,2501,10545.057748
32.0,2501,10561.881576
26.0,2501,10575.962145
32.0,2501,10587.435706
28.0,2501,10599.316194
34.0,2501,10610.773704
28.0,2501,10625.818046
30.0,2501,10639.471333
27.0,2501,10652.994034
28.0,2501,10666.274457
25.0,2501,10686.572494
29.0,2501,10730.192549
35.0,2501,10742.111015
25.0,2501,10753.012771
35.0,2501,10767.134737
27.0,2501,10782.685989
26.0,2501,10795.745637
30.0,2501,10810.867774
30.0,2501,10826.031591
26.0,2501,10842.922062
25.0,2501,10853.335707
28.0,2501,10863.784101
29.0,2501,10874.902586
22.0,2501,10885.570415
26.0,2501,10903.617358
29.0,2501,10919.084299
24.0,2501,10932.677284
24.0,2501,10944.741328
30.0,2501,10962.645716
29.0,2501,10975.733298
24.0,2501,10992.012794
26.0,2501,11006.4729
25.0,2501,11018.473813
31.0,2501,11034.695935
27.0,2501,11049.378911
31.0,2501,11063.806427
29.0,2501,11080.226861
34.0,2501,11096.239048
27.0,2501,11108.134439
30.0,2501,11118.253127
28.0,2501,11130.289241
23.0,2501,11142.116369
32.0,2501,11162.561609
32.0,2501,11177.002285
23.0,2501,11187.362108
32.0,2501,11196.784612
34.0,2501,11208.811372
30.0,2501,11225.34607
31.0,2501,11239.012686
27.0,2501,11252.436163
28.0,2501,11262.827956
34.0,2501,11307.609963
37.0,2501,11321.328233
27.0,2501,11335.504446
31.0,2501,11348.577395
32.0,2501,11359.252251
35.0,2501,11374.998715
29.0,2501,11389.509042
28.0,2501,11403.825834
33.0,2501,11415.714341
30.0,2501,11428.731383
36.0,2501,11441.302088
34.0,2501,11453.015421
30.0,2501,11466.414037
24.0,2501,11478.141981
18.0,2501,11497.328384
30.0,2501,11508.072088
30.0,2501,11517.998599
37.0,2501,11528.36575
23.0,2501,11547.603199
31.0,2501,11558.711441
33.0,2501,11570.926658
31.0,2501,11581.567369
36.0,2501,11593.469638
32.0,2501,11609.260499
31.0,2501,11622.532708
22.0,2501,11636.194482
33.0,2501,11649.034381
27.0,2501,11666.590933
28.0,2501,11676.663554
32.0,2501,11689.264534
29.0,2501,11701.886211
20.0,2501,11714.484496
34.0,2501,11727.401149
30.0,2501,11736.014132
26.0,2501,11750.003137
30.0,2501,11763.002008
32.0,2501,11777.840281
34.0,2501,11791.910825
34.0,2501,11805.688804
27.0,2501,11816.613232
31.0,2501,11852.0388
27.0,2501,11872.253895
27.0,2501,11884.809624
27.0,2501,11895.920981
26.0,2501,11905.153718
40.0,2501,11920.884489
37.0,2501,11936.236273
28.0,2501,11947.408145
30.0,2501,11956.749158
31.0,2501,11966.920519
27.0,2501,11981.454724
26.0,2501,11991.495264
20.0,2501,12004.84795
29.0,2501,12017.259991
28.0,2501,12030.381758
32.0,2501,12045.194963
31.0,2501,12056.263766
28.0,2501,12064.470407
34.0,2501,12077.924501
27.0,2501,12097.810184
31.0,2501,12112.794186
29.0,2501,12124.780585
25.0,2501,12135.452492
26.0,2501,12150.721081
40.0,2501,12161.195847
34.0,2501,12175.989883
31.0,2501,12189.403895
38.0,2501,12203.324764
35.0,2501,12219.310313
34.0,2501,12231.114528
36.0,2501,12244.28088
20.0,2501,12258.607938
22.0,2501,12279.597223
27.0,2501,12288.36639
33.0,2501,12298.637061
35.0,2501,12312.231451
32.0,2501,12324.886705
34.0,2501,12340.932033
29.0,2501,12355.591113
36.0,2501,12367.427812
29.0,2501,12394.39047
30.0,2501,12412.680045
30.0,2501,12426.542224
26.0,2501,12439.272609
34.0,2501,12451.075748
34.0,2501,12460.961675
38.0,2501,12477.637593
30.0,2501,12489.843822
35.0,2501,12501.984192
30.0,2501,12515.17861
35.0,2501,12529.930183
39.0,2501,12543.832399
33.0,2501,12560.44001
28.0,2501,12572.733916
26.0,2501,12585.860301
40.0,2501,12601.626478
38.0,2501,12614.677065
42.0,2501,12625.451206
29.0,2501,12641.058586
27.0,2501,12659.011994
31.0,2501,12671.771484
33.0,2501,12682.132297
34.0,2501,12692.685606
31.0,2501,12704.646417
42.0,2501,12723.667847
24.0,2501,12739.056846
27.0,2501,12751.377909
27.0,2501,12761.666705
36.0,2501,12775.32776
24.0,2501,12791.468741
30.0,2501,12802.667568
39.0,2501,12814.289737
31.0,2501,12825.319947
37.0,2501,12839.682807
41.0,2501,12850.935999
39.0,2501,12864.909072
36.0,2501,12877.430935
32.0,2501,12891.584251
37.0,2501,12910.537139
27.0,2501,12922.103188
42.0,2501,12958.136796
32.0,2501,12972.242606
42.0,2501,12987.163755
33.0,2501,13001.05868
41.0,2501,13014.654626
36.0,2501,13028.692873
36.0,2501,13041.474271
35.0,2501,13059.135055
35.0,2501,13071.290376
33.0,2501,13081.33419
38.0,2501,13091.631037
33.0,2501,13109.780399
36.0,2501,13125.72703
38.0,2501,13141.068717
39.0,2501,13154.438825
39.0,2501,13167.77851
26.0,2501,13181.597958
35.0,2501,13195.945922
32.0,2501,13212.146177
34.0,2501,13226.688376
37.0,2501,13243.063401
31.0,2501,13255.374194
32.0,2501,13269.27129
36.0,2501,13281.691325
31.0,2501,13294.94744
32.0,2501,13308.849862
33.0,2501,13318.68926
30.0,2501,13329.352059
33.0,2501,13340.267927
32.0,2501,13356.955227
38.0,2501,13371.311615
34.0,2501,13385.969221
33.0,2501,13396.652153
31.0,2501,13407.529829
40.0,2501,13426.330403
40.0,2501,13442.341588
34.0,2501,13455.861521
39.0,2501,13468.070995
25.0,2501,13483.556906
30.0,2501,13495.213807
29.0,2501,13534.811116
31.0,2501,13550.741196
38.0,2501,13564.534644
36.0,2501,13577.795345
38.0,2501,13591.9343
35.0,2501,13604.532835
38.0,2501,13618.516297
39.0,2501,13636.483634
26.0,2501,13650.204745
33.0,2501,13665.356977
36.0,2501,13682.5059
34.0,2501,13696.777065
36.0,2501,13717.513021
34.0,2501,13727.440581
34.0,2501,13738.453249
37.0,2501,13751.032491
34.0,2501,13770.134676
35.0,2501,13784.396518
39.0,2501,13797.078583
37.0,2501,13806.951462
36.0,2501,13817.331852
36.0,2501,13833.345758
32.0,2501,13847.039259
39.0,2501,13860.51449
39.0,2501,13877.579705
38.0,2501,13891.435195
38.0,2501,13902.529208
41.0,2501,13915.750669
29.0,2501,13928.764485
34.0,2501,13942.012556
37.0,2501,13960.505336
32.0,2501,13972.175525
40.0,2501,13983.974022
29.0,2501,13993.913842
41.0,2501,14012.505815
34.0,2501,14024.092432
38.0,2501,14037.687956
41.0,2501,14048.232571
38.0,2501,14058.7866
39.0,2501,14076.881902
33.0,2501,14111.759369
37.0,2501,14122.422994
34.0,2501,14135.163156
35.0,2501,14152.756993
38.0,2501,14164.128568
35.0,2501,14177.740857
39.0,2501,14189.402704
37.0,2501,14200.863399
36.0,2501,14212.592528
39.0,2501,14222.792285
42.0,2501,14234.598254
30.0,2501,14249.538908
40.0,2501,14264.677398
40.0,2501,14285.518406
35.0,2501,14301.096845
36.0,2501,14310.963929
32.0,2501,14322.902799
37.0,2501,14337.460655
38.0,2501,14346.949559
45.0,2501,14358.936895
43.0,2501,14368.588932
28.0,2501,14379.035758
41.0,2501,14395.865351
35.0,2501,14410.829025
38.0,2501,14423.246065
43.0,2501,14437.375562
26.0,2501,14453.510989
33.0,2501,14467.037416
35.0,2501,14482.213971
34.0,2501,14493.878093
28.0,2501,14507.553596
33.0,2501,14523.198289
39.0,2501,14533.981704
33.0,2501,14546.609604
14.0,2501,14559.192501
27.0,2501,14579.070606
28.0,2501,14589.996605
28.0,2501,14602.565597
23.0,2501,14614.447994
23.0,2501,14626.21628
38.0,2501,14675.662207
37.0,2501,14686.46425
32.0,2501,14696.710088
36.0,2501,14708.456016
35.0,2501,14725.704407
28.0,2501,14740.567749
33.0,2501,14753.936418
42.0,2501,14763.339622
44.0,2501,14773.962104
31.0,2501,14788.736946
34.0,2501,14804.614635
34.0,2501,14814.579561
31.0,2501,14826.542974
30.0,2501,14842.923979
37.0,2501,14855.001367
26.0,2501,14864.649743
13.0,2501,14882.217039
30.0,2501,14896.733725
41.0,2501,14912.482591
39.0,2501,14922.205292
36.0,2501,14936.002882
35.0,2501,14948.860087
31.0,2501,14965.760375
20.0,2501,14975.830916
30.0,2501,14985.868226
28.0,2501,14997.285277
32.0,2501,15009.618111
22.0,2501,15023.954389
40.0,2501,15035.486051
33.0,2501,15047.148795
31.0,2501,15060.608466
29.0,2501,15076.895669
33.0,2501,15087.717996
33.0,2501,15100.25791
39.0,2501,15114.320391
35.0,2501,15128.172497
38.0,2501,15146.026028
36.0,2501,15156.392201
42.0,2501,15166.146034
30.0,2501,15177.85913
37.0,2501,15217.261023
39.0,2501,15231.372027
41.0,2501,15242.55797
31.0,2501,15255.51826
39.0,2501,15264.363755
34.0,2501,15284.245038
34.0,2501,15298.997467
36.0,2501,15310.85572
31.0,2501,15323.086289
25.0,2501,15339.673231
41.0,2501,15351.058331
32.0,2501,15361.522683
33.0,2501,15373.706185
35.0,2501,15387.404364
33.0,2501,15405.551524
31.0,2501,15417.45497
34.0,2501,15430.282169
32.0,2501,15445.7533
38.0,2501,15464.561755
41.0,2501,15480.564095
38.0,2501,15493.251367
43.0,2501,15504.868966
33.0,2501,15515.668701
42.0,2501,15534.71255
43.0,2501,15549.467
34.0,2501,15561.360888
38.0,2501,15573.15548
36.0,2501,15589.511879
37.0,2501,15602.455384
34.0,2501,15614.030037
36.0,2501,15632.239539
41.0,2501,15648.095912
41.0,2501,15662.716364
39.0,2501,15675.961331
40.0,2501,15689.367302
42.0,2501,15705.124223
40.0,2501,15725.251451
36.0,2501,15735.976354
43.0,2501,15749.280294
38.0,2501,15758.823912
39.0,2501,15811.057498
37.0,2501,15827.985048
42.0,2501,15838.367718
36.0,2501,15849.350224
31.0,2501,15861.703049
24.0,2501,15875.782223
34.0,2501,15892.517393
38.0,2501,15903.541235
32.0,2501,15914.537222
34.0,2501,15927.231251
35.0,2501,15942.157635
39.0,2501,15954.203651
43.0,2501,15970.751848
36.0,2501,15981.936245
34.0,2501,15992.31154
40.0,2501,16014.682508
39.0,2501,16024.109347
37.0,2501,16036.470287
39.0,2501,16047.236212
37.0,2501,16064.33127
47.0,2501,16075.499175
35.0,2501,16086.7372
23.0,2501,16101.621137
33.0,2501,16114.361106
36.0,2501,16132.641759
42.0,2501,16143.237424
42.0,2501,16155.833874
32.0,2501,16170.368386
42.0,2501,16189.901041
36.0,2501,16207.657402
34.0,2501,16220.629161
37.0,2501,16231.637501
38.0,2501,16240.357753
36.0,2501,16257.325933
36.0,2501,16270.124371
37.0,2501,16282.753851
27.0,2501,16294.66914
34.0,2501,16310.940532
38.0,2501,16325.130608
44.0,2501,16340.887856
35.0,2501,16382.041459
39.0,2501,16394.681456
32.0,2501,16412.134629
26.0,2501,16424.266093
39.0,2501,16438.582761
30.0,2501,16452.518809
38.0,2501,16466.556672
38.0,2501,16477.589276
37.0,2501,16491.611967
32.0,2501,16507.122729
35.0,2501,16522.853498
34.0,2501,16539.55058
33.0,2501,16551.525076
32.0,2501,16563.875709
38.0,2501,16575.823017
36.0,2501,16591.886663
36.0,2501,16604.877624
40.0,2501,16616.475325
39.0,2501,16629.325175
45.0,2501,16642.260815
33.0,2501,16659.010233
38.0,2501,16674.583773
36.0,2501,16687.14803
40.0,2501,16698.925787
42.0,2501,16713.90571
43.0,2501,16725.693751
33.0,2501,16738.961336
45.0,2501,16751.324338
39.0,2501,16763.972265
26.0,2501,16777.861567
38.0,2501,16788.464681
39.0,2501,16798.424439
29.0,2501,16812.130422
34.0,2501,16831.017378
36.0,2501,16845.005871
31.0,2501,16860.224817
33.0,2501,16873.238429
42.0,2501,16883.411874
41.0,2501,16901.684549
36.0,2501,16917.219202
41.0,2501,16954.056957
36.0,2501,16965.484675
41.0,2501,16980.606789
28.0,2501,16995.382684
41.0,2501,17011.679009
37.0,2501,17024.008575
39.0,2501,17034.412446
42.0,2501,17052.003866
34.0,2501,17067.053212
39.0,2501,17081.12274
41.0,2501,17094.741581
38.0,2501,17110.515852
44.0,2501,17123.917897
41.0,2501,17137.853818
42.0,2501,17149.131069
29.0,2501,17162.589732
45.0,2501,17178.456266
33.0,2501,17188.396006
34.0,2501,17199.075511
39.0,2501,17210.896838
34.0,2501,17227.103639
32.0,2501,17240.4186
36.0,2501,17251.138754
32.0,2501,17263.175363
29.0,2501,17274.616907
35.0,2501,17289.883259
32.0,2501,17299.399635
36.0,2501,17315.958189
37.0,2501,17331.182201
31.0,2501,17342.969578
40.0,2501,17359.410504
34.0,2501,17376.30825
37.0,2501,17388.887637
32.0,2501,17401.429135
35.0,2501,17419.045756
32.0,2501,17431.373421
35.0,2501,17443.953242
38.0,2501,17453.648232
36.0,2501,17465.539728
34.0,2501,17484.81829
36.0,2501,17523.440752
28.0,2501,17539.409787
30.0,2501,17551.509441
38.0,2501,17569.538202
30.0,2501,17584.388646
33.0,2501,17596.044511
33.0,2501,17606.519281
37.0,2501,17622.984602
31.0,2501,17637.739757
42.0,2501,17645.957958
37.0,2501,17656.235465
37.0,2501,17670.004681
35.0,2501,17686.400097
33.0,2501,17701.258473
39.0,2501,17716.096544
41.0,2501,17727.651771
37.0,2501,17740.01871
43.0,2501,17757.243766
29.0,2501,17767.505641
32.0,2501,17776.373317
41.0,2501,17790.48336
37.0,2501,17809.56299
33.0,2501,17823.289354
31.0,2501,17837.969705
36.0,2501,17850.797876
37.0,2501,17863.878191
35.0,2501,17888.465898
43.0,2501,17905.613062
35.0,2501,17923.276978
30.0,2501,17935.650362
24.0,2501,17952.640537
39.0,2501,17966.261221
36.0,2501,17979.042082
35.0,2501,17988.881126
36.0,2501,17999.78979
33.0,2501,18016.241937
30.0,2501,18028.976976
42.0,2501,18044.962321
28.0,2501,18058.5728
43.0,2501,18078.665539
37.0,2501,18120.353975
36.0,2501,18132.589826
31.0,2501,18145.426254
31.0,2501,18157.746217
35.0,2501,18173.688281
40.0,2501,18183.5926
30.0,2501,18195.511362
22.0,2501,18209.462556
32.0,2501,18228.971391
33.0,2501,18240.756641
36.0,2501,18255.004782
32.0,2501,18265.064028
29.0,2501,18277.459271
29.0,2501,18296.205887
32.0,2501,18313.170103
32.0,2501,18327.359205
34.0,2501,18338.872038
30.0,2501,18353.629345
32.0,2501,18367.957591
33.0,2501,18379.905015
23.0,2501,18392.380608
27.0,2501,18405.284011
35.0,2501,18422.462884
39.0,2501,18434.980241
33.0,2501,18446.924524
33.0,2501,18458.586592
30.0,2501,18475.403105
36.0,2501,18488.305084
30.0,2501,18501.400293
34.0,2501,18512.166629
41.0,2501,18520.627908
35.0,2501,18538.239974
32.0,2501,18552.811039
40.0,2501,18567.023303
34.0,2501,18580.602525
35.0,2501,18597.874594
40.0,2501,18611.650828
32.0,2501,18628.852628
32.0,2501,18645.267703
39.0,2501,18658.580085
38.0,2501,18703.558076
37.0,2501,18718.374198
40.0,2501,18732.076504
34.0,2501,18744.960104
35.0,2501,18760.911747
31.0,2501,18775.312518
26.0,2501,18789.079138
32.0,2501,18802.544424
32.0,2501,18817.517169
38.0,2501,18832.253761
30.0,2501,18845.68989
40.0,2501,18858.714807
37.0,2501,18870.70649
34.0,2501,18888.103758
30.0,2501,18900.450263
33.0,2501,18912.173039
41.0,2501,18922.695578
33.0,2501,18933.571273
34.0,2501,18951.175175
35.0,2501,18965.862777
42.0,2501,18981.110339
33.0,2501,18992.698883
43.0,2501,19005.183438
37.0,2501,19024.226748
42.0,2501,19036.925951
37.0,2501,19049.145066
42.0,2501,19063.386271
27.0,2501,19079.707895
40.0,2501,19091.250138
42.0,2501,19106.700905
34.0,2501,19122.253451
46.0,2501,19135.135222
38.0,2501,19151.941311
40.0,2501,19163.42354
43.0,2501,19173.494376
34.0,2501,19186.342455
43.0,2501,19204.432893
42.0,2501,19217.262447
41.0,2501,19228.929981
38.0,2501,19244.308327
37.0,2501,19282.883
33.0,2501,19301.601726
40.0,2501,19314.685052
34.0,2501,19327.638186
28.0,2501,19340.822305
33.0,2501,19356.30864
40.0,2501,19370.147305
36.0,2501,19379.984535
42.0,2501,19388.648252
43.0,2501,19401.265277
40.0,2501,19419.22718
43.0,2501,19432.780705
38.0,2501,19448.601514
39.0,2501,19461.371935
43.0,2501,19479.554066
36.0,2501,19493.552877
39.0,2501,19506.74419
34.0,2501,19520.368647
32.0,2501,19531.575863
40.0,2501,19544.94334
25.0,2501,19558.928347
35.0,2501,19569.05031
33.0,2501,19579.601544
31.0,2501,19598.075804
28.0,2501,19610.829882
28.0,2501,19628.601125
35.0,2501,19642.655387
32.0,2501,19655.981992
40.0,2501,19673.866836
39.0,2501,19688.512769
35.0,2501,19701.859025
34.0,2501,19717.575163
36.0,2501,19732.182608
35.0,2501,19744.189341
34.0,2501,19757.367265
38.0,2501,19771.928964
34.0,2501,19785.080303
37.0,2501,19805.400539
41.0,2501,19816.411009
39.0,2501,19825.251389
38.0,2501,19864.013609
35.0,2501,19878.005265
35.0,2501,19888.593858
37.0,2501,19900.581175
40.0,2501,19913.724478
34.0,2501,19925.611961
38.0,2501,19947.720921
39.0,2501,19960.769297
41.0,2501,19974.600335
37.0,2501,19987.876975
31.0,2501,20006.517871
39.0,2501,20023.631248
32.0,2501,20035.80546
28.0,2501,20049.978169
34.0,2501,20066.083235
37.0,2501,20084.764488
31.0,2501,20096.526544
34.0,2501,20110.076248
39.0,2501,20126.891154
36.0,2501,20145.26594
40.0,2501,20158.631703
33.0,2501,20175.371782
31.0,2501,20191.899879
33.0,2501,20205.611306
27.0,2501,20219.893744
31.0,2501,20232.193969
42.0,2501,20242.294004
37.0,2501,20256.636335
30.0,2501,20275.038659
16.0,2501,20293.393991
36.0,2501,20305.605407
36.0,2501,20315.890186
34.0,2501,20329.992042
35.0,2501,20345.954344
38.0,2501,20361.238451
32.0,2501,20372.608801
32.0,2501,20384.747065
39.0,2501,20403.311085
40.0,2501,20419.100364
41.0,2501,20431.530839
35.0,2501,20470.138644
38.0,2501,20481.462636
40.0,2501,20497.337283
37.0,2501,20510.561378
41.0,2501,20524.804905
42.0,2501,20538.612958
44.0,2501,20548.365793
38.0,2501,20563.944946
37.0,2501,20576.296767
32.0,2501,20589.220573
31.0,2501,20600.486602
41.0,2501,20619.741721
40.0,2501,20632.868974
33.0,2501,20644.117234
38.0,2501,20657.195814
35.0,2501,20670.199399
33.0,2501,20687.630092
38.0,2501,20699.92704
38.0,2501,20710.374795
38.0,2501,20721.327406
34.0,2501,20740.000038
34.0,2501,20751.320977
39.0,2501,20766.766582
37.0,2501,20779.796381
37.0,2501,20791.569225
38.0,2501,20806.805215
39.0,2501,20819.561282
39.0,2501,20832.220147
42.0,2501,20845.896653
37.0,2501,20863.446484
35.0,2501,20875.396373
45.0,2501,20887.750952
40.0,2501,20899.706533
35.0,2501,20913.775921
40.0,2501,20932.067161
40.0,2501,20945.784333
36.0,2501,20958.335652
37.0,2501,20971.623723
41.0,2501,20986.26464
39.0,2501,20998.848705
38.0,2501,21041.321383
34.0,2501,21054.787253
34.0,2501,21071.838994
44.0,2501,21092.353289
36.0,2501,21105.306501
32.0,2501,21116.022673
36.0,2501,21130.148295
39.0,2501,21146.788283
38.0,2501,21163.11218
38.0,2501,21177.691001
37.0,2501,21188.312517
38.0,2501,21201.036139
36.0,2501,21215.909527
39.0,2501,21228.773741
38.0,2501,21244.34848
48.0,2501,21259.460243
40.0,2501,21278.056957
37.0,2501,21290.168504
37.0,2501,21302.027189
39.0,2501,21313.440222
34.0,2501,21325.027795
41.0,2501,21342.209979
37.0,2501,21355.893265
36.0,2501,21369.513551
32.0,2501,21381.364064
42.0,2501,21399.684089
38.0,2501,21415.184381
29.0,2501,21427.508226
38.0,2501,21438.886149
40.0,2501,21453.524677
39.0,2501,21469.202513
38.0,2501,21483.235077
37.0,2501,21498.463581
41.0,2501,21511.93862
35.0,2501,21530.158653
32.0,2501,21546.48971
38.0,2501,21561.555512
40.0,2501,21575.413669
38.0,2501,21587.609909
28.0,2501,21603.816656
33.0,2501,21643.44989
36.0,2501,21659.890836
39.0,2501,21671.793709
35.0,2501,21688.936165
32.0,2501,21702.127573
34.0,2501,21715.927133
40.0,2501,21727.428581
38.0,2501,21738.67198
44.0,2501,21754.166313
39.0,2501,21767.770015
36.0,2501,21782.000524
39.0,2501,21794.260694
35.0,2501,21815.805952
29.0,2501,21831.249771
31.0,2501,21843.163712
35.0,2501,21855.199527
40.0,2501,21867.18275
36.0,2501,21887.392488
32.0,2501,21904.987585
38.0,2501,21919.414661
35.0,2501,21930.257948
37.0,2501,21947.461361
31.0,2501,21965.160255
43.0,2501,21981.526941
34.0,2501,21996.332191
41.0,2501,22009.450516
42.0,2501,22028.907364
42.0,2501,22043.141464
39.0,2501,22057.815401
44.0,2501,22072.686072
39.0,2501,22085.792424
41.0,2501,22101.860901
44.0,2501,22114.764611
45.0,2501,22129.351674
30.0,2501,22144.151441
38.0,2501,22162.720077
36.0,2501,22175.36296
42.0,2501,22189.10673
39.0,2501,22203.28028
40.0,2501,22217.185804
40.0,2501,22261.575681
36.0,2501,22273.193338
47.0,2501,22286.791232
39.0,2501,22301.729962
42.0,2501,22320.425837
41.0,2501,22333.38844
47.0,2501,22345.342129
35.0,2501,22355.925984
37.0,2501,22366.236274
34.0,2501,22385.308696
39.0,2501,22398.211215
35.0,2501,22412.385905
40.0,2501,22424.086777
35.0,2501,22438.654981
35.0,2501,22452.616709
36.0,2501,22467.626434
41.0,2501,22481.873873
44.0,2501,22494.399651
45.0,2501,22512.162037
29.0,2501,22524.585862
38.0,2501,22539.331562
42.0,2501,22552.518654
31.0,2501,22574.173302
37.0,2501,22585.440039
41.0,2501,22595.267381
23.0,2501,22609.278762
40.0,2501,22621.503732
39.0,2501,22642.944957
40.0,2501,22660.402178
39.0,2501,22671.505019
36.0,2501,22681.718889
38.0,2501,22699.122502
40.0,2501,22715.389558
35.0,2501,22731.192951
38.0,2501,22745.140906
35.0,2501,22754.957641
40.0,2501,22773.993427
39.0,2501,22789.27479
34.0,2501,22806.113244
43.0,2501,22823.632835
39.0,2501,22858.399296
39.0,2501,22872.074662
42.0,2501,22887.372736
34.0,2501,22900.386101
33.0,2501,22913.499418
38.0,2501,22930.242247
36.0,2501,22944.018004
35.0,2501,22956.18184
36.0,2501,22972.521227
36.0,2501,22989.960015
42.0,2501,23004.078683
50.0,2501,23019.556885
30.0,2501,23030.543685
37.0,2501,23045.781877
40.0,2501,23064.662653
38.0,2501,23075.401406
39.0,2501,23088.019158
41.0,2501,23096.676861
42.0,2501,23110.455359
34.0,2501,23123.249455
42.0,2501,23134.148772
43.0,2501,23149.188352
35.0,2501,23159.270942
35.0,2501,23177.317509
40.0,2501,23194.639457
36.0,2501,23208.653966
36.0,2501,23223.641786
40.0,2501,23243.662016
43.0,2501,23254.858129
41.0,2501,23268.94144
43.0,2501,23282.07057
46.0,2501,23295.704421
42.0,2501,23317.849837
38.0,2501,23328.765861
43.0,2501,23343.084379
43.0,2501,23358.480508
45.0,2501,23379.600761
33.0,2501,23395.990017
38.0,2501,23409.977776
37.0,2501,23421.928918
41.0,2501,23463.87797
42.0,2501,23479.217089
49.0,2501,23491.187812
40.0,2501,23502.26781
40.0,2501,23514.470574
40.0,2501,23532.253014
34.0,2501,23548.118203
41.0,2501,23562.353656
43.0,2501,23576.745082
47.0,2501,23587.137511
42.0,2501,23605.508233
37.0,2501,23620.02237
40.0,2501,23635.645555
41.0,2501,23649.866654
37.0,2501,23664.620905
46.0,2501,23675.609464
40.0,2501,23690.671133
37.0,2501,23706.404061
38.0,2501,23721.875927
44.0,2501,23739.150296
45.0,2501,23751.363698
42.0,2501,23764.362439
41.0,2501,23780.896317
33.0,2501,23791.607992
46.0,2501,23808.006641
40.0,2501,23820.130376
40.0,2501,23829.552316
34.0,2501,23843.238808
39.0,2501,23861.775719
28.0,2501,23878.437083
37.0,2501,23888.852491
39.0,2501,23901.49353
36.0,2501,23912.581913
29.0,2501,23932.478279
38.0,2501,23945.259654
41.0,2501,23958.808937
33.0,2501,23972.374517
44.0,2501,23988.92494
39.0,2501,24005.083584
40.0,2501,24017.871013
36.0,2501,24057.895831
38.0,2501,24071.976887
32.0,2501,24092.020021
34.0,2501,24105.41248
39.0,2501,24117.498011
37.0,2501,24130.161976
41.0,2501,24149.049729
39.0,2501,24162.200924
45.0,2501,24179.381701
30.0,2501,24190.327822
39.0,2501,24202.608105
37.0,2501,24217.692394
42.0,2501,24230.163718
37.0,2501,24244.808389
33.0,2501,24261.800428
38.0,2501,24277.463853
39.0,2501,24289.720682
37.0,2501,24299.467818
42.0,2501,24309.497033
43.0,2501,24323.109849
34.0,2501,24342.33823
39.0,2501,24357.565556
33.0,2501,24371.511491
38.0,2501,24385.520509
42.0,2501,24406.692478
38.0,2501,24421.027556
35.0,2501,24432.614613
30.0,2501,24444.321479
37.0,2501,24456.120869
38.0,2501,24472.709632
32.0,2501,24483.592768
35.0,2501,24498.185177
29.0,2501,24514.377352
38.0,2501,24541.658683
37.0,2501,24563.905355
38.0,2501,24580.794772
36.0,2501,24595.663715
32.0,2501,24608.342222
34.0,2501,24630.385548
45.0,2501,24643.519419
34.0,2501,24682.591189
38.0,2501,24694.940884
36.0,2501,24709.378386
38.0,2501,24718.736556
31.0,2501,24731.431865
39.0,2501,24744.710688
35.0,2501,24757.752024
35.0,2501,24775.385603
42.0,2501,24785.230918
42.0,2501,24798.282216
39.0,2501,24817.391392
39.0,2501,24836.291426
31.0,2501,24848.593859
39.0,2501,24864.026233
48.0,2501,24880.132672
37.0,2501,24894.563979
48.0,2501,24915.373408
49.0,2501,24934.707211
44.0,2501,24951.035783
41.0,2501,24966.977478
34.0,2501,24984.260672
52.0,2501,24997.546236
47.0,2501,25015.560694
35.0,2501,25029.276329
36.0,2501,25048.716788
30.0,2501,25069.180847
39.0,2501,25079.967481
41.0,2501,25096.683829
42.0,2501,25112.899582
41.0,2501,25136.879594
31.0,2501,25156.60543
39.0,2501,25168.572095
34.0,2501,25181.181783
28.0,2501,25193.697654
37.0,2501,25211.712071
37.0,2501,25226.710678
44.0,2501,25240.685885
41.0,2501,25254.688242
38.0,2501,25276.551767
43.0,2501,25291.503093
40.0,2501,25325.886303
42.0,2501,25337.353795
39.0,2501,25351.605715
38.0,2501,25369.694316
16.0,2501,25382.178333
38.0,2501,25393.987933
37.0,2501,25408.196281
29.0,2501,25422.322271
25.0,2501,25447.871377
37.0,2501,25464.744894
39.0,2501,25479.320102
35.0,2501,25492.69014
35.0,2501,25511.536318
34.0,2501,25530.236611
32.0,2501,25545.378849
38.0,2501,25561.297349
33.0,2501,25572.977195
36.0,2501,25598.639123
33.0,2501,25611.766353
40.0,2501,25629.184155
33.0,2501,25641.10974
32.0,2501,25661.248685
39.0,2501,25672.221026
36.0,2501,25684.892036
48.0,2501,25698.34402
36.0,2501,25714.441612
39.0,2501,25736.200841
29.0,2501,25750.144146
36.0,2501,25765.135262
30.0,2501,25779.038884
37.0,2501,25797.121305
36.0,2501,25812.470366
36.0,2501,25826.518914
35.0,2501,25840.270304
30.0,2501,25853.469868
25.0,2501,25875.902648
31.0,2501,25889.754225
37.0,2501,25904.223804
38.0,2501,25920.406081
36.0,2501,25944.34508
32.0,2501,25989.829545
38.0,2501,26005.638141
38.0,2501,26024.040202
39.0,2501,26040.286403
38.0,2501,26056.595507
37.0,2501,26074.038808
37.0,2501,26087.861238
40.0,2501,26101.033287
42.0,2501,26118.225388
38.0,2501,26136.435341
34.0,2501,26155.597017
35.0,2501,26171.042273
40.0,2501,26182.867864
30.0,2501,26202.952798
34.0,2501,26216.682339
38.0,2501,26234.948649
39.0,2501,26249.69101
36.0,2501,26270.057615
31.0,2501,26283.155554
36.0,2501,26295.335843
35.0,2501,26306.964895
39.0,2501,26320.796501
35.0,2501,26344.3001
36.0,2501,26359.70529
36.0,2501,26374.968378
41.0,2501,26390.545493
37.0,2501,26408.754267
36.0,2501,26425.9238
37.0,2501,26439.360628
36.0,2501,26455.093375
39.0,2501,26471.779623
40.0,2501,26492.782361
41.0,2501,26506.419801
43.0,2501,26520.457839
38.0,2501,26534.849189
35.0,2501,26554.423557
34.0,2501,26570.992924
43.0,2501,26585.15908
37.0,2501,26598.254174
46.0,2501,26608.778819
42.0,2501,26660.763085
36.0,2501,26677.093894
37.0,2501,26688.915307
41.0,2501,26709.072933
36.0,2501,26728.501068
30.0,2501,26742.446199
39.0,2501,26757.077101
44.0,2501,26772.260292
35.0,2501,26792.114957
44.0,2501,26822.017237
42.0,2501,26838.29769
36.0,2501,26859.673779
32.0,2501,26881.97386
28.0,2501,26904.666074
37.0,2501,26921.994963
38.0,2501,26932.295101
32.0,2501,26944.680342
36.0,2501,26960.445387
29.0,2501,26981.649285
36.0,2501,27000.325556
33.0,2501,27016.704334
41.0,2501,27031.514296
28.0,2501,27049.62044
36.0,2501,27064.973768
37.0,2501,27084.930562
35.0,2501,27100.480783
39.0,2501,27118.287295
39.0,2501,27142.38975
31.0,2501,27157.325891
40.0,2501,27173.697937
39.0,2501,27189.293921
38.0,2501,27208.503121
39.0,2501,27223.926557
38.0,2501,27239.527156
41.0,2501,27253.947999
37.0,2501,27269.850748
28.0,2501,27295.505807
42.0,2501,27313.420601
40.0,2501,27325.124388
44.0,2501,27337.276141
43.0,2501,27388.44811
39.0,2501,27410.781503
30.0,2501,27422.926209
31.0,2501,27432.307152
34.0,2501,27443.896938
37.0,2501,27459.296031
41.0,2501,27472.097496
39.0,2501,27484.803954
39.0,2501,27501.091823
43.0,2501,27518.512735
35.0,2501,27538.373914
42.0,2501,27553.907118
41.0,2501,27572.45519
38.0,2501,27588.478395
41.0,2501,27611.386245
43.0,2501,27628.79528
41.0,2501,27645.928098
36.0,2501,27661.643566
39.0,2501,27676.224916
39.0,2501,27699.557045
38.0,2501,27713.195569
40.0,2501,27728.020151
38.0,2501,27746.135664
41.0,2501,27766.681619
40.0,2501,27784.412102
40.0,2501,27800.025232
40.0,2501,27819.412734
36.0,2501,27839.868025
37.0,2501,27864.293554
39.0,2501,27875.735699
35.0,2501,27887.724066
41.0,2501,27899.350137
40.0,2501,27924.849558
39.0,2501,27941.069424
45.0,2501,27958.137063
42.0,2501,27972.572562
39.0,2501,27987.426337
38.0,2501,28005.602019
31.0,2501,28021.928152
38.0,2501,28033.18839
34.0,2501,28079.5475
31.0,2501,28096.384066
41.0,2501,28109.497712
36.0,2501,28128.984567
32.0,2501,28144.458095
39.0,2501,28159.514451
40.0,2501,28179.254629
45.0,2501,28189.928578
41.0,2501,28200.880827
37.0,2501,28213.237748
43.0,2501,28232.542246
34.0,2501,28249.712032
42.0,2501,28264.89218
35.0,2501,28274.099738
35.0,2501,28284.259985
43.0,2501,28300.523995
42.0,2501,28317.381677
33.0,2501,28330.641617
40.0,2501,28340.448021
39.0,2501,28354.069056
42.0,2501,28363.146442
41.0,2501,28372.137393
35.0,2501,28382.926528
34.0,2501,28393.437333
33.0,2501,28412.701693
39.0,2501,28426.870849
37.0,2501,28439.124967
45.0,2501,28451.099895
42.0,2501,28470.113864
33.0,2501,28486.586096
38.0,2501,28500.808078
38.0,2501,28515.546245
35.0,2501,28527.065423
31.0,2501,28543.972432
41.0,2501,28558.623966
38.0,2501,28570.825132
39.0,2501,28585.455098
36.0,2501,28605.82012
44.0,2501,28619.358694
41.0,2501,28634.203011
45.0,2501,28673.319948
38.0,2501,28686.399465
39.0,2501,28701.585887
31.0,2501,28714.010921
40.0,2501,28729.91461
38.0,2501,28743.046229
38.0,2501,28763.853637
39.0,2501,28777.398341
38.0,2501,28791.368396
44.0,2501,28806.008796
37.0,2501,28822.14059
44.0,2501,28842.569268
35.0,2501,28856.837932
34.0,2501,28869.875338
37.0,2501,28883.413162
34.0,2501,28904.626098
40.0,2501,28919.318031
40.0,2501,28933.225643
29.0,2501,28944.080576
35.0,2501,28955.017073
37.0,2501,28973.420905
41.0,2501,28987.189156
39.0,2501,29006.108001
37.0,2501,29018.934244
38.0,2501,29030.341503
33.0,2501,29048.340869
36.0,2501,29064.319233
44.0,2501,29079.275471
39.0,2501,29093.529301
40.0,2501,29111.702354
38.0,2501,29123.415411
36.0,2501,29138.771811
43.0,2501,29152.942743
38.0,2501,29168.063745
41.0,2501,29184.78532
43.0,2501,29196.933414
43.0,2501,29209.625529
39.0,2501,29219.623271
28.0,2501,29233.791139
32.0,2501,29246.670343
39.0,2501,29280.527814
38.0,2501,29297.890776
40.0,2501,29311.932459
36.0,2501,29331.430638
38.0,2501,29342.593988
42.0,2501,29355.295573
42.0,2501,29368.197337
48.0,2501,29387.818135
40.0,2501,29402.864848
40.0,2501,29419.042152
35.0,2501,29432.081626
36.0,2501,29444.533482
42.0,2501,29464.034184
44.0,2501,29481.176838
33.0,2501,29499.304733
43.0,2501,29514.444003
42.0,2501,29531.190292
41.0,2501,29545.856444
34.0,2501,29564.726105
42.0,2501,29580.838182
39.0,2501,29593.960114
39.0,2501,29608.662341
44.0,2501,29623.07322
37.0,2501,29637.397595
42.0,2501,29654.35667
36.0,2501,29679.612563
42.0,2501,29691.420671
41.0,2501,29703.134482
38.0,2501,29715.697728
4.0,2501,29729.470877
46.0,2501,29750.506043
42.0,2501,29762.279777
47.0,2501,29772.921038
42.0,2501,29785.593209
51.0,2501,29801.084042
40.0,2501,29815.967682
37.0,2501,29829.64005
47.0,2501,29841.279211
42.0,2501,29852.63285
41.0,2501,29871.545882
29.0,2501,29919.305945
43.0,2501,29931.755377
45.0,2501,29944.278915
38.0,2501,29964.23311
46.0,2501,29979.448342
45.0,2501,29993.567793
46.0,2501,30008.047785
34.0,2501,30020.116185
37.0,2501,30035.715367
37.0,2501,30050.121726
36.0,2501,30063.41353
40.0,2501,30076.322976
35.0,2501,30096.670825
40.0,2501,30109.213644
36.0,2501,30120.514935
33.0,2501,30131.57716
38.0,2501,30146.966315
30.0,2501,30166.568332
37.0,2501,30179.048164
44.0,2501,30191.338278
38.0,2501,30205.460485
36.0,2501,30227.381652
31.0,2501,30245.563141
42.0,2501,30258.063439
43.0,2501,30268.971078
40.0,2501,30278.505544
31.0,2501,30298.610486
38.0,2501,30311.138626
29.0,2501,30321.901399
37.0,2501,30334.340353
36.0,2501,30352.224677
36.0,2501,30365.490747
37.0,2501,30380.665542
39.0,2501,30395.909437
41.0,2501,30408.629188
44.0,2501,30427.462184
31.0,2501,30438.756827
36.0,2501,30450.090864
44.0,2501,30461.200386
34.0,2501,30479.433851
32.0,2501,30524.05073
45.0,2501,30540.305177
38.0,2501,30551.779276
39.0,2501,30563.866368
40.0,2501,30582.849354
37.0,2501,30594.964314
46.0,2501,30608.581815
36.0,2501,30620.726018
28.0,2501,30632.064613
36.0,2501,30649.370388
36.0,2501,30663.59408
37.0,2501,30675.352184
32.0,2501,30689.260183
22.0,2501,30709.684997
42.0,2501,30720.39274
35.0,2501,30734.130226
35.0,2501,30748.047004
38.0,2501,30763.389509
32.0,2501,30778.677234
32.0,2501,30791.294811
39.0,2501,30805.506714
35.0,2501,30819.397981
27.0,2501,30836.458941
33.0,2501,30846.597466
27.0,2501,30859.034651
31.0,2501,30871.206902
33.0,2501,30883.545782
31.0,2501,30900.611804
35.0,2501,30914.666039
29.0,2501,30928.444561
37.0,2501,30941.218427
36.0,2501,30961.577761
31.0,2501,30973.642515
27.0,2501,30989.180052
31.0,2501,31002.3146
31.0,2501,31014.146812
35.0,2501,31033.452715
37.0,2501,31049.50954
37.0,2501,31062.379941
35.0,2501,31076.157153
29.0,2501,31127.588631
36.0,2501,31144.633004
39.0,2501,31159.637776
32.0,2501,31172.264802
40.0,2501,31183.279961
35.0,2501,31199.406649
30.0,2501,31213.411661
31.0,2501,31227.729286
34.0,2501,31241.017248
30.0,2501,31257.626754
32.0,2501,31269.272978
34.0,2501,31284.845941
35.0,2501,31301.703369
36.0,2501,31316.472477
32.0,2501,31331.514943
35.0,2501,31341.82068
35.0,2501,31351.326463
37.0,2501,31363.593151
36.0,2501,31380.592852
36.0,2501,31393.23983
35.0,2501,31406.187662
37.0,2501,31416.850882
32.0,2501,31427.508577
38.0,2501,31443.589509
36.0,2501,31456.258056
33.0,2501,31467.583076
39.0,2501,31478.575881
37.0,2501,31504.278016
39.0,2501,31517.885952
41.0,2501,31529.764146
36.0,2501,31539.688978
37.0,2501,31552.947741
41.0,2501,31572.099864
32.0,2501,31581.987794
44.0,2501,31592.657708
47.0,2501,31603.988278
41.0,2501,31623.600715
36.0,2501,31638.629481
42.0,2501,31652.461788
39.0,2501,31663.852587
28.0,2501,31699.417061
41.0,2501,31714.504067
39.0,2501,31726.779378
34.0,2501,31741.279635
30.0,2501,31752.079956
30.0,2501,31766.741802
29.0,2501,31781.061207
30.0,2501,31796.162314
34.0,2501,31810.445085
38.0,2501,31822.23088
40.0,2501,31838.130389
31.0,2501,31848.687508
36.0,2501,31859.658118
37.0,2501,31873.163727
35.0,2501,31893.629395
39.0,2501,31903.981165
43.0,2501,31916.936286
40.0,2501,31932.182806
38.0,2501,31944.16373
31.0,2501,31962.739909
36.0,2501,31969.904917
31.0,2501,31979.747883
41.0,2501,31994.096971
30.0,2501,32014.56285
32.0,2501,32030.264828
30.0,2501,32045.720716
30.0,2501,32060.580885
36.0,2501,32071.323984
40.0,2501,32089.136737
36.0,2501,32105.618509
37.0,2501,32119.748697
41.0,2501,32130.029203
31.0,2501,32148.587905
35.0,2501,32166.434402
32.0,2501,32182.644202
37.0,2501,32195.974293
40.0,2501,32206.217794
43.0,2501,32221.503695
43.0,2501,32235.118248
35.0,2501,32250.388561
42.0,2501,32297.173206
32.0,2501,32307.863061
35.0,2501,32329.43639
39.0,2501,32345.373392
33.0,2501,32359.994705
35.0,2501,32366.881755
34.0,2501,32378.563415
32.0,2501,32397.829997
37.0,2501,32415.693364
31.0,2501,32432.798725
38.0,2501,32446.292083
39.0,2501,32462.523414
36.0,2501,32474.481167
38.0,2501,32488.136415
35.0,2501,32498.084962
38.0,2501,32515.09842
44.0,2501,32529.584413
38.0,2501,32543.053433
35.0,2501,32556.434955
21.0,2501,32572.121631
40.0,2501,32592.669959
30.0,2501,32609.493816
39.0,2501,32622.056977
39.0,2501,32636.045118
38.0,2501,32656.951319
36.0,2501,32669.943665
35.0,2501,32684.233104
39.0,2501,32699.207914
38.0,2501,32714.762688
38.0,2501,32732.236109
31.0,2501,32745.364884
29.0,2501,32760.468421
23.0,2501,32776.801336
33.0,2501,32794.273514
35.0,2501,32807.3746
28.0,2501,32823.145724
45.0,2501,32838.927449
41.0,2501,32854.960837
42.0,2501,32872.7453
32.0,2501,32886.222626
27.0,2501,32935.607013
35.0,2501,32954.921266
29.0,2501,32971.578933
30.0,2501,32985.241197
34.0,2501,32999.297413
33.0,2501,33011.377999
37.0,2501,33028.673089
24.0,2501,33049.489823
40.0,2501,33063.236437
42.0,2501,33078.753207
30.0,2501,33094.840812
43.0,2501,33114.606081
28.0,2501,33130.941768
34.0,2501,33144.467973
26.0,2501,33156.086358
34.0,2501,33166.346456
35.0,2501,33186.101857
30.0,2501,33199.813716
31.0,2501,33214.001579
26.0,2501,33225.556833
32.0,2501,33242.851133
37.0,2501,33260.136348
28.0,2501,33279.231584
30.0,2501,33296.185534
31.0,2501,33306.685915
31.0,2501,33323.262673
34.0,2501,33340.245055
29.0,2501,33356.793209
36.0,2501,33375.223824
29.0,2501,33391.038662
36.0,2501,33401.317389
34.0,2501,33416.339609
30.0,2501,33431.548667
35.0,2501,33445.246274
39.0,2501,33465.892227
31.0,2501,33477.976563
34.0,2501,33489.53881
35.0,2501,33504.337018
37.0,2501,33527.734171
33.0,2501,33540.769768
40.0,2501,33580.740816
38.0,2501,33594.270047
35.0,2501,33610.315556
38.0,2501,33629.052178
35.0,2501,33642.603501
30.0,2501,33654.957813
27.0,2501,33666.61886
30.0,2501,33685.928382
34.0,2501,33699.538425
28.0,2501,33714.601759
41.0,2501,33727.69203
38.0,2501,33740.665931
35.0,2501,33759.621733
30.0,2501,33775.354925
35.0,2501,33788.101206
36.0,2501,33802.328909
31.0,2501,33816.85729
38.0,2501,33829.403945
31.0,2501,33840.373008
28.0,2501,33853.755369
40.0,2501,33871.477044
38.0,2501,33895.238693
40.0,2501,33908.420296
30.0,2501,33923.251916
31.0,2501,33937.69982
32.0,2501,33952.863
30.0,2501,33970.562901
36.0,2501,33982.258426
35.0,2501,33994.942009
34.0,2501,34007.446193
39.0,2501,34028.295434
30.0,2501,34044.141938
34.0,2501,34060.318394
33.0,2501,34072.333923
36.0,2501,34083.336417
33.0,2501,34103.02635
34.0,2501,34118.091977
28.0,2501,34133.797454
27.0,2501,34146.818069
29.0,2501,34165.637318
33.0,2501,34213.226934
34.0,2501,34227.843584
38.0,2501,34243.089017
40.0,2501,34255.287665
36.0,2501,34273.924089
41.0,2501,34286.634964
38.0,2501,34297.87734
34.0,2501,34310.370773
38.0,2501,34325.365999
37.0,2501,34336.873849
36.0,2501,34349.811701
41.0,2501,34364.368331
32.0,2501,34380.859872
30.0,2501,34398.841692
41.0,2501,34410.706229
40.0,2501,34422.60099
40.0,2501,34436.192666
32.0,2501,34452.47523
38.0,2501,34468.134336
32.0,2501,34478.103142
39.0,2501,34490.343463
38.0,2501,34503.074287
37.0,2501,34519.681353
27.0,2501,34536.294745
39.0,2501,34552.372884
47.0,2501,34564.120894
41.0,2501,34579.989271
36.0,2501,34593.766658
35.0,2501,34607.10943
33.0,2501,34624.110461
35.0,2501,34637.402451
44.0,2501,34652.999433
37.0,2501,34663.992636
41.0,2501,34674.017377
37.0,2501,34689.277799
31.0,2501,34710.311852
36.0,2501,34720.777371
42.0,2501,34734.293396
37.0,2501,34746.573024
36.0,2501,34761.393389
34.0,2501,34814.591185
43.0,2501,34828.500306
32.0,2501,34842.332607
41.0,2501,34857.806656
42.0,2501,34875.444152
38.0,2501,34891.032455
32.0,2501,34905.230768
40.0,2501,34918.455712
33.0,2501,34931.76591
37.0,2501,34952.915063
36.0,2501,34964.36712
29.0,2501,34977.92952
41.0,2501,34986.535923
37.0,2501,35001.353901
22.0,2501,35014.137033
39.0,2501,35025.787965
29.0,2501,35041.963174
33.0,2501,35054.641834
33.0,2501,35069.109274
43.0,2501,35080.598616
42.0,2501,35096.201742
29.0,2501,35108.960593
41.0,2501,35129.987173
38.0,2501,35144.646654
31.0,2501,35155.83026
29.0,2501,35168.075564
43.0,2501,35181.792539
27.0,2501,35199.876555
44.0,2501,35215.354039
35.0,2501,35227.308531
38.0,2501,35240.020463
39.0,2501,35255.589308
41.0,2501,35269.683392
43.0,2501,35285.665538
33.0,2501,35299.396111
35.0,2501,35312.776489
34.0,2501,35329.702143
28.0,2501,35345.65575
35.0,2501,35361.4137
38.0,2501,35377.146323
28.0,2501,35418.908674
35.0,2501,35432.195265
44.0,2501,35445.672347
26.0,2501,35459.576015
33.0,2501,35474.489161
35.0,2501,35489.961941
39.0,2501,35504.379813
19.0,2501,35519.922004
32.0,2501,35534.947956
36.0,2501,35553.566695
36.0,2501,35567.645938
35.0,2501,35578.317015
34.0,2501,35589.075319
30.0,2501,35600.868142
43.0,2501,35622.406525
42.0,2501,35635.130138
40.0,2501,35649.510359
31.0,2501,35659.842779
30.0,2501,35671.582223
40.0,2501,35690.014367
42.0,2501,35704.687424
34.0,2501,35719.82912
35.0,2501,35734.742218
33.0,2501,35751.062449
31.0,2501,35764.851489
34.0,2501,35780.212151
31.0,2501,35793.603324
39.0,2501,35803.537048
36.0,2501,35817.400427
39.0,2501,35828.218323
35.0,2501,35840.368493
34.0,2501,35854.446954
31.0,2501,35873.87101
40.0,2501,35891.174924
32.0,2501,35903.851623
28.0,2501,35916.243276
37.0,2501,35926.64145
39.0,2501,35946.952688
39.0,2501,35959.830032
34.0,2501,35971.12688
35.0,2501,36008.829681
37.0,2501,36027.149393
41.0,2501,36040.343464
30.0,2501,36058.594781
40.0,2501,36071.207884
37.0,2501,36084.973269
33.0,2501,36102.719378
38.0,2501,36114.196075
35.0,2501,36128.532325
30.0,2501,36138.649684
37.0,2501,36157.27727
28.0,2501,36169.646552
41.0,2501,36181.266057
32.0,2501,36197.983815
41.0,2501,36213.367415
38.0,2501,36235.776321
37.0,2501,36247.86709
33.0,2501,36259.729769
36.0,2501,36275.449722
35.0,2501,36296.546942
39.0,2501,36310.336309
32.0,2501,36324.345231
41.0,2501,36339.356391
32.0,2501,36356.693814
27.0,2501,36377.506755
34.0,2501,36392.26533
27.0,2501,36404.434389
25.0,2501,36416.858353
33.0,2501,36437.598766
34.0,2501,36454.622987
32.0,2501,36469.938817
34.0,2501,36484.47694
38.0,2501,36500.667196
41.0,2501,36521.689348
34.0,2501,36531.709779
14.0,2501,36545.581095
34.0,2501,36558.454601
24.0,2501,36575.130154
28.0,2501,36589.33129
38.0,2501,36603.270247
30.0,2501,36645.662247
33.0,2501,36656.731915
34.0,2501,36674.223079
37.0,2501,36685.338605
31.0,2501,36701.052776
33.0,2501,36716.182916
35.0,2501,36732.268233
38.0,2501,36744.708554
34.0,2501,36758.395382
29.0,2501,36771.108266
36.0,2501,36787.124758
33.0,2501,36805.853482
27.0,2501,36819.797206
30.0,2501,36831.681732
27.0,2501,36846.292272
32.0,2501,36859.828633
26.0,2501,36877.473468
25.0,2501,36892.439058
35.0,2501,36905.264514
30.0,2501,36917.755289
31.0,2501,36936.370256
34.0,2501,36949.30299
35.0,2501,36966.902262
33.0,2501,36981.538888
37.0,2501,37001.158424
30.0,2501,37015.584471
25.0,2501,37030.166315
33.0,2501,37045.696558
38.0,2501,37062.660548
27.0,2501,37077.151615
32.0,2501,37088.124923
36.0,2501,37099.19641
41.0,2501,37114.99749
35.0,2501,37133.360271
38.0,2501,37150.599945
38.0,2501,37167.413919
5.0,2501,37176.909328
26.0,2501,37187.259489
37.0,2501,37205.473252
30.0,2501,37221.703735
32.0,2501,37272.765671
41.0,2501,37291.953238
44.0,2501,37313.785458
36.0,2501,37335.133498
35.0,2501,37349.758329
34.0,2501,37364.14347
35.0,2501,37384.932532
37.0,2501,37405.877579
34.0,2501,37420.172359
36.0,2501,37442.027986
36.0,2501,37457.096852
32.0,2501,37468.820945
43.0,2501,37485.056968
37.0,2501,37508.359282
34.0,2501,37526.025491
29.0,2501,37545.271456
36.0,2501,37561.907629
34.0,2501,37571.986027
36.0,2501,37591.00001
28.0,2501,37617.447644
34.0,2501,37633.303824
26.0,2501,37654.65018
21.0,2501,37670.809015
39.0,2501,37683.86606
22.0,2501,37704.912818
36.0,2501,37741.773522
24.0,2501,37761.942885
34.0,2501,37788.197604
31.0,2501,37813.896353
32.0,2501,37831.311226
29.0,2501,37852.415966
31.0,2501,37868.271652
28.0,2501,37878.946475
30.0,2501,37904.289721
31.0,2501,37936.739383
36.0,2501,37957.80831
27.0,2501,37982.354595
34.0,2501,38003.116414
27.0,2501,38030.740342
34.0,2501,38090.194178
43.0,2501,38109.750669
33.0,2501,38135.648354
40.0,2501,38153.205062
43.0,2501,38183.082885
29.0,2501,38211.436171
34.0,2501,38244.334517
32.0,2501,38266.004376
37.0,2501,38294.196912
33.0,2501,38328.273089
37.0,2501,38350.974495
33.0,2501,38381.210129
25.0,2501,38405.744615
27.0,2501,38434.134231
31.0,2501,38457.570356
36.0,2501,38486.389873
40.0,2501,38513.848566
34.0,2501,38533.604753
39.0,2501,38564.393746
28.0,2501,38585.145159
33.0,2501,38608.398412
31.0,2501,38635.03701
31.0,2501,38671.565357
29.0,2501,38700.082366
31.0,2501,38714.291918
33.0,2501,38736.81583
31.0,2501,38758.923193
37.0,2501,38793.352535
38.0,2501,38820.625583
27.0,2501,38849.46813
28.0,2501,38872.950363
30.0,2501,38892.558388
33.0,2501,38915.278427
30.0,2501,38943.973104
32.0,2501,38969.512723
28.0,2501,38992.966525
29.0,2501,39025.586145
35.0,2501,39047.653669
31.0,2501,39071.646723
35.0,2501,39094.70936
41.0,2501,39195.414297
31.0,2501,39216.932289
25.0,2501,39238.030282
35.0,2501,39266.890148
30.0,2501,39292.329262
38.0,2501,39322.541259
38.0,2501,39340.265514
32.0,2501,39358.130902
36.0,2501,39376.90767
36.0,2501,39401.64996
35.0,2501,39427.438714
35.0,2501,39450.322093
39.0,2501,39469.919195
36.0,2501,39487.316149
33.0,2501,39513.949465
30.0,2501,39536.023867
36.0,2501,39562.285324
31.0,2501,39590.454257
41.0,2501,39623.607163
28.0,2501,39638.957768
37.0,2501,39658.307125
25.0,2501,39677.702536
30.0,2501,39703.779744
27.0,2501,39739.248378
35.0,2501,39760.778086
32.0,2501,39776.68195
28.0,2501,39795.118752
37.0,2501,39820.642108
37.0,2501,39841.036316
31.0,2501,39863.583803
34.0,2501,39879.660108
27.0,2501,39899.94089
28.0,2501,39924.079114
34.0,2501,39940.477506
30.0,2501,39959.830765
25.0,2501,39986.821705
25.0,2501,40018.660264
41.0,2501,40061.288817
25.0,2501,40087.624999
35.0,2501,40113.511686
32.0,2501,40186.21365
37.0,2501,40214.695607
39.0,2501,40230.122954
39.0,2501,40245.604976
34.0,2501,40264.935902
44.0,2501,40290.967388
37.0,2501,40322.899917
33.0,2501,40352.752097
36.0,2501,40371.439421
41.0,2501,40390.118306
27.0,2501,40414.24162
40.0,2501,40439.957208
30.0,2501,40469.263609
25.0,2501,40492.91785
30.0,2501,40513.353662
31.0,2501,40534.720247
30.0,2501,40548.202005
39.0,2501,40563.744254
44.0,2501,40586.077988
37.0,2501,40615.679985
42.0,2501,40631.085668
35.0,2501,40644.898302
37.0,2501,40661.013656
37.0,2501,40679.123668
38.0,2501,40707.741455
30.0,2501,40731.631835
36.0,2501,40751.858488
37.0,2501,40771.06353
41.0,2501,40795.775969
36.0,2501,40815.605562
28.0,2501,40834.575963
36.0,2501,40856.786717
31.0,2501,40876.269087
23.0,2501,40906.435195
25.0,2501,40922.44804
29.0,2501,40938.771169
32.0,2501,40958.864639
38.0,2501,40986.378591
37.0,2501,41000.883941
34.0,2501,41021.261298
38.0,2501,41073.090683
37.0,2501,41088.9294
38.0,2501,41123.491976
44.0,2501,41143.605684
34.0,2501,41160.121239
32.0,2501,41176.272505
40.0,2501,41194.584092
38.0,2501,41215.118124
38.0,2501,41238.585419
32.0,2501,41259.515773
35.0,2501,41279.551962
30.0,2501,41303.706719
35.0,2501,41320.112191
38.0,2501,41339.712014
33.0,2501,41366.470956
35.0,2501,41401.194732
39.0,2501,41424.117295
35.0,2501,41437.129046
39.0,2501,41452.245439
34.0,2501,41470.426354
39.0,2501,41496.317785
29.0,2501,41514.791132
33.0,2501,41537.473328
37.0,2501,41551.307111
37.0,2501,41574.765522
36.0,2501,41595.830323
29.0,2501,41613.163121
32.0,2501,41629.179045
33.0,2501,41650.892377
34.0,2501,41674.913814
29.0,2501,41691.289642
39.0,2501,41705.71311
35.0,2501,41722.18395
38.0,2501,41753.525921
33.0,2501,41776.055721
33.0,2501,41796.279269
27.0,2501,41811.506274
34.0,2501,41827.809287
37.0,2501,41858.44959
30.0,2501,41877.818594
36.0,2501,41924.677164
37.0,2501,41940.345713
38.0,2501,41970.701205
38.0,2501,41991.207048
36.0,2501,42013.732927
18.0,2501,42035.679546
30.0,2501,42055.602987
36.0,2501,42083.132124
25.0,2501,42106.216231
40.0,2501,42130.441988
30.0,2501,42153.565996
28.0,2501,42178.541385
39.0,2501,42196.361487
32.0,2501,42217.760982
33.0,2501,42242.92119
42.0,2501,42267.153974
28.0,2501,42297.521836
38.0,2501,42311.902769
32.0,2501,42324.112972
31.0,2501,42338.404759
35.0,2501,42358.587419
35.0,2501,42389.860824
34.0,2501,42409.164021
29.0,2501,42423.105615
35.0,2501,42437.15155
31.0,2501,42465.347846
32.0,2501,42481.363981
36.0,2501,42502.17887
28.0,2501,42521.298204
28.0,2501,42546.039035
37.0,2501,42570.560701
35.0,2501,42588.597233
34.0,2501,42607.215496
35.0,2501,42626.366021
34.0,2501,42659.887689
28.0,2501,42681.403857
26.0,2501,42697.562812
39.0,2501,42713.304282
34.0,2501,42735.132092
25.0,2501,42774.715141
35.0,2501,42830.174701
33.0,2501,42845.958308
35.0,2501,42870.451215
25.0,2501,42895.932854
31.0,2501,42919.035651
38.0,2501,42936.253817
35.0,2501,42950.791798
32.0,2501,42966.8228
32.0,2501,42994.698299
22.0,2501,43016.914115
38.0,2501,43035.18902
30.0,2501,43055.630144
34.0,2501,43082.688498
35.0,2501,43097.921999
31.0,2501,43113.704928
34.0,2501,43137.513252
36.0,2501,43159.96614
44.0,2501,43194.012628
38.0,2501,43211.10804
45.0,2501,43227.166989
44.0,2501,43243.07886
38.0,2501,43275.65371
30.0,2501,43294.937881
40.0,2501,43316.856652
30.0,2501,43331.520556
21.0,2501,43347.626161
42.0,2501,43371.627913
40.0,2501,43392.909198
39.0,2501,43410.904758
34.0,2501,43426.692532
36.0,2501,43454.597994
38.0,2501,43472.502635
37.0,2501,43490.173738
34.0,2501,43511.124328
35.0,2501,43528.746872
32.0,2501,43560.117658
37.0,2501,43578.187722
40.0,2501,43596.497002
30.0,2501,43614.505574
39.0,2501,43646.907713
33.0,2501,43699.9359
34.0,2501,43716.074621
36.0,2501,43728.693451
42.0,2501,43744.823449
34.0,2501,43773.601147
38.0,2501,43796.132755
36.0,2501,43815.325788
32.0,2501,43832.119894
37.0,2501,43855.129656
40.0,2501,43875.143039
39.0,2501,43895.477369
31.0,2501,43915.980748
39.0,2501,43933.022728
34.0,2501,43958.491938
39.0,2501,43973.495812
38.0,2501,43995.075424
13.0,2501,44013.914665
37.0,2501,44044.121846
20.0,2501,44066.128189
30.0,2501,44078.932206
31.0,2501,44091.53615
30.0,2501,44104.58924
39.0,2501,44134.170246
36.0,2501,44153.57839
37.0,2501,44176.661687
27.0,2501,44193.701636
29.0,2501,44213.312677
34.0,2501,44226.192378
30.0,2501,44253.321849
31.0,2501,44272.481998
37.0,2501,44290.657626
42.0,2501,44316.24925
31.0,2501,44330.840589
27.0,2501,44342.863211
32.0,2501,44363.349212
29.0,2501,44393.246136
28.0,2501,44417.190797
41.0,2501,44435.053526
36.0,2501,44451.844621
32.0,2501,44467.274863
39.0,2501,44525.27372
33.0,2501,44542.21374
33.0,2501,44556.525066
35.0,2501,44574.556312
35.0,2501,44592.240134
40.0,2501,44622.441468
30.0,2501,44641.012736
31.0,2501,44663.300074
35.0,2501,44678.217176
35.0,2501,44704.549109
29.0,2501,44724.753391
32.0,2501,44741.178418
37.0,2501,44762.929633
32.0,2501,44783.245175
30.0,2501,44807.556279
36.0,2501,44823.259225
31.0,2501,44841.85798
33.0,2501,44862.093398
33.0,2501,44894.15958
35.0,2501,44913.129942
35.0,2501,44930.164277
31.0,2501,44947.693907
28.0,2501,44968.422748
27.0,2501,44992.652192
35.0,2501,45016.669704
25.0,2501,45034.855963
38.0,2501,45050.508425
32.0,2501,45080.756382
37.0,2501,45104.575481
35.0,2501,45123.716514
33.0,2501,45140.476267
20.0,2501,45155.236304
37.0,2501,45182.146427
31.0,2501,45206.548794
34.0,2501,45227.924219
32.0,2501,45249.560334
37.0,2501,45269.195433
26.0,2501,45288.454134
27.0,2501,45311.937333
33.0,2501,45322.887466
21.0,2501,45352.881424
30.0,2501,45368.609419
32.0,2501,45380.124062
26.0,2501,45392.059186
33.0,2501,45405.177035
27.0,2501,45417.530533
19.0,2501,45426.18258
30.0,2501,45436.172293
30.0,2501,45445.628114
20.0,2501,45458.43699
44.0,2501,45474.711987
40.0,2501,45485.514111
30.0,2501,45497.933036
37.0,2501,45509.208817
35.0,2501,45525.451202
32.0,2501,45542.260007
36.0,2501,45555.11031
38.0,2501,45567.07073
31.0,2501,45578.643993
29.0,2501,45595.329335
37.0,2501,45608.142777
34.0,2501,45621.182395
26.0,2501,45631.100418
39.0,2501,45643.879981
44.0,2501,45652.535197
34.0,2501,45664.296377
32.0,2501,45677.426342
32.0,2501,45690.538097
33.0,2501,45704.336728
25.0,2501,45712.305808
34.0,2501,45721.461401
35.0,2501,45733.13086
35.0,2501,45749.606042
33.0,2501,45760.610194
35.0,2501,45771.276935
34.0,2501,45783.861078
30.0,2501,45795.348771
32.0,2501,45814.231529
27.0,2501,45828.113565
36.0,2501,45841.113331
27.0,2501,45875.842036
39.0,2501,45892.382664
31.0,2501,45906.958874
33.0,2501,45921.606303
37.0,2501,45931.385528
23.0,2501,45941.725067
36.0,2501,45957.277961
31.0,2501,45968.718555
29.0,2501,45978.294889
40.0,2501,45989.229739
33.0,2501,46003.333666
32.0,2501,46013.392323
32.0,2501,46024.441841
34.0,2501,46037.116155
42.0,2501,46049.927979
31.0,2501,46063.590185
33.0,2501,46076.107457
33.0,2501,46091.378525
37.0,2501,46105.993456
32.0,2501,46125.390392
40.0,2501,46137.024923
35.0,2501,46152.303279
31.0,2501,46167.449209
33.0,2501,46184.500499
35.0,2501,46205.276706
35.0,2501,46217.371311
37.0,2501,46232.022481
23.0,2501,46246.519763
38.0,2501,46264.071992
31.0,2501,46278.677105
30.0,2501,46289.196587
37.0,2501,46297.949561
36.0,2501,46308.267875
24.0,2501,46324.164194
39.0,2501,46336.703649
30.0,2501,46347.806607
35.0,2501,46357.976821
31.0,2501,46366.99338
35.0,2501,46380.696556
31.0,2501,46392.711535
38.0,2501,46429.792457
33.0,2501,46439.313278
41.0,2501,46456.48001
39.0,2501,46471.697786
33.0,2501,46486.123569
40.0,2501,46498.664984
37.0,2501,46509.260793
40.0,2501,46524.719804
34.0,2501,46534.264112
25.0,2501,46545.42825
37.0,2501,46558.811924
34.0,2501,46575.518883
44.0,2501,46587.764619
22.0,2501,46598.156692
38.0,2501,46609.038581
40.0,2501,46620.492916
40.0,2501,46643.136914
38.0,2501,46657.212456
34.0,2501,46669.591447
19.0,2501,46679.682434
36.0,2501,46693.706183
37.0,2501,46704.811043
30.0,2501,46715.53717
34.0,2501,46726.641428
38.0,2501,46740.884248
37.0,2501,46757.96576
38.0,2501,46771.054205
41.0,2501,46784.301029
43.0,2501,46798.839165
33.0,2501,46818.89157
30.0,2501,46831.261062
41.0,2501,46842.260081
36.0,2501,46852.837023
34.0,2501,46865.669946
40.0,2501,46882.563413
35.0,2501,46893.648721
32.0,2501,46904.251556
39.0,2501,46914.166806
35.0,2501,46932.095023
36.0,2501,46946.117143
37.0,2501,46983.894228
38.0,2501,46997.271597
25.0,2501,47008.469404
36.0,2501,47025.598262
40.0,2501,47036.851729
31.0,2501,47047.026322
26.0,2501,47058.493168
30.0,2501,47074.903542
26.0,2501,47087.324048
33.0,2501,47098.747133
33.0,2501,47112.402166
30.0,2501,47125.846404
28.0,2501,47146.945046
32.0,2501,47163.297716
35.0,2501,47174.967582
37.0,2501,47191.856667
30.0,2501,47213.27678
26.0,2501,47226.971753
40.0,2501,47239.086354
26.0,2501,47248.778105
37.0,2501,47260.272386
35.0,2501,47276.329521
36.0,2501,47286.391897
36.0,2501,47297.333626
40.0,2501,47306.553331
30.0,2501,47321.413978
33.0,2501,47332.236156
28.0,2501,47345.840115
37.0,2501,47358.290486
34.0,2501,47368.088583
36.0,2501,47382.675031
41.0,2501,47395.154065
42.0,2501,47412.103213
39.0,2501,47431.627921
36.0,2501,47454.851107
43.0,2501,47466.020886
34.0,2501,47476.488295
36.0,2501,47487.178644
44.0,2501,47499.616169
36.0,2501,47517.483628
43.0,2501,47544.273516
34.0,2501,47553.586216
40.0,2501,47565.694359
36.0,2501,47583.2852
32.0,2501,47594.622329
32.0,2501,47605.678555
40.0,2501,47614.769794
28.0,2501,47624.848717
33.0,2501,47642.370058
36.0,2501,47653.062696
35.0,2501,47665.36416
35.0,2501,47678.194083
33.0,2501,47698.097676
34.0,2501,47712.473744
33.0,2501,47723.702783
42.0,2501,47739.954129
36.0,2501,47756.692384
33.0,2501,47782.338024
31.0,2501,47800.46928
29.0,2501,47817.828984
30.0,2501,47839.449092
34.0,2501,47862.103212
34.0,2501,47888.253515
31.0,2501,47902.565626
36.0,2501,47914.415088
36.0,2501,47932.806288
29.0,2501,47951.152328
35.0,2501,47966.33454
40.0,2501,47980.304282
30.0,2501,47992.928763
37.0,2501,48008.713996
32.0,2501,48028.76916
26.0,2501,48044.835345
30.0,2501,48058.564158
47.0,2501,48071.929951
39.0,2501,48091.511786
39.0,2501,48111.668071
38.0,2501,48130.794649
32.0,2501,48142.735573
34.0,2501,48157.976061
33.0,2501,48213.018856
38.0,2501,48233.261317
35.0,2501,48246.532123
35.0,2501,48259.113463
34.0,2501,48279.159451
38.0,2501,48294.429833
32.0,2501,48315.698215
34.0,2501,48331.636838
37.0,2501,48345.996763
41.0,2501,48367.876066
37.0,2501,48383.899603
35.0,2501,48398.113872
32.0,2501,48410.007514
31.0,2501,48424.579432
38.0,2501,48441.482883
33.0,2501,48453.412418
34.0,2501,48467.759947
30.0,2501,48482.973219
34.0,2501,48505.253974
39.0,2501,48523.055047
36.0,2501,48539.924682
33.0,2501,48557.479619
30.0,2501,48575.021297
34.0,2501,48590.48888
42.0,2501,48608.263104
41.0,2501,48625.476361
33.0,2501,48640.915643
32.0,2501,48660.174179
34.0,2501,48675.588936
35.0,2501,48690.469563
37.0,2501,48708.728338
37.0,2501,48724.182857
33.0,2501,48737.499472
38.0,2501,48751.757499
33.0,2501,48761.911942
37.0,2501,48773.794246
46.0,2501,48794.111314
27.0,2501,48813.361284
38.0,2501,48827.428206
39.0,2501,48841.926166
34.0,2501,48891.609525
30.0,2501,48908.552694
32.0,2501,48920.344284
29.0,2501,48931.784652
31.0,2501,48947.426819
38.0,2501,48968.357233
33.0,2501,48988.477209
24.0,2501,49003.790934
30.0,2501,49020.22779
28.0,2501,49040.713314
29.0,2501,49057.441532
35.0,2501,49071.813599
32.0,2501,49093.339766
35.0,2501,49107.085998
30.0,2501,49126.903832
31.0,2501,49142.86525
34.0,2501,49158.287191
30.0,2501,49168.315401
35.0,2501,49186.789738
29.0,2501,49199.514582
31.0,2501,49216.420948
36.0,2501,49233.117761
31.0,2501,49250.299105
40.0,2501,49271.925694
38.0,2501,49285.443599
27.0,2501,49302.940026
38.0,2501,49320.804236
33.0,2501,49344.87856
36.0,2501,49360.228477
37.0,2501,49374.306422
34.0,2501,49391.387566
39.0,2501,49406.048673
30.0,2501,49432.696627
40.0,2501,49447.982245
35.0,2501,49459.418537
32.0,2501,49475.708677
28.0,2501,49500.330354
32.0,2501,49517.434157
35.0,2501,49533.662223
32.0,2501,49547.383916
36.0,2501,49596.991034
36.0,2501,49614.897619
35.0,2501,49628.267424
29.0,2501,49643.176076
35.0,2501,49665.155988
37.0,2501,49686.839655
37.0,2501,49701.318077
37.0,2501,49714.428357
29.0,2501,49734.586777
32.0,2501,49754.79504
37.0,2501,49777.876753
37.0,2501,49793.177784
29.0,2501,49810.552857
35.0,2501,49826.632409
37.0,2501,49844.148754
40.0,2501,49868.885096
36.0,2501,49883.863253
35.0,2501,49894.507934
36.0,2501,49909.317231
37.0,2501,49933.537259
25.0,2501,49949.569026
28.0,2501,49964.029487
34.0,2501,49978.575679
19.0,2501,49991.250803
26.0,2501,50010.14877
33.0,2501,50027.168475
33.0,2501,50042.688153
32.0,2501,50057.70293
32.0,2501,50082.509338
36.0,2501,50102.330459
38.0,2501,50122.540849
38.0,2501,50138.854735
34.0,2501,50154.969936
33.0,2501,50180.883867
27.0,2501,50199.178773
37.0,2501,50213.878814
38.0,2501,50226.283515
39.0,2501,50249.474737
29.0,2501,50268.853807
27.0,2501,50283.230637
38.0,2501,50314.538965
30.0,2501,50325.796972
38.0,2501,50345.949554
37.0,2501,50361.657961
42.0,2501,50373.803641
36.0,2501,50387.950807
37.0,2501,50407.302808
27.0,2501,50420.849139
27.0,2501,50436.903293
35.0,2501,50454.235692
32.0,2501,50466.525039
28.0,2501,50484.397609
32.0,2501,50501.867174
38.0,2501,50518.294183
16.0,2501,50534.43187
40.0,2501,50554.090382
27.0,2501,50570.082125
29.0,2501,50587.059358
33.0,2501,50607.012846
41.0,2501,50622.191233
33.0,2501,50640.641906
30.0,2501,50655.501777
31.0,2501,50669.42546
32.0,2501,50683.252818
34.0,2501,50701.834369
33.0,2501,50711.446001
24.0,2501,50723.72142
32.0,2501,50737.871064
25.0,2501,50753.378057
22.0,2501,50773.584262
31.0,2501,50787.030757
37.0,2501,50802.709198
32.0,2501,50816.007797
35.0,2501,50835.28741
34.0,2501,50855.009671
33.0,2501,50875.537112
30.0,2501,50893.421981
33.0,2501,50909.192984
41.0,2501,50929.668308
31.0,2501,50948.458944
36.0,2501,50988.353199
32.0,2501,51004.506608
33.0,2501,51025.797169
29.0,2501,51043.006865
35.0,2501,51058.16072
33.0,2501,51070.43267
33.0,2501,51080.985055
31.0,2501,51103.402197
29.0,2501,51120.218127
31.0,2501,51132.697237
32.0,2501,51146.963751
28.0,2501,51167.821426
35.0,2501,51179.730551
36.0,2501,51194.074102
43.0,2501,51210.886497
38.0,2501,51224.146617
31.0,2501,51242.580128
32.0,2501,51258.442246
33.0,2501,51278.873534
31.0,2501,51295.126804
30.0,2501,51315.31861
33.0,2501,51329.953142
39.0,2501,51343.732173
31.0,2501,51357.581086
39.0,2501,51376.573488
27.0,2501,51399.104608
29.0,2501,51413.936208
35.0,2501,51429.097431
23.0,2501,51443.119814
40.0,2501,51464.073048
25.0,2501,51478.942445
34.0,2501,51490.305527
33.0,2501,51503.461502
36.0,2501,51516.999285
31.0,2501,51534.777229
34.0,2501,51550.037921
34.0,2501,51561.714225
30.0,2501,51577.392077
30.0,2501,51592.354985
30.0,2501,51612.733239
31.0,2501,51661.601696
30.0,2501,51677.22725
35.0,2501,51695.205526
28.0,2501,51713.371972
32.0,2501,51726.092342
35.0,2501,51742.650004
32.0,2501,51758.408563
37.0,2501,51775.061488
27.0,2501,51801.710512
34.0,2501,51821.140521
30.0,2501,51834.37417
35.0,2501,51845.91439
39.0,2501,51864.45628
26.0,2501,51876.574184
32.0,2501,51892.910138
34.0,2501,51906.699614
30.0,2501,51919.826339
34.0,2501,51937.12037
33.0,2501,51954.893857
29.0,2501,51974.128869
31.0,2501,51987.711994
33.0,2501,52004.322448
30.0,2501,52021.713791
37.0,2501,52035.434949
37.0,2501,52050.969078
31.0,2501,52067.97681
36.0,2501,52087.91021
32.0,2501,52103.666721
30.0,2501,52119.724577
34.0,2501,52137.681424
26.0,2501,52159.234624
38.0,2501,52173.047873
31.0,2501,52189.59878
34.0,2501,52206.88602
33.0,2501,52222.971636
34.0,2501,52240.440168
30.0,2501,52254.583743
30.0,2501,52265.874145
31.0,2501,52279.414714
32.0,2501,52300.244123
30.0,2501,52346.148539
28.0,2501,52357.53088
33.0,2501,52374.02296
28.0,2501,52391.398906
33.0,2501,52409.621702
33.0,2501,52423.801689
33.0,2501,52440.396421
36.0,2501,52458.651224
40.0,2501,52478.798848
29.0,2501,52492.918975
36.0,2501,52508.642755
26.0,2501,52523.059881
26.0,2501,52536.093036
39.0,2501,52559.277749
12.0,2501,52574.464846
30.0,2501,52588.405261
33.0,2501,52598.839498
33.0,2501,52618.577761
32.0,2501,52632.463789
24.0,2501,52644.630579
33.0,2501,52659.429727
28.0,2501,52674.97133
33.0,2501,52694.96487
36.0,2501,52708.586242
29.0,2501,52724.601997
32.0,2501,52743.448932
36.0,2501,52766.151198
34.0,2501,52778.880786
33.0,2501,52792.965741
27.0,2501,52804.971537
23.0,2501,52820.690237
31.0,2501,52837.942386
32.0,2501,52853.757674
34.0,2501,52869.088748
24.0,2501,52883.179596
29.0,2501,52901.44964
19.0,2501,52922.36381
28.0,2501,52940.080812
29.0,2501,52955.926513
28.0,2501,52971.411799
26.0,2501,53027.771154
25.0,2501,53041.249972
31.0,2501,53057.04659
27.0,2501,53072.460299
29.0,2501,53094.422271
31.0,2501,53107.744413
37.0,2501,53122.665487
37.0,2501,53136.689666
34.0,2501,53153.653786
39.0,2501,53174.096872
36.0,2501,53191.246977
31.0,2501,53204.309801
28.0,2501,53219.167545
28.0,2501,53246.04301
33.0,2501,53260.128913
26.0,2501,53277.05183
33.0,2501,53290.562541
35.0,2501,53307.557985
34.0,2501,53334.181919
31.0,2501,53355.302082
33.0,2501,53373.260624
38.0,2501,53386.413226
31.0,2501,53407.981477
34.0,2501,53427.856128
29.0,2501,53444.98372
29.0,2501,53462.41814
34.0,2501,53476.637219
28.0,2501,53491.610878
35.0,2501,53505.733388
25.0,2501,53522.660269
26.0,2501,53539.540051
26.0,2501,53553.051955
19.0,2501,53572.833717
29.0,2501,53593.389085
28.0,2501,53611.969493
26.0,2501,53626.084578
25.0,2501,53645.662909
27.0,2501,53660.091777
33.0,2501,53676.431606
33.0,2501,53691.112523
34.0,2501,53739.355766
21.0,2501,53762.465769
27.0,2501,53778.385218
31.0,2501,53791.70984
24.0,2501,53804.149477
29.0,2501,53824.373283
18.0,2501,53836.41813
34.0,2501,53848.486462
22.0,2501,53860.579698
36.0,2501,53874.022761
32.0,2501,53892.402032
35.0,2501,53909.092913
33.0,2501,53924.400712
33.0,2501,53937.384593
28.0,2501,53957.930183
31.0,2501,53972.334449
33.0,2501,53986.871213
31.0,2501,54001.697277
31.0,2501,54019.195275
30.0,2501,54038.463404
22.0,2501,54052.113489
32.0,2501,54066.817706
28.0,2501,54087.136147
28.0,2501,54108.268788
33.0,2501,54121.896396
24.0,2501,54136.373219
20.0,2501,54150.582263
24.0,2501,54161.743131
24.0,2501,54185.218813
28.0,2501,54199.676427
35.0,2501,54211.406428
24.0,2501,54223.159304
27.0,2501,54248.596562
28.0,2501,54260.676692
32.0,2501,54274.882367
33.0,2501,54289.467508
30.0,2501,54304.07236
34.0,2501,54323.704886
30.0,2501,54341.018544
29.0,2501,54353.131821
28.0,2501,54409.587037
35.0,2501,54434.085285
24.0,2501,54451.256397
23.0,2501,54465.191148
22.0,2501,54478.959421
24.0,2501,54492.892871
38.0,2501,54513.053155
44.0,2501,54527.196582
33.0,2501,54539.675771
34.0,2501,54555.012705
31.0,2501,54577.025198
27.0,2501,54593.805613
26.0,2501,54610.800861
37.0,2501,54625.055662
27.0,2501,54640.590276
26.0,2501,54664.629382
35.0,2501,54680.914676
31.0,2501,54698.612189
29.0,2501,54711.418966
28.0,2501,54726.486567
32.0,2501,54745.467169
30.0,2501,54759.424615
37.0,2501,54776.65958
31.0,2501,54790.102519
28.0,2501,54810.309397
29.0,2501,54830.005172
28.0,2501,54844.870542
25.0,2501,54856.227999
34.0,2501,54874.200732
35.0,2501,54887.647806
26.0,2501,54904.763491
30.0,2501,54921.135465
35.0,2501,54938.777565
31.0,2501,54957.761183
27.0,2501,54971.19728
30.0,2501,54990.823931
30.0,2501,55002.246785
32.0,2501,55018.546856
31.0,2501,55034.061046
30.0,2501,55048.650206
39.0,2501,55105.478264
31.0,2501,55117.918883
35.0,2501,55137.900067
34.0,2501,55151.328878
39.0,2501,55164.973185
39.0,2501,55177.047628
30.0,2501,55194.929749
34.0,2501,55207.669321
36.0,2501,55219.43822
29.0,2501,55234.168685
30.0,2501,55248.879701
28.0,2501,55270.549545
29.0,2501,55284.685525
36.0,2501,55296.628644
29.0,2501,55306.633717
32.0,2501,55322.834936
31.0,2501,55340.557212
22.0,2501,55353.034413
26.0,2501,55364.195492
22.0,2501,55376.384275
29.0,2501,55397.036003
32.0,2501,55412.809445
30.0,2501,55428.919433
33.0,2501,55442.028627
30.0,2501,55454.664346
17.0,2501,55475.441951
30.0,2501,55494.581629
31.0,2501,55510.646807
23.0,2501,55523.690492
32.0,2501,55542.411859
34.0,2501,55557.646766
36.0,2501,55572.213159
39.0,2501,55588.77097
30.0,2501,55601.154777
27.0,2501,55619.403112
31.0,2501,55630.720885
34.0,2501,55647.394559
33.0,2501,55664.216191
34.0,2501,55680.573192
38.0,2501,55692.697341
28.0,2501,55735.29857
28.0,2501,55748.545569
23.0,2501,55763.917595
34.0,2501,55783.598675
33.0,2501,55797.259328
31.0,2501,55814.13023
22.0,2501,55828.242359
30.0,2501,55843.851608
29.0,2501,55855.323998
33.0,2501,55869.597282
33.0,2501,55889.508501
36.0,2501,55906.442729
36.0,2501,55925.017391
35.0,2501,55935.049359
32.0,2501,55949.681058
36.0,2501,55968.942068
30.0,2501,55989.104477
33.0,2501,56005.850068
24.0,2501,56018.09719
29.0,2501,56030.738502
33.0,2501,56048.224718
28.0,2501,56071.452855
27.0,2501,56088.027005
37.0,2501,56099.753876
36.0,2501,56111.82625
31.0,2501,56131.746594
27.0,2501,56147.635858
33.0,2501,56164.555123
30.0,2501,56175.710366
26.0,2501,56189.941373
28.0,2501,56210.546472
25.0,2501,56227.475034
32.0,2501,56244.857837
34.0,2501,56259.899631
30.0,2501,56276.541874
30.0,2501,56292.466032
32.0,2501,56310.572178
33.0,2501,56326.396881
41.0,2501,56338.440987
42.0,2501,56353.801072
36.0,2501,56400.275991
34.0,2501,56417.943151
37.0,2501,56433.198601
36.0,2501,56451.874489
38.0,2501,56466.634709
35.0,2501,56481.986276
27.0,2501,56503.538767
31.0,2501,56517.224899
34.0,2501,56534.349859
30.0,2501,56546.721815
32.0,2501,56560.18662
27.0,2501,56576.539749
34.0,2501,56596.712967
31.0,2501,56608.998039
33.0,2501,56621.406265
27.0,2501,56636.277536
31.0,2501,56652.190886
29.0,2501,56674.587792
36.0,2501,56691.063372
36.0,2501,56706.384841
32.0,2501,56722.77335
34.0,2501,56743.96136
42.0,2501,56762.801204
27.0,2501,56775.042182
29.0,2501,56789.468246
32.0,2501,56799.207278
28.0,2501,56818.556172
22.0,2501,56831.91032
35.0,2501,56843.439576
30.0,2501,56855.882062
27.0,2501,56874.078036
33.0,2501,56886.377978
33.0,2501,56898.832022
32.0,2501,56913.421511
21.0,2501,56929.696888
29.0,2501,56951.203571
24.0,2501,56965.083514
33.0,2501,56981.549441
34.0,2501,56995.429829
32.0,2501,57011.195398
28.0,2501,57052.047165
34.0,2501,57069.835054
39.0,2501,57085.737708
36.0,2501,57097.817727
29.0,2501,57119.912929
31.0,2501,57135.000904
42.0,2501,57148.967491
28.0,2501,57166.205009
34.0,2501,57185.850242
30.0,2501,57209.2195
34.0,2501,57223.985444
38.0,2501,57237.173076
33.0,2501,57253.763076
26.0,2501,57276.594453
27.0,2501,57294.407904
24.0,2501,57311.218207
31.0,2501,57325.988025
28.0,2501,57341.624068
35.0,2501,57368.430228
28.0,2501,57387.312089
29.0,2501,57403.97668
24.0,2501,57421.795866
26.0,2501,57444.829367
29.0,2501,57463.552
28.0,2501,57476.657037
31.0,2501,57492.518346
27.0,2501,57511.480336
32.0,2501,57535.955333
32.0,2501,57553.905125
27.0,2501,57567.048767
25.0,2501,57579.461624
39.0,2501,57599.428628
22.0,2501,57614.538425
34.0,2501,57632.397884
22.0,2501,57649.347512
27.0,2501,57667.013621
26.0,2501,57688.895175
29.0,2501,57706.276487
25.0,2501,57722.458336
30.0,2501,57737.211272
32.0,2501,57800.06121
25.0,2501,57816.607953
33.0,2501,57828.996874
22.0,2501,57843.746634
28.0,2501,57856.815497
34.0,2501,57874.872144
21.0,2501,57893.149494
28.0,2501,57907.125908
32.0,2501,57923.39984
27.0,2501,57949.133696
30.0,2501,57971.520884
30.0,2501,57990.589822
27.0,2501,58004.938565
25.0,2501,58018.823781
32.0,2501,58036.692788
34.0,2501,58053.49183
30.0,2501,58072.852586
30.0,2501,58088.020857
33.0,2501,58106.917651
35.0,2501,58122.445913
20.0,2501,58139.7972
33.0,2501,58154.218219
23.0,2501,58166.571789
33.0,2501,58183.40696
27.0,2501,58196.066387
31.0,2501,58211.981683
18.0,2501,58225.333297
33.0,2501,58248.696932
32.0,2501,58260.971684
27.0,2501,58274.554604
27.0,2501,58290.829034
33.0,2501,58303.666582
31.0,2501,58328.589963
29.0,2501,58339.857271
33.0,2501,58355.018225
27.0,2501,58365.212568
33.0,2501,58387.590885
33.0,2501,58403.013341
32.0,2501,58419.297732
28.0,2501,58432.647392
32.0,2501,58467.393641
41.0,2501,58484.540236
34.0,2501,58494.923511
25.0,2501,58504.049052
35.0,2501,58514.405974
32.0,2501,58526.723677
36.0,2501,58539.373851
27.0,2501,58554.592366
35.0,2501,58573.131311
32.0,2501,58586.974071
35.0,2501,58606.184799
32.0,2501,58624.077474
26.0,2501,58642.485893
13.0,2501,58660.580293
31.0,2501,58675.577867
30.0,2501,58687.481725
30.0,2501,58702.37266
29.0,2501,58717.27863
28.0,2501,58726.784172
28.0,2501,58745.48313
29.0,2501,58757.428448
34.0,2501,58769.049558
36.0,2501,58784.826064
24.0,2501,58807.418597
29.0,2501,58823.486967
40.0,2501,58838.937902
31.0,2501,58855.246374
26.0,2501,58868.95566
25.0,2501,58886.229783
30.0,2501,58899.60143
27.0,2501,58911.267638
21.0,2501,58925.511534
28.0,2501,58940.727872
33.0,2501,58963.073982
24.0,2501,58978.771613
32.0,2501,58992.806134
28.0,2501,59006.172663
22.0,2501,59022.842292
29.0,2501,59036.049761
29.0,2501,59050.246053
39.0,2501,59091.317827
34.0,2501,59105.066907
33.0,2501,59124.017938
27.0,2501,59139.959156
30.0,2501,59155.949896
37.0,2501,59169.782193
25.0,2501,59186.590889
34.0,2501,59197.38307
31.0,2501,59210.250695
30.0,2501,59221.329045
33.0,2501,59237.593841
31.0,2501,59254.67818
32.0,2501,59269.143608
34.0,2501,59283.432102
25.0,2501,59297.479349
30.0,2501,59317.748094
39.0,2501,59329.064998
30.0,2501,59343.328686
31.0,2501,59357.987515
20.0,2501,59373.325584
32.0,2501,59391.788764
34.0,2501,59401.689623
34.0,2501,59414.173476
27.0,2501,59423.448738
30.0,2501,59442.459816
30.0,2501,59455.750078
26.0,2501,59471.070791
33.0,2501,59483.175918
19.0,2501,59494.002322
30.0,2501,59512.881538
25.0,2501,59527.769647
33.0,2501,59542.361958
24.0,2501,59553.017687
28.0,2501,59565.747521
26.0,2501,59579.122053
23.0,2501,59592.116172
24.0,2501,59606.133178
25.0,2501,59619.970953
21.0,2501,59640.400637
24.0,2501,59653.131344
27.0,2501,59691.162611
25.0,2501,59707.804965
26.0,2501,59726.375628
25.0,2501,59741.623497
26.0,2501,59759.17927
24.0,2501,59772.488814
24.0,2501,59785.859738
28.0,2501,59802.953699
27.0,2501,59817.811213
34.0,2501,59827.343863
30.0,2501,59837.754278
31.0,2501,59855.558544
31.0,2501,59867.613022
35.0,2501,59882.578413
26.0,2501,59897.890855
27.0,2501,59913.947893
26.0,2501,59930.123286
30.0,2501,59940.22861
28.0,2501,59954.214787
24.0,2501,59968.616834
33.0,2501,59988.538418
27.0,2501,60002.52853
29.0,2501,60014.778363
25.0,2501,60023.474473
29.0,2501,60034.724265
25.0,2501,60054.177218
36.0,2501,60067.815389
33.0,2501,60083.824619
33.0,2501,60098.436896
33.0,2501,60116.009433
33.0,2501,60128.295988
27.0,2501,60144.091989
28.0,2501,60159.553089
24.0,2501,60175.955203
27.0,2501,60194.932536
33.0,2501,60209.110213
32.0,2501,60224.158773
34.0,2501,60240.024218
29.0,2501,60255.318985
25.0,2501,60267.320322
29.0,2501,60300.43307
30.0,2501,60312.144526
31.0,2501,60324.278126
34.0,2501,60343.268201
26.0,2501,60359.930939
31.0,2501,60370.558488
32.0,2501,60384.673547
25.0,2501,60407.171565
35.0,2501,60422.467721
28.0,2501,60442.52719
28.0,2501,60452.479215
17.0,2501,60464.678088
24.0,2501,60480.025523
25.0,2501,60495.422246
27.0,2501,60507.852101
21.0,2501,60521.652218
31.0,2501,60533.120427
24.0,2501,60553.993136
25.0,2501,60565.520293
20.0,2501,60580.942748
30.0,2501,60597.278734
31.0,2501,60617.632473
30.0,2501,60630.489178
28.0,2501,60645.226495
25.0,2501,60665.458171
33.0,2501,60685.80868
28.0,2501,60701.679236
30.0,2501,60710.909714
28.0,2501,60722.691495
31.0,2501,60737.353757
34.0,2501,60757.524231
39.0,2501,60774.816332
38.0,2501,60788.689551
14.0,2501,60801.952008
31.0,2501,60817.281883
31.0,2501,60838.662352
27.0,2501,60855.038925
34.0,2501,60869.966344
26.0,2501,60883.127066
21.0,2501,60900.730049
28.0,2501,60950.379627
22.0,2501,60962.505013
27.0,2501,60978.360598
24.0,2501,60999.12029
35.0,2501,61018.03584
32.0,2501,61030.629364
31.0,2501,61044.323594
38.0,2501,61058.908707
35.0,2501,61079.151612
28.0,2501,61092.574722
27.0,2501,61104.779673
27.0,2501,61114.930068
34.0,2501,61125.983189
35.0,2501,61142.966104
29.0,2501,61156.979097
34.0,2501,61169.368396
25.0,2501,61181.008796
40.0,2501,61200.449724
37.0,2501,61214.762329
34.0,2501,61229.418982
26.0,2501,61244.397196
31.0,2501,61257.502918
26.0,2501,61274.597471
31.0,2501,61286.926273
26.0,2501,61299.183487
32.0,2501,61315.031119
26.0,2501,61338.64865
22.0,2501,61355.458561
30.0,2501,61368.831573
28.0,2501,61384.370773
28.0,2501,61400.972825
31.0,2501,61420.866406
32.0,2501,61438.129848
28.0,2501,61450.032769
35.0,2501,61464.2296
26.0,2501,61482.68733
26.0,2501,61495.3452
27.0,2501,61508.075375
26.0,2501,61520.50912
26.0,2501,61531.817523
29.0,2501,61582.818313
25.0,2501,61599.407823
22.0,2501,61613.984957
15.0,2501,61628.937046
28.0,2501,61650.657901
21.0,2501,61662.522438
29.0,2501,61680.20477
27.0,2501,61693.923599
33.0,2501,61705.909805
25.0,2501,61725.429782
34.0,2501,61741.317192
27.0,2501,61756.251808
30.0,2501,61769.215112
25.0,2501,61787.468803
29.0,2501,61805.19354
24.0,2501,61824.50563
24.0,2501,61837.573762
27.0,2501,61851.697675
30.0,2501,61872.102938
31.0,2501,61884.867222
30.0,2501,61900.604727
32.0,2501,61918.900095
25.0,2501,61938.067057
22.0,2501,61951.17399
27.0,2501,61966.171363
29.0,2501,61977.166029
28.0,2501,61992.021836
28.0,2501,62009.514371
25.0,2501,62023.142371
27.0,2501,62040.138008
15.0,2501,62058.913308
31.0,2501,62082.576684
22.0,2501,62099.205431
29.0,2501,62114.908479
29.0,2501,62125.723806
26.0,2501,62136.589924
35.0,2501,62157.922731
23.0,2501,62173.22706
28.0,2501,62187.073914
29.0,2501,62200.526986
34.0,2501,62255.91257
29.0,2501,62270.386349
30.0,2501,62284.805736
33.0,2501,62299.978156
27.0,2501,62314.035664
34.0,2501,62336.212257
30.0,2501,62350.987632
30.0,2501,62363.829504
15.0,2501,62375.413389
33.0,2501,62386.673595
28.0,2501,62410.940621
27.0,2501,62423.005849
32.0,2501,62434.558681
26.0,2501,62446.489201
26.0,2501,62460.603675
27.0,2501,62476.034341
24.0,2501,62492.83478
26.0,2501,62508.705909
31.0,2501,62521.155255
20.0,2501,62537.083369
29.0,2501,62550.949842
33.0,2501,62564.204397
25.0,2501,62580.931368
27.0,2501,62599.676721
34.0,2501,62614.561919
36.0,2501,62628.084613
21.0,2501,62645.188847
31.0,2501,62659.547892
14.0,2501,62678.181515
28.0,2501,62688.435887
30.0,2501,62699.014451
29.0,2501,62713.584511
29.0,2501,62732.528601
26.0,2501,62745.427078
25.0,2501,62759.703514
17.0,2501,62773.744248
28.0,2501,62788.012566
21.0,2501,62810.445792
26.0,2501,62826.372368
24.0,2501,62840.197402
35.0,2501,62877.312515
23.0,2501,62896.651522
24.0,2501,62910.622442
29.0,2501,62927.351454
30.0,2501,62939.836062
26.0,2501,62954.851511
28.0,2501,62978.43573
31.0,2501,62997.861334
34.0,2501,63011.144802
25.0,2501,63021.917143
24.0,2501,63039.43739
28.0,2501,63056.406821
25.0,2501,63068.998672
24.0,2501,63084.125394
33.0,2501,63095.836347
32.0,2501,63113.225651
31.0,2501,63131.806499
29.0,2501,63151.000592
35.0,2501,63167.736411
22.0,2501,63186.587191
35.0,2501,63198.777277
23.0,2501,63214.439884
24.0,2501,63229.741618
24.0,2501,63246.448452
30.0,2501,63262.780722
25.0,2501,63275.656517
30.0,2501,63292.143313
23.0,2501,63306.881274
25.0,2501,63325.79124
14.0,2501,63339.824974
22.0,2501,63351.455213
29.0,2501,63365.446797
22.0,2501,63379.982373
21.0,2501,63401.273305
28.0,2501,63414.576371
30.0,2501,63427.150104
25.0,2501,63442.092064
23.0,2501,63461.166405
16.0,2501,63479.268127
27.0,2501,63496.427332
24.0,2501,63537.097152
30.0,2501,63550.892639
27.0,2501,63571.131152
32.0,2501,63584.035553
30.0,2501,63596.584498
29.0,2501,63611.222578
14.0,2501,63633.864823
21.0,2501,63646.14589
20.0,2501,63655.902272
9.0,2501,63666.54624
26.0,2501,63676.460518
15.0,2501,63692.818498
26.0,2501,63708.046495
27.0,2501,63723.237702
26.0,2501,63735.191729
24.0,2501,63751.567885
26.0,2501,63763.242909
23.0,2501,63778.592408
21.0,2501,63796.329962
29.0,2501,63811.813032
31.0,2501,63829.092235
28.0,2501,63842.547234
21.0,2501,63857.639746
31.0,2501,63868.484445
26.0,2501,63887.973524
26.0,2501,63902.269029
27.0,2501,63914.285919
27.0,2501,63925.227146
37.0,2501,63943.657517
26.0,2501,63965.451168
22.0,2501,63979.13193
19.0,2501,63991.789715
18.0,2501,64003.57815
26.0,2501,64015.486676
30.0,2501,64030.401086
31.0,2501,64040.776197
24.0,2501,64057.661165
21.0,2501,64070.385839
30.0,2501,64088.44774
23.0,2501,64100.439999
