#{"t_start": 1708526376.6187618, "env_id": "MinAtar/Seaquest-v1"}
r,l,t
0.0,2,0.001161
0.0,9,1.896712
0.0,19,1.897477
0.0,11,1.897955
0.0,2,1.898135
0.0,64,1.902461
0.0,9,1.902944
0.0,9,1.903352
0.0,23,1.904221
0.0,22,1.906559
2.0,207,1.917291
0.0,11,1.917914
0.0,21,1.918703
0.0,15,1.921063
0.0,23,1.921991
0.0,18,1.923108
0.0,64,1.925386
0.0,12,1.928117
3.0,138,1.933555
0.0,6,1.933892
0.0,25,1.935027
2.0,75,1.939452
0.0,25,1.940401
0.0,40,1.941734
0.0,13,1.94245
2.0,203,1.952321
0.0,79,1.954933
0.0,51,1.956794
0.0,8,1.957186
0.0,47,1.960663
0.0,10,1.961086
0.0,34,1.962481
0.0,30,1.963574
0.0,42,1.966518
0.0,27,1.967563
0.0,106,1.971134
0.0,3,1.971358
0.0,5,1.973107
0.0,2,1.97325
0.0,6,1.973621
0.0,5,1.973959
0.0,6,1.976207
0.0,16,1.976843
0.0,23,1.97763
0.0,25,1.978573
0.0,49,1.981661
0.0,12,1.98221
0.0,12,1.982824
0.0,13,1.983318
0.0,4,1.984936
0.0,7,1.985267
0.0,16,1.986076
0.0,52,1.987987
0.0,47,1.991031
0.0,18,1.991795
0.0,7,1.992141
0.0,40,1.993644
0.0,10,1.997071
0.0,42,1.998556
0.0,26,1.999466
0.0,23,2.000263
0.0,4,2.001933
0.0,9,2.00232
0.0,5,2.002644
0.0,25,2.003501
0.0,23,2.006103
0.0,18,2.006835
0.0,23,2.007625
0.0,15,2.008172
0.0,16,2.010271
0.0,45,2.011853
0.0,7,2.012186
0.0,10,2.012587
0.0,73,2.016375
0.0,38,2.017671
0.0,26,2.01855
0.0,9,2.018948
0.0,13,2.020878
0.0,4,2.021119
0.0,15,2.021805
0.0,8,2.022152
0.0,6,2.02412
0.0,22,2.024926
0.0,77,2.027511
0.0,5,2.02777
0.0,16,2.030263
0.0,15,2.030864
0.0,26,2.031833
0.0,8,2.032186
0.0,23,2.03475
0.0,5,2.035049
0.0,17,2.035723
0.0,28,2.036748
0.0,50,2.039816
0.0,34,2.041389
0.0,28,2.042428
1.0,61,2.044345
0.0,69,2.048276
0.0,10,2.048748
0.0,15,2.049289
0.0,56,2.051051
0.0,16,2.053874
0.0,51,2.055668
0.0,4,2.055901
0.0,23,2.056683
0.0,6,2.05839
0.0,24,2.059366
0.0,5,2.059673
0.0,18,2.060484
0.0,9,2.062376
0.0,2,2.062551
1.0,139,2.067217
0.0,8,2.067605
0.0,13,2.069721
0.0,5,2.070003
0.0,21,2.070895
0.0,23,2.07175
0.0,9,2.073786
0.0,15,2.074381
0.0,30,2.075747
0.0,76,2.078733
0.0,3,2.080379
0.0,7,2.080734
0.0,7,2.081073
0.0,37,2.082377
0.0,11,2.084465
0.0,8,2.084869
0.0,20,2.08559
1.0,68,2.087828
1.0,217,2.099312
0.0,5,2.099597
0.0,62,2.101717
0.0,43,2.103303
0.0,2,2.104887
0.0,207,2.111467
0.0,7,2.111885
0.0,5,2.112171
0.0,11,2.114896
1.0,66,2.117077
0.0,19,2.117769
0.0,16,2.118351
0.0,11,2.120436
0.0,10,2.120952
0.0,5,2.121211
0.0,21,2.121971
0.0,10,2.123827
0.0,9,2.124211
0.0,7,2.124533
0.0,26,2.125539
0.0,10,2.127764
0.0,35,2.129072
0.0,4,2.129315
0.0,29,2.130264
1.0,90,2.135441
0.0,38,2.136725
0.0,26,2.137663
0.0,8,2.138043
0.0,7,2.139951
1.0,158,2.145784
1.0,33,2.146964
0.0,7,2.147306
0.0,12,2.149253
0.0,6,2.149567
0.0,5,2.149857
0.0,9,2.150257
0.0,43,2.153371
0.0,11,2.15382
0.0,27,2.154745
0.0,46,2.156574
0.0,32,2.159294
0.0,3,2.159472
0.0,6,2.159775
0.0,6,2.160044
0.0,16,2.162263
0.0,4,2.162511
0.0,12,2.163245
0.0,59,2.165175
0.0,43,2.168136
0.0,11,2.168835
0.0,4,2.169086
0.0,11,2.169518
0.0,25,2.171928
1.0,73,2.174392
0.0,11,2.17503
0.0,13,2.175614
0.0,6,2.177418
0.0,14,2.17805
0.0,9,2.178431
0.0,13,2.17891
0.0,5,2.180583
0.0,7,2.180913
0.0,8,2.181276
0.0,11,2.181715
0.0,46,2.184584
0.0,11,2.185049
0.0,62,2.187508
0.0,32,2.188594
0.0,9,2.190433
1.0,85,2.193149
0.0,11,2.193686
0.0,10,2.194115
0.0,5,2.195884
0.0,6,2.196163
0.0,44,2.197592
1.0,139,2.204897
0.0,7,2.206985
0.0,24,2.207841
2.0,210,2.214509
0.0,16,2.215163
0.0,163,2.222816
0.0,35,2.224258
0.0,3,2.224485
0.0,7,2.224787
0.0,22,2.227101
0.0,8,2.227472
0.0,191,2.233761
0.0,21,2.234644
1.0,80,2.23882
0.0,41,2.240314
0.0,74,2.242782
0.0,37,2.244446
0.0,4,2.246153
0.0,140,2.251037
0.0,11,2.25153
0.0,8,2.251894
0.0,49,2.255735
0.0,12,2.256239
0.0,50,2.257936
0.0,21,2.258684
0.0,6,2.260992
0.0,61,2.263124
0.0,29,2.264207
0.0,55,2.266238
0.0,58,2.269607
0.0,4,2.269853
0.0,26,2.270722
0.0,10,2.271479
0.0,2,2.27327
0.0,16,2.274002
0.0,12,2.274479
0.0,102,2.277878
0.0,26,2.280483
0.0,11,2.281031
0.0,73,2.283857
0.0,39,2.285211
0.0,10,2.287185
0.0,16,2.287821
1.0,51,2.289585
0.0,87,2.292537
0.0,61,2.2961
0.0,4,2.296406
0.0,11,2.296877
0.0,25,2.297725
0.0,13,2.299892
0.0,53,2.304312
0.0,78,2.306867
0.0,11,2.3074
0.0,12,2.309502
0.0,23,2.310341
1.0,116,2.313924
0.0,2,2.314072
0.0,7,2.315809
0.0,16,2.316421
0.0,38,2.317685
0.0,33,2.31886
0.0,30,2.321552
0.0,5,2.321878
0.0,67,2.324289
0.0,6,2.324603
0.0,18,2.327016
1.0,106,2.330526
0.0,9,2.330925
0.0,7,2.331252
0.0,18,2.333852
0.0,2,2.334059
0.0,4,2.334313
0.0,3,2.334504
0.0,2,2.335935
0.0,38,2.337191
0.0,5,2.337439
0.0,61,2.339787
0.0,8,2.341611
0.0,27,2.3426
0.0,19,2.343297
0.0,18,2.343933
0.0,9,2.345829
0.0,41,2.347233
0.0,32,2.348369
0.0,25,2.349221
0.0,9,2.351271
0.0,52,2.353547
0.0,41,2.354892
0.0,8,2.355254
0.0,3,2.356909
0.0,25,2.357844
0.0,41,2.359329
0.0,9,2.359709
0.0,36,2.362277
0.0,14,2.362967
0.0,4,2.363198
0.0,55,2.365098
0.0,85,2.369672
0.0,9,2.370127
0.0,84,2.372734
0.0,6,2.373018
2.0,177,2.380146
0.0,19,2.381523
0.0,18,2.382417
0.0,49,2.384149
0.0,198,2.392515
0.0,164,2.397928
0.0,17,2.398733
0.0,9,2.399172
0.0,14,2.401247
0.0,9,2.40166
0.0,5,2.401913
0.0,4,2.402134
0.0,3,2.405419
0.0,4,2.405733
0.0,6,2.406075
0.0,11,2.406529
1.0,104,2.411337
0.0,5,2.411634
0.0,7,2.411973
0.0,6,2.412248
0.0,7,2.414099
0.0,10,2.414532
0.0,17,2.415143
0.0,5,2.415388
0.0,10,2.417188
0.0,61,2.4192
0.0,15,2.419811
0.0,33,2.420901
0.0,6,2.422724
1.0,92,2.425597
0.0,93,2.428546
1.0,78,2.431155
0.0,4,2.432952
0.0,10,2.433393
0.0,11,2.433819
0.0,51,2.435462
0.0,14,2.437657
0.0,4,2.437914
0.0,42,2.439313
0.0,66,2.441768
0.0,100,2.446564
0.0,6,2.446892
0.0,63,2.449088
0.0,3,2.449325
0.0,11,2.451343
0.0,3,2.451565
0.0,15,2.452453
0.0,140,2.457235
0.0,26,2.460108
0.0,12,2.460768
0.0,65,2.463044
0.0,20,2.463775
0.0,27,2.46656
0.0,18,2.467303
0.0,45,2.468987
0.0,21,2.469728
0.0,7,2.471633
0.0,53,2.473572
0.0,47,2.475266
1.0,104,2.479421
0.0,13,2.481531
2.0,140,2.486598
0.0,19,2.487353
0.0,19,2.488415
0.0,16,2.490737
0.0,5,2.491039
0.0,8,2.49141
0.0,32,2.4926
1.0,188,2.500563
0.0,9,2.500985
0.0,98,2.504571
0.0,30,2.508174
0.0,7,2.510121
0.0,32,2.511227
0.0,113,2.515073
0.0,6,2.515425
0.0,18,2.517723
0.0,14,2.518283
0.0,6,2.518557
0.0,20,2.519243
0.0,7,2.520937
0.0,15,2.521564
0.0,4,2.521802
0.0,37,2.523039
0.0,16,2.525132
0.0,7,2.525483
0.0,23,2.526324
0.0,34,2.527494
0.0,4,2.529267
1.0,158,2.534771
0.0,7,2.535149
0.0,36,2.536378
0.0,15,2.538521
0.0,9,2.538923
0.0,14,2.53955
0.0,6,2.539843
0.0,33,2.542407
0.0,7,2.54273
0.0,66,2.545252
0.0,4,2.545551
0.0,9,2.547968
0.0,27,2.549325
0.0,67,2.551754
0.0,13,2.552313
0.0,5,2.554109
0.0,6,2.554476
0.0,108,2.558528
0.0,21,2.559321
0.0,30,2.561848
0.0,20,2.56278
0.0,13,2.563359
0.0,19,2.56405
0.0,90,2.568618
0.0,24,2.569519
0.0,3,2.569731
0.0,4,2.569956
0.0,28,2.57257
0.0,41,2.573929
0.0,33,2.575142
0.0,20,2.576025
0.0,4,2.577796
0.0,11,2.578273
0.0,5,2.578528
0.0,86,2.581566
0.0,19,2.583793
0.0,7,2.584146
0.0,76,2.586782
0.0,10,2.58722
2.0,111,2.592689
0.0,19,2.593538
0.0,43,2.59566
0.0,12,2.596204
0.0,9,2.59844
0.0,19,2.599442
0.0,7,2.599942
0.0,10,2.600606
0.0,5,2.602911
0.0,21,2.603709
0.0,6,2.604002
0.0,8,2.604363
0.0,2,2.605965
0.0,91,2.612014
0.0,7,2.612389
0.0,55,2.61423
0.0,9,2.616175
0.0,34,2.617378
0.0,55,2.619138
0.0,18,2.619886
0.0,13,2.621899
1.0,151,2.628392
1.0,93,2.631705
0.0,5,2.632026
0.0,5,2.633842
0.0,26,2.634744
0.0,7,2.63511
0.0,6,2.635405
0.0,24,2.63801
1.0,57,2.639869
0.0,20,2.640581
0.0,4,2.640803
0.0,12,2.643076
0.0,11,2.64355
1.0,132,2.647797
0.0,16,2.648446
0.0,6,2.650656
0.0,21,2.651445
0.0,129,2.655797
0.0,6,2.656141
0.0,20,2.658464
0.0,28,2.659441
0.0,22,2.660464
0.0,18,2.661319
0.0,33,2.664047
0.0,60,2.66614
0.0,12,2.666634
0.0,13,2.667137
0.0,13,2.669231
0.0,20,2.670305
0.0,24,2.671127
0.0,75,2.673686
0.0,38,2.676387
0.0,57,2.678368
0.0,13,2.678898
0.0,15,2.679484
0.0,21,2.681686
0.0,14,2.682345
0.0,24,2.683196
0.0,5,2.683445
0.0,24,2.685862
1.0,73,2.688305
0.0,45,2.689931
0.0,13,2.690451
0.0,32,2.693406
0.0,9,2.693819
0.0,30,2.694818
0.0,93,2.698056
0.0,8,2.699927
0.0,43,2.701467
0.0,25,2.702481
0.0,7,2.702904
0.0,6,2.704653
0.0,29,2.705706
0.0,27,2.706715
0.0,5,2.70696
0.0,49,2.712458
0.0,12,2.713016
0.0,9,2.713396
0.0,26,2.714279
0.0,23,2.716902
0.0,23,2.717736
0.0,7,2.718066
0.0,8,2.718412
0.0,16,2.720299
0.0,23,2.721196
0.0,80,2.723918
0.0,8,2.724278
0.0,4,2.725989
0.0,15,2.726629
0.0,19,2.727326
0.0,5,2.727587
0.0,11,2.729462
1.0,96,2.732485
0.0,13,2.733035
0.0,28,2.734102
0.0,64,2.737647
0.0,32,2.738811
0.0,14,2.739609
0.0,24,2.740626
0.0,25,2.743127
0.0,58,2.744967
0.0,23,2.745796
0.0,11,2.746261
2.0,143,2.752276
0.0,4,2.752555
0.0,3,2.752733
0.0,19,2.753407
0.0,4,2.755075
0.0,5,2.755346
0.0,8,2.755697
0.0,51,2.757633
0.0,19,2.759845
0.0,2,2.759988
0.0,23,2.760815
0.0,110,2.764327
0.0,14,2.766444
0.0,16,2.76704
0.0,65,2.769122
0.0,49,2.771289
0.0,7,2.773183
0.0,17,2.773855
0.0,15,2.774405
0.0,7,2.774724
0.0,20,2.776925
0.0,10,2.777688
0.0,28,2.778732
0.0,40,2.780059
0.0,17,2.782437
2.0,105,2.785709
0.0,37,2.787196
0.0,42,2.788634
1.0,34,2.791303
0.0,4,2.791544
0.0,5,2.791811
1.0,144,2.796423
0.0,16,2.798493
0.0,18,2.79926
0.0,6,2.799572
0.0,8,2.799932
1.0,61,2.803522
1.0,39,2.804937
0.0,7,2.805311
0.0,7,2.805652
0.0,9,2.807616
0.0,13,2.808164
0.0,4,2.808389
0.0,8,2.80874
0.0,8,2.810436
0.0,16,2.811059
0.0,8,2.81141
1.0,114,2.818108
0.0,12,2.820086
0.0,8,2.820465
0.0,42,2.821799
0.0,19,2.822452
0.0,20,2.82454
1.0,35,2.825854
0.0,20,2.826564
0.0,48,2.828122
0.0,20,2.83032
0.0,13,2.830904
0.0,15,2.831489
1.0,141,2.836012
0.0,15,2.838178
0.0,13,2.838717
0.0,7,2.839063
0.0,12,2.839534
0.0,5,2.841075
0.0,20,2.841804
1.0,97,2.845051
0.0,47,2.846938
0.0,9,2.849007
0.0,16,2.849691
0.0,34,2.850843
0.0,12,2.851323
0.0,22,2.853637
0.0,74,2.856354
0.0,92,2.859419
1.0,63,2.861979
0.0,46,2.865099
0.0,18,2.865768
0.0,4,2.866035
0.0,20,2.866754
0.0,18,2.869024
0.0,8,2.869399
0.0,26,2.870282
0.0,49,2.871988
0.0,9,2.874299
0.0,10,2.874767
0.0,5,2.875023
0.0,17,2.875637
1.0,152,2.882476
0.0,20,2.883223
0.0,31,2.884271
0.0,20,2.884991
0.0,28,2.887515
0.0,9,2.88791
0.0,43,2.889336
0.0,2,2.889503
0.0,27,2.892081
0.0,27,2.893159
0.0,14,2.893718
0.0,28,2.894681
0.0,7,2.896477
0.0,4,2.896713
0.0,37,2.897993
0.0,51,2.899649
0.0,22,2.901945
0.0,8,2.902343
0.0,33,2.903507
0.0,11,2.903995
0.0,7,2.905797
0.0,2,2.905939
0.0,61,2.907896
0.0,5,2.908188
0.0,19,2.910539
0.0,8,2.91091
0.0,12,2.911396
1.0,61,2.913363
0.0,19,2.917479
0.0,34,2.918676
0.0,12,2.919159
0.0,32,2.920228
0.0,23,2.922655
0.0,21,2.923419
0.0,10,2.923814
0.0,25,2.924999
0.0,88,2.92928
0.0,74,2.931596
0.0,12,2.932079
2.0,202,2.938998
0.0,33,2.942424
0.0,46,2.943974
0.0,38,2.945234
0.0,72,2.947691
0.0,12,2.949893
0.0,84,2.952916
0.0,64,2.955007
2.0,153,2.960408
0.0,15,2.962612
0.0,7,2.963046
1.0,107,2.966864
0.0,11,2.967453
1.0,87,2.973828
0.0,3,2.974133
0.0,22,2.975072
0.0,38,2.977309
0.0,38,2.980799
0.0,17,2.981661
0.0,28,2.982747
0.0,5,2.983199
0.0,81,2.988215
0.0,6,2.988583
0.0,30,2.989658
0.0,16,2.990304
0.0,55,2.994763
0.0,5,2.995103
0.0,4,2.995385
0.0,9,2.995979
0.0,12,2.998241
0.0,21,2.999425
0.0,7,2.999871
0.0,14,3.000694
0.0,11,3.002933
0.0,4,3.003191
0.0,55,3.005559
0.0,8,3.005972
0.0,42,3.009359
0.0,8,3.009836
0.0,4,3.010094
0.0,3,3.010257
0.0,17,3.01281
0.0,13,3.013386
0.0,66,3.015701
0.0,27,3.016784
0.0,10,3.020528
0.0,15,3.021195
0.0,53,3.02317
0.0,15,3.023759
0.0,8,3.025768
0.0,10,3.026256
0.0,4,3.026516
0.0,16,3.027137
1.0,82,3.031773
0.0,19,3.032551
0.0,6,3.032928
0.0,141,3.038242
0.0,11,3.04047
0.0,7,3.040802
0.0,35,3.042114
0.0,3,3.042333
0.0,19,3.044769
0.0,62,3.047126
0.0,6,3.047489
0.0,20,3.048292
0.0,9,3.050474
0.0,10,3.050981
0.0,6,3.051342
0.0,56,3.053509
1.0,101,3.058945
0.0,2,3.059187
0.0,20,3.059955
0.0,70,3.063293
0.0,116,3.068587
0.0,76,3.071254
1.0,73,3.073832
0.0,8,3.074267
0.0,7,3.076383
0.0,10,3.076867
0.0,6,3.077153
0.0,5,3.077401
0.0,50,3.080547
0.0,11,3.081032
0.0,20,3.081751
0.0,17,3.082378
0.0,11,3.084301
0.0,56,3.08637
0.0,20,3.0871
0.0,21,3.087839
0.0,6,3.089564
0.0,6,3.089873
0.0,7,3.090201
0.0,9,3.090582
0.0,30,3.093061
0.0,6,3.093406
0.0,39,3.094833
1.0,25,3.095699
0.0,50,3.098746
0.0,43,3.100184
0.0,176,3.106439
0.0,26,3.107405
2.0,49,3.110968
0.0,122,3.114929
0.0,41,3.116561
0.0,23,3.117412
0.0,4,3.120875
0.0,45,3.122792
0.0,15,3.123364
0.0,19,3.124059
2.0,93,3.128558
0.0,67,3.130739
0.0,11,3.131198
0.0,3,3.131432
1.0,75,3.1359
0.0,5,3.136217
0.0,25,3.137089
0.0,86,3.140243
0.0,33,3.143416
0.0,27,3.144349
0.0,23,3.145266
0.0,31,3.146332
0.0,22,3.148853
0.0,7,3.149193
0.0,42,3.150583
0.0,10,3.150993
0.0,2,3.152723
0.0,23,3.153599
0.0,13,3.15413
0.0,13,3.154634
1.0,113,3.1598
0.0,9,3.160237
0.0,14,3.160807
0.0,94,3.16423
0.0,7,3.166438
0.0,57,3.168348
0.0,22,3.169195
0.0,23,3.170032
0.0,10,3.172211
0.0,16,3.172855
0.0,79,3.175636
0.0,4,3.175876
0.0,10,3.177751
0.0,5,3.178046
0.0,12,3.178524
0.0,75,3.180976
0.0,9,3.182837
0.0,86,3.185702
1.0,78,3.188374
0.0,31,3.189471
0.0,25,3.192094
0.0,9,3.192666
0.0,15,3.193248
0.0,6,3.193521
0.0,65,3.197232
0.0,52,3.199086
0.0,8,3.199447
0.0,26,3.200443
1.0,65,3.204184
0.0,6,3.204511
0.0,33,3.206091
0.0,7,3.206472
0.0,10,3.208382
0.0,2,3.208589
0.0,11,3.209123
0.0,5,3.20942
0.0,70,3.213083
0.0,43,3.21467
0.0,13,3.21519
0.0,17,3.215892
1.0,199,3.226393
0.0,19,3.227127
0.0,51,3.228784
0.0,103,3.232253
0.0,48,3.235458
0.0,5,3.235762
0.0,7,3.236114
0.0,10,3.23654
0.0,77,3.240764
0.0,5,3.241037
0.0,3,3.241241
0.0,2,3.241408
0.0,41,3.24421
3.0,144,3.249272
1.0,178,3.255354
0.0,9,3.25579
0.0,6,3.257911
0.0,3,3.258129
0.0,18,3.258757
0.0,7,3.259079
0.0,5,3.26071
0.0,11,3.261183
0.0,10,3.26163
0.0,13,3.262126
0.0,9,3.263871
0.0,2,3.264049
0.0,5,3.264298
0.0,46,3.265917
0.0,20,3.268281
0.0,13,3.268992
0.0,5,3.26932
0.0,14,3.269843
0.0,12,3.27184
0.0,57,3.273748
0.0,10,3.274185
0.0,3,3.274388
0.0,16,3.276594
0.0,59,3.278512
0.0,6,3.278841
0.0,14,3.279385
0.0,3,3.281249
0.0,47,3.282877
0.0,18,3.283545
0.0,18,3.284195
0.0,83,3.288516
0.0,82,3.291151
0.0,70,3.293507
0.0,27,3.29447
0.0,16,3.296689
0.0,13,3.297225
0.0,34,3.298378
0.0,7,3.298708
0.0,9,3.300715
0.0,2,3.300897
0.0,12,3.301372
2.0,188,3.307623
0.0,23,3.3106
0.0,43,3.312071
0.0,81,3.314845
0.0,21,3.315613
0.0,49,3.318848
0.0,112,3.322552
0.0,57,3.32662
0.0,5,3.32694
0.0,27,3.329627
1.0,129,3.333838
0.0,109,3.337255
0.0,15,3.337856
0.0,2,3.339752
1.0,212,3.347283
0.0,5,3.347608
0.0,191,3.353702
0.0,47,3.357299
0.0,63,3.359558
0.0,9,3.35997
0.0,7,3.360307
0.0,3,3.362093
0.0,8,3.362465
0.0,32,3.363574
0.0,17,3.364273
1.0,77,3.368433
0.0,13,3.36907
0.0,97,3.37273
0.0,13,3.373289
0.0,43,3.376464
0.0,22,3.377303
0.0,6,3.377593
1.0,75,3.379955
0.0,13,3.382114
0.0,13,3.382727
0.0,23,3.383668
0.0,23,3.384584
0.0,3,3.386202
0.0,24,3.387155
0.0,7,3.387483
0.0,13,3.388153
0.0,11,3.391076
0.0,95,3.394278
0.0,5,3.39459
0.0,9,3.394988
0.0,4,3.396761
0.0,105,3.40035
0.0,10,3.400812
0.0,7,3.401148
0.0,11,3.403228
0.0,56,3.405193
0.0,12,3.405676
0.0,18,3.406509
1.0,65,3.410737
0.0,33,3.411898
0.0,38,3.413341
0.0,98,3.41674
0.0,3,3.418534
0.0,14,3.419093
0.0,6,3.419406
0.0,6,3.419687
0.0,32,3.422248
0.0,32,3.423332
0.0,42,3.424738
0.0,4,3.427567
0.0,17,3.429681
0.0,12,3.430166
0.0,11,3.430729
0.0,8,3.431086
0.0,20,3.433153
0.0,16,3.433832
0.0,4,3.434056
0.0,16,3.434634
0.0,8,3.436254
0.0,131,3.440586
0.0,4,3.440838
0.0,10,3.441236
0.0,72,3.445272
0.0,5,3.445547
0.0,19,3.446234
0.0,18,3.446892
0.0,15,3.44901
0.0,28,3.449995
0.0,24,3.451252
0.0,27,3.452177
1.0,104,3.457166
0.0,15,3.457792
0.0,21,3.458603
0.0,86,3.46173
0.0,34,3.466636
0.0,16,3.46794
0.0,34,3.470787
0.0,2,3.470986
0.0,6,3.4732
0.0,128,3.478794
0.0,7,3.479366
0.0,11,3.480138
0.0,18,3.483177
0.0,18,3.483906
0.0,13,3.484438
0.0,148,3.490934
0.0,201,3.50013
0.0,11,3.500744
0.0,12,3.501254
1.0,72,3.503598
0.0,2,3.505613
0.0,12,3.506256
0.0,37,3.50748
0.0,8,3.50783
0.0,3,3.509308
0.0,6,3.509602
0.0,6,3.509916
0.0,2,3.510046
0.0,27,3.51242
0.0,22,3.513255
0.0,12,3.513749
0.0,28,3.514699
0.0,3,3.516426
0.0,4,3.516756
0.0,36,3.517995
0.0,10,3.518434
0.0,79,3.522938
0.0,5,3.523232
0.0,11,3.523702
0.0,9,3.524089
0.0,27,3.526769
0.0,19,3.527473
0.0,32,3.530846
0.0,24,3.531772
0.0,23,3.534259
0.0,46,3.53608
0.0,8,3.536451
0.0,7,3.53675
0.0,54,3.539978
0.0,11,3.540458
0.0,3,3.540622
0.0,42,3.542106
0.0,9,3.544064
0.0,47,3.545624
0.0,15,3.546259
0.0,17,3.54699
0.0,125,3.553311
0.0,84,3.556139
0.0,21,3.556924
0.0,36,3.558393
0.0,27,3.560903
0.0,15,3.561506
0.0,4,3.561733
0.0,8,3.562162
0.0,9,3.563818
0.0,4,3.56414
0.0,74,3.567161
0.0,12,3.567666
0.0,38,3.57062
0.0,19,3.571477
0.0,16,3.572088
0.0,9,3.57252
0.0,4,3.574432
0.0,17,3.575063
0.0,5,3.57534
0.0,4,3.5756
0.0,178,3.583457
0.0,2,3.583755
0.0,20,3.584568
0.0,17,3.585198
0.0,120,3.59086
0.0,32,3.592004
0.0,10,3.592415
0.0,68,3.594945
0.0,7,3.596991
0.0,35,3.598252
0.0,6,3.598537
0.0,12,3.599005
0.0,8,3.600709
0.0,22,3.60153
0.0,49,3.603262
0.0,6,3.603564
0.0,12,3.605433
0.0,9,3.605829
0.0,19,3.606654
0.0,8,3.607036
0.0,11,3.609181
0.0,40,3.610557
0.0,38,3.611847
0.0,12,3.612343
0.0,16,3.614547
0.0,13,3.615091
0.0,13,3.615586
0.0,48,3.61725
1.0,136,3.623126
0.0,7,3.623491
0.0,6,3.623798
0.0,8,3.624152
1.0,93,3.629241
0.0,11,3.631383
0.0,4,3.631688
0.0,13,3.632407
0.0,33,3.635286
0.0,24,3.636141
0.0,32,3.637708
1.0,29,3.638711
0.0,7,3.640451
0.0,13,3.640979
0.0,51,3.642777
0.0,19,3.643615
0.0,7,3.645703
0.0,21,3.646503
0.0,9,3.646959
0.0,4,3.647182
0.0,13,3.649017
0.0,29,3.650024
0.0,18,3.65069
0.0,15,3.651267
0.0,13,3.653219
0.0,6,3.653528
0.0,22,3.654309
0.0,4,3.654531
0.0,58,3.657863
0.0,10,3.65829
0.0,41,3.659625
0.0,4,3.65985
0.0,23,3.662537
1.0,87,3.665568
0.0,45,3.66713
0.0,11,3.667608
0.0,3,3.669724
2.0,163,3.675252
0.0,32,3.676412
0.0,10,3.676853
0.0,11,3.679124
0.0,5,3.679505
0.0,53,3.681405
0.0,21,3.682252
0.0,119,3.688003
0.0,36,3.68926
0.0,29,3.690257
0.0,5,3.690561
0.0,8,3.693096
0.0,12,3.69363
0.0,37,3.694975
0.0,29,3.69596
0.0,13,3.697967
0.0,87,3.700957
1.0,77,3.703849
0.0,7,3.704207
0.0,3,3.706148
0.0,34,3.707329
0.0,18,3.708001
0.0,27,3.708928
1.0,36,3.711673
0.0,4,3.711937
0.0,27,3.713046
0.0,3,3.713241
0.0,2,3.714791
0.0,6,3.715091
0.0,15,3.715714
0.0,7,3.716072
0.0,5,3.717855
2.0,197,3.72607
0.0,6,3.72662
0.0,23,3.727764
0.0,62,3.73555
0.0,80,3.738269
0.0,10,3.738703
0.0,25,3.739619
0.0,19,3.74211
0.0,2,3.742323
0.0,42,3.744011
0.0,13,3.744545
0.0,15,3.746598
0.0,15,3.747314
0.0,8,3.74772
0.0,108,3.752112
0.0,5,3.754113
0.0,5,3.754431
0.0,154,3.759494
0.0,22,3.760445
0.0,45,3.763587
0.0,24,3.764607
0.0,42,3.766277
0.0,74,3.768738
0.0,10,3.770841
0.0,15,3.771501
0.0,33,3.772793
0.0,12,3.773286
0.0,5,3.775058
0.0,18,3.775717
0.0,23,3.776669
0.0,49,3.778448
0.0,13,3.780506
0.0,9,3.780937
0.0,25,3.781803
0.0,13,3.782306
0.0,26,3.784754
0.0,26,3.785749
0.0,12,3.786226
0.0,5,3.786475
0.0,6,3.788144
1.0,86,3.791538
0.0,12,3.792027
0.0,41,3.793565
0.0,7,3.795858
0.0,5,3.796218
0.0,7,3.796557
0.0,38,3.797863
0.0,10,3.799629
0.0,9,3.800055
0.0,5,3.800311
0.0,11,3.800846
0.0,12,3.803201
0.0,4,3.803499
3.0,188,3.809483
0.0,57,3.811478
0.0,8,3.813379
0.0,42,3.814948
0.0,8,3.815361
0.0,10,3.815789
0.0,33,3.818249
1.0,97,3.821647
0.0,84,3.824572
0.0,12,3.825067
0.0,24,3.827511
0.0,12,3.828009
0.0,14,3.828558
0.0,29,3.829596
0.0,71,3.835255
0.0,11,3.835834
0.0,61,3.837826
0.0,2,3.837983
0.0,4,3.839742
0.0,59,3.841671
0.0,96,3.845234
0.0,4,3.84551
0.0,7,3.847272
0.0,15,3.847873
0.0,16,3.848475
0.0,54,3.850403
0.0,26,3.852953
0.0,16,3.85357
0.0,27,3.85448
0.0,37,3.855727
0.0,10,3.857612
0.0,30,3.859068
0.0,11,3.85951
0.0,19,3.8602
1.0,143,3.867093
0.0,35,3.868875
0.0,19,3.869621
0.0,27,3.870601
1.0,102,3.876122
0.0,10,3.876621
0.0,27,3.877677
0.0,58,3.879834
0.0,19,3.88232
0.0,11,3.882923
0.0,11,3.88338
0.0,14,3.883924
0.0,22,3.886254
0.0,20,3.887173
1.0,83,3.891309
0.0,41,3.893105
0.0,39,3.896519
0.0,29,3.897608
0.0,6,3.898059
0.0,22,3.899366
0.0,8,3.901493
0.0,14,3.902066
1.0,54,3.904088
0.0,15,3.904716
0.0,22,3.907282
0.0,22,3.908114
0.0,70,3.910782
0.0,11,3.911355
0.0,11,3.913667
0.0,11,3.914163
0.0,14,3.914746
0.0,7,3.915052
0.0,7,3.91746
0.0,12,3.918097
0.0,122,3.922713
0.0,5,3.923165
0.0,22,3.925894
0.0,73,3.928517
0.0,18,3.929372
0.0,28,3.930486
0.0,37,3.933288
0.0,24,3.934215
0.0,4,3.934493
1.0,103,3.940101
0.0,8,3.942357
0.0,7,3.942755
0.0,63,3.944799
0.0,35,3.946066
0.0,23,3.94878
0.0,9,3.949208
0.0,7,3.949544
0.0,4,3.949774
0.0,9,3.951569
0.0,30,3.952735
0.0,33,3.953932
1.0,147,3.959497
0.0,54,3.963095
0.0,11,3.96358
0.0,172,3.969611
0.0,33,3.971006
0.0,15,3.973722
0.0,29,3.974706
0.0,11,3.975157
0.0,22,3.975945
0.0,105,3.981288
0.0,2,3.981501
0.0,16,3.982091
1.0,87,3.98507
0.0,12,3.987213
0.0,18,3.987911
0.0,32,3.989149
0.0,40,3.990686
0.0,16,3.992813
0.0,28,3.993787
0.0,6,3.994081
0.0,12,3.994563
0.0,30,3.997184
0.0,5,3.997495
0.0,23,3.998321
0.0,40,3.999649
0.0,124,4.005347
0.0,6,4.005661
0.0,53,4.00857
0.0,12,4.009128
0.0,7,4.011553
0.0,53,4.013334
0.0,7,4.013699
0.0,3,4.013912
0.0,23,4.016349
0.0,5,4.016616
0.0,91,4.019661
0.0,56,4.021647
0.0,13,4.023601
0.0,3,4.023809
0.0,10,4.024288
0.0,17,4.024893
0.0,3,4.026606
0.0,5,4.026886
0.0,32,4.028017
0.0,14,4.02857
0.0,10,4.030427
0.0,84,4.033608
0.0,41,4.035147
0.0,10,4.035571
0.0,3,4.038926
0.0,12,4.039546
0.0,24,4.040498
0.0,9,4.040874
0.0,33,4.043302
0.0,73,4.045991
0.0,12,4.046531
0.0,6,4.04681
0.0,44,4.05005
0.0,27,4.051034
0.0,12,4.05156
0.0,36,4.052993
0.0,5,4.054736
0.0,14,4.055333
0.0,82,4.057909
1.0,71,4.060202
0.0,19,4.062483
0.0,3,4.062701
0.0,16,4.063303
0.0,15,4.063868
0.0,39,4.066599
0.0,38,4.067874
2.0,51,4.069521
0.0,39,4.071039
0.0,23,4.073272
0.0,86,4.076001
0.0,13,4.076524
0.0,43,4.07828
0.0,20,4.08054
0.0,17,4.081196
0.0,4,4.081422
0.0,18,4.082067
0.0,22,4.084283
0.0,49,4.085902
0.0,15,4.086572
1.0,57,4.088663
0.0,44,4.091707
0.0,5,4.091984
0.0,4,4.092257
1.0,199,4.098873
0.0,9,4.101563
0.0,16,4.102275
0.0,3,4.102481
0.0,10,4.102894
0.0,20,4.105049
0.0,4,4.105309
0.0,29,4.1063
0.0,22,4.107082
0.0,4,4.108818
3.0,117,4.112524
0.0,23,4.113468
0.0,34,4.114917
0.0,6,4.116699
1.0,114,4.120592
0.0,18,4.121281
0.0,12,4.121766
0.0,7,4.123924
0.0,2,4.124099
0.0,44,4.125632
0.0,42,4.127064
0.0,24,4.12942
0.0,25,4.130378
0.0,42,4.131775
0.0,14,4.132325
0.0,17,4.134442
0.0,8,4.134833
0.0,5,4.135092
0.0,46,4.136802
0.0,14,4.14045
0.0,6,4.140994
0.0,15,4.141689
0.0,12,4.142192
0.0,12,4.144194
0.0,29,4.145199
0.0,4,4.145437
0.0,12,4.145916
1.0,75,4.149815
0.0,158,4.155291
0.0,9,4.155725
0.0,69,4.158522
0.0,25,4.161099
0.0,23,4.161988
0.0,60,4.163975
0.0,15,4.164536
0.0,12,4.166633
0.0,50,4.168344
0.0,9,4.168744
0.0,37,4.169977
0.0,6,4.171712
0.0,41,4.173233
0.0,21,4.173978
0.0,10,4.174411
0.0,83,4.178545
0.0,8,4.179049
0.0,2,4.179199
0.0,122,4.183869
1.0,64,4.188033
1.0,206,4.194678
0.0,23,4.195773
0.0,59,4.197818
0.0,2,4.199737
0.0,5,4.200021
0.0,4,4.200242
0.0,121,4.204397
0.0,87,4.208955
0.0,87,4.212124
0.0,25,4.213001
1.0,93,4.216988
0.0,133,4.22334
0.0,9,4.223765
0.0,13,4.224371
0.0,9,4.224771
0.0,10,4.226974
0.0,75,4.229471
0.0,9,4.229864
0.0,21,4.230727
0.0,43,4.234117
0.0,28,4.235199
0.0,23,4.236022
0.0,18,4.236674
0.0,19,4.239207
0.0,9,4.239648
0.0,4,4.239885
2.0,88,4.244943
0.0,14,4.247332
0.0,29,4.248344
0.0,12,4.248833
2.0,121,4.252765
0.0,28,4.255256
1.0,81,4.258286
0.0,9,4.258719
0.0,5,4.25898
0.0,15,4.261038
0.0,21,4.261914
0.0,37,4.263218
0.0,19,4.263924
0.0,38,4.266778
0.0,5,4.267044
0.0,35,4.268242
0.0,7,4.268559
3.0,136,4.274669
0.0,10,4.275264
0.0,28,4.276597
0.0,16,4.277215
0.0,8,4.279083
0.0,8,4.27945
0.0,17,4.280052
0.0,9,4.28051
0.0,21,4.283277
0.0,15,4.283952
0.0,41,4.285928
1.0,59,4.288221
0.0,13,4.290296
0.0,14,4.290851
0.0,24,4.291705
0.0,3,4.291906
3.0,119,4.297426
0.0,8,4.297823
0.0,5,4.29808
0.0,16,4.298827
0.0,9,4.301125
0.0,15,4.302044
0.0,4,4.30237
0.0,14,4.303164
0.0,5,4.305921
0.0,34,4.307356
0.0,3,4.307677
0.0,17,4.30835
0.0,56,4.311886
0.0,6,4.312259
0.0,67,4.314562
0.0,41,4.31608
0.0,13,4.318614
0.0,48,4.320248
0.0,3,4.320467
0.0,10,4.320884
0.0,13,4.3229
0.0,19,4.323833
0.0,10,4.324433
0.0,9,4.324825
0.0,15,4.326916
0.0,51,4.328654
0.0,32,4.330327
1.0,38,4.332128
1.0,92,4.337021
0.0,12,4.33761
0.0,24,4.338459
2.0,151,4.345859
0.0,11,4.347967
0.0,54,4.34982
0.0,9,4.350227
0.0,6,4.350543
0.0,7,4.35231
0.0,13,4.352851
0.0,29,4.353916
0.0,9,4.354344
0.0,3,4.356084
0.0,30,4.357129
0.0,66,4.359344
0.0,16,4.360159
0.0,47,4.363664
0.0,10,4.364097
0.0,35,4.365463
0.0,16,4.366123
0.0,99,4.37115
0.0,4,4.371499
0.0,17,4.372164
0.0,5,4.372507
0.0,26,4.375095
0.0,6,4.375389
0.0,8,4.375757
0.0,24,4.37675
1.0,54,4.381495
0.0,10,4.381963
0.0,34,4.383158
0.0,93,4.386375
0.0,18,4.388545
0.0,39,4.390049
0.0,77,4.392841
0.0,62,4.39495
0.0,5,4.397223
0.0,8,4.39768
0.0,68,4.400432
0.0,29,4.401411
0.0,13,4.403585
0.0,43,4.405075
1.0,189,4.411296
0.0,9,4.411733
0.0,15,4.413923
0.0,20,4.414903
0.0,8,4.415323
0.0,6,4.415634
0.0,3,4.417452
0.0,7,4.417793
0.0,4,4.418015
0.0,113,4.422089
2.0,223,4.431274
0.0,8,4.431695
0.0,9,4.432157
0.0,56,4.434258
0.0,12,4.437245
0.0,25,4.438275
0.0,63,4.440721
0.0,86,4.443527
0.0,11,4.44829
0.0,5,4.448632
0.0,10,4.449073
0.0,8,4.449424
0.0,3,4.451191
0.0,7,4.451604
0.0,4,4.451848
0.0,14,4.45241
0.0,10,4.454263
0.0,18,4.454955
0.0,29,4.455947
0.0,21,4.45678
0.0,26,4.45998
0.0,28,4.461154
0.0,5,4.461441
0.0,36,4.462834
0.0,9,4.465191
0.0,15,4.465867
0.0,16,4.466475
0.0,24,4.467406
0.0,177,8.680523
0.0,4,8.686844
0.0,6,8.697981
0.0,11,8.713113
0.0,53,8.79383
0.0,61,8.888621
0.0,40,8.948421
0.0,6,8.959424
0.0,16,8.991353
0.0,16,9.014585
0.0,6,9.020439
0.0,16,9.043693
0.0,31,9.084097
0.0,13,9.095985
0.0,26,9.131097
0.0,6,9.137094
0.0,38,9.196934
0.0,14,9.21366
0.0,14,9.233886
0.0,50,9.297826
0.0,15,9.323784
1.0,171,9.611715
0.0,68,9.717308
0.0,3,9.717743
0.0,95,9.889238
0.0,4,9.898306
1.0,106,10.055927
0.0,26,10.084647
1.0,64,10.173665
0.0,6,10.184968
0.0,21,10.223912
0.0,5,10.230753
0.0,18,10.266809
0.0,4,10.272928
0.0,63,10.371135
0.0,42,10.414963
0.0,12,10.430964
0.0,13,10.442712
0.0,16,10.456578
0.0,21,10.47332
0.0,4,10.478518
0.0,10,10.491002
0.0,89,10.561231
2.0,76,10.612996
0.0,16,10.630195
0.0,22,10.650836
0.0,93,10.716877
0.0,14,10.728349
0.0,9,10.738488
0.0,4,10.742208
0.0,5,10.7455
0.0,5,10.748997
0.0,7,10.756185
0.0,6,10.759434
0.0,5,10.766898
0.0,50,10.804025
0.0,28,10.830217
0.0,36,10.857585
1.0,89,10.918757
0.0,4,10.921861
1.0,88,10.992107
1.0,111,11.074554
0.0,71,11.123234
0.0,32,11.150885
0.0,14,11.160781
0.0,45,11.197635
0.0,60,11.250862
0.0,12,11.260008
0.0,15,11.274345
0.0,46,11.313148
0.0,20,11.328688
0.0,26,11.352299
0.0,3,11.357478
0.0,122,11.450787
0.0,16,11.462507
0.0,45,11.50033
0.0,10,11.508893
0.0,4,11.512783
0.0,3,11.517113
2.0,106,11.631427
0.0,4,11.638636
0.0,87,11.699276
0.0,36,11.723584
0.0,30,11.753499
0.0,11,11.76812
0.0,24,11.792023
0.0,2,11.792266
2.0,218,11.966043
0.0,4,11.970921
0.0,45,12.009236
0.0,6,12.015556
0.0,4,12.019024
0.0,17,12.040785
0.0,8,12.047233
0.0,4,12.049973
0.0,9,12.057298
0.0,146,12.17116
0.0,34,12.218557
0.0,22,12.240228
0.0,18,12.264124
2.0,170,12.44139
2.0,124,12.558453
0.0,110,12.655633
0.0,9,12.664682
0.0,10,12.675328
0.0,55,12.716063
0.0,43,12.746771
0.0,6,12.755375
0.0,26,12.795255
0.0,28,12.821146
0.0,116,12.913988
0.0,12,12.923272
0.0,16,12.9386
0.0,27,12.96525
0.0,12,12.97384
0.0,17,12.987076
0.0,72,13.046775
0.0,78,13.116239
0.0,18,13.126419
0.0,5,13.12883
0.0,21,13.151403
0.0,13,13.164147
0.0,67,13.224131
0.0,18,13.23901
0.0,9,13.247652
0.0,4,13.251436
0.0,30,13.281091
2.0,59,13.33046
0.0,2,13.33266
0.0,90,13.408756
2.0,132,13.51494
0.0,22,13.53062
0.0,8,13.539511
0.0,7,13.5467
0.0,18,13.561214
0.0,10,13.570344
0.0,27,13.59585
0.0,13,13.605288
0.0,70,13.660257
0.0,15,13.678346
0.0,19,13.706366
0.0,6,13.710312
0.0,18,13.747327
0.0,7,13.754392
0.0,8,13.766586
0.0,33,13.797656
0.0,32,13.819729
0.0,78,13.869358
0.0,57,13.919293
0.0,12,13.931288
0.0,68,14.004018
0.0,6,14.00693
0.0,36,14.040752
0.0,11,14.05731
0.0,6,14.06235
0.0,22,14.100936
0.0,26,14.13198
0.0,36,14.165814
0.0,29,14.191233
0.0,12,14.202293
0.0,14,14.213358
0.0,137,14.321424
0.0,12,14.331852
0.0,7,14.337515
0.0,13,14.353139
0.0,12,14.364154
0.0,4,14.367439
0.0,4,14.37108
0.0,13,14.386112
0.0,5,14.39013
0.0,11,14.399113
0.0,138,14.510331
0.0,32,14.53664
0.0,4,14.539595
0.0,63,14.588138
0.0,35,14.619503
0.0,37,14.652647
0.0,33,14.67686
0.0,15,14.691096
0.0,39,14.723153
0.0,7,14.727618
0.0,63,14.773736
0.0,8,14.778364
0.0,41,14.816005
0.0,14,14.830839
0.0,2,14.831066
0.0,68,14.879168
0.0,22,14.894738
0.0,14,14.909609
0.0,20,14.929279
0.0,51,14.978158
0.0,34,15.009664
0.0,99,15.08447
0.0,17,15.099996
0.0,13,15.111185
0.0,55,15.149845
1.0,50,15.187351
0.0,7,15.194901
0.0,13,15.203605
0.0,19,15.218557
0.0,16,15.233471
0.0,13,15.242384
0.0,12,15.251709
0.0,4,15.254676
0.0,10,15.265538
0.0,7,15.268758
1.0,117,15.358329
0.0,18,15.372208
0.0,2,15.377312
1.0,84,15.446887
0.0,7,15.449343
0.0,13,15.458228
0.0,22,15.475195
0.0,13,15.487378
0.0,22,15.506947
0.0,41,15.537351
0.0,19,15.554438
0.0,5,15.558253
0.0,54,15.600602
0.0,4,15.603266
0.0,58,15.651756
0.0,8,15.65721
1.0,96,15.729225
0.0,13,15.738066
0.0,9,15.749197
0.0,8,15.756748
0.0,28,15.779393
0.0,21,15.795803
0.0,13,15.813739
0.0,46,15.8567
0.0,15,15.867623
0.0,8,15.878454
1.0,87,15.96081
0.0,17,15.973369
0.0,16,15.983675
0.0,13,15.996363
0.0,3,15.998239
1.0,59,16.050386
0.0,5,16.053829
0.0,7,16.058712
1.0,71,16.126977
0.0,14,16.137696
0.0,20,16.151764
0.0,2,16.154085
1.0,80,16.21463
0.0,32,16.243687
0.0,3,16.24711
1.0,41,16.276635
0.0,10,16.285578
0.0,4,16.288835
0.0,21,16.312417
0.0,4,16.315588
1.0,66,16.3745
0.0,12,16.383025
1.0,71,16.437597
0.0,32,16.46095
0.0,95,16.551726
0.0,22,16.564258
0.0,45,16.591549
0.0,11,16.60005
0.0,6,16.606272
0.0,38,16.639433
0.0,44,16.668393
0.0,32,16.689322
2.0,84,16.758449
0.0,11,16.765897
0.0,8,16.770457
0.0,59,16.807332
0.0,15,16.817497
0.0,9,16.832074
0.0,9,16.837993
0.0,11,16.848316
0.0,8,16.85635
0.0,21,16.87388
0.0,7,16.879798
0.0,3,16.880047
0.0,7,16.887141
0.0,5,16.890326
0.0,6,16.896733
0.0,3,16.901105
0.0,4,16.90641
0.0,6,16.910463
0.0,26,16.935424
0.0,2,16.935662
0.0,42,16.972378
0.0,90,17.031406
0.0,8,17.040053
0.0,12,17.052253
0.0,5,17.057348
0.0,22,17.076362
0.0,4,17.079573
0.0,65,17.123392
0.0,8,17.130899
0.0,26,17.154588
0.0,16,17.166351
0.0,38,17.189579
0.0,10,17.198558
0.0,3,17.19878
0.0,21,17.217672
0.0,4,17.221191
0.0,59,17.265606
0.0,24,17.279789
0.0,13,17.289685
0.0,11,17.29495
0.0,16,17.306645
0.0,15,17.322125
0.0,19,17.339993
0.0,9,17.347832
0.0,127,17.437454
0.0,40,17.469449
0.0,133,17.563521
0.0,10,17.570765
0.0,105,17.651078
0.0,5,17.654737
0.0,29,17.674889
0.0,7,17.679829
0.0,64,17.730469
0.0,18,17.744588
0.0,12,17.756438
1.0,67,17.805047
1.0,198,17.961828
0.0,44,17.998951
0.0,2,17.99915
0.0,12,18.009453
0.0,11,18.022161
0.0,56,18.072995
0.0,17,18.084572
0.0,38,18.111209
0.0,12,18.121199
0.0,140,18.224817
0.0,46,18.256814
0.0,15,18.272171
0.0,38,18.304214
0.0,6,18.307789
0.0,13,18.320283
0.0,29,18.351989
0.0,6,18.358575
0.0,7,18.367437
0.0,19,18.392185
0.0,20,18.411768
0.0,86,18.507621
0.0,4,18.512331
0.0,9,18.521051
0.0,17,18.544127
0.0,109,18.629733
0.0,18,18.640222
0.0,6,18.645803
0.0,26,18.661895
0.0,12,18.677663
0.0,30,18.700415
0.0,24,18.716657
0.0,121,18.800452
0.0,30,18.828082
0.0,10,18.834371
0.0,19,18.84749
0.0,11,18.857457
0.0,2,18.859003
0.0,22,18.879621
0.0,6,18.882747
0.0,56,18.916009
0.0,19,18.932945
0.0,13,18.94273
0.0,12,18.951402
0.0,18,18.970967
0.0,14,18.983739
0.0,13,18.993619
0.0,18,19.014313
0.0,13,19.024873
0.0,5,19.03009
3.0,179,19.165265
0.0,21,19.185667
0.0,36,19.211229
0.0,37,19.242991
1.0,176,19.364814
2.0,109,19.442166
1.0,114,19.527584
0.0,9,19.536328
0.0,98,19.608419
0.0,14,19.618274
0.0,35,19.637762
0.0,32,19.666238
0.0,18,19.683007
0.0,70,19.730358
0.0,32,19.751049
0.0,2,19.755494
0.0,203,19.906799
0.0,13,19.914844
0.0,9,19.920036
0.0,28,19.946382
0.0,19,19.961064
0.0,5,19.964781
0.0,8,19.971057
0.0,29,19.9992
0.0,13,20.010045
0.0,2,20.010324
0.0,18,20.023111
0.0,2,20.024736
0.0,36,20.053963
0.0,57,20.116731
0.0,50,20.176462
0.0,21,20.203964
0.0,38,20.234874
1.0,40,20.2591
0.0,34,20.278619
0.0,10,20.288951
0.0,14,20.303023
0.0,110,20.374577
0.0,21,20.391013
0.0,39,20.43018
0.0,8,20.437553
0.0,10,20.444057
0.0,18,20.457852
0.0,13,20.466321
0.0,19,20.484813
0.0,26,20.506552
0.0,12,20.515586
0.0,37,20.545384
0.0,23,20.560775
0.0,30,20.581326
0.0,15,20.591249
0.0,14,20.603762
1.0,73,20.659481
0.0,6,20.664502
0.0,11,20.669458
0.0,12,20.677632
1.0,66,20.735034
0.0,35,20.759081
2.0,62,20.796377
2.0,65,20.842307
0.0,9,20.8499
1.0,70,20.891268
0.0,16,20.902369
0.0,15,20.922639
0.0,2,20.922853
0.0,62,20.966216
0.0,5,20.969056
0.0,5,20.972856
0.0,144,21.076551
0.0,22,21.090144
0.0,12,21.103876
0.0,8,21.115234
0.0,7,21.12427
1.0,158,21.251034
0.0,32,21.277474
0.0,7,21.284998
0.0,10,21.291238
0.0,13,21.308137
0.0,4,21.311435
0.0,65,21.364787
0.0,4,21.367664
0.0,52,21.406844
0.0,60,21.458867
1.0,59,21.510926
0.0,9,21.517345
0.0,29,21.541708
2.0,122,21.638557
0.0,2,21.640411
0.0,8,21.648249
0.0,29,21.671219
2.0,155,21.793527
1.0,204,21.956047
0.0,5,21.959933
0.0,9,21.973552
0.0,27,21.994973
0.0,3,22.00018
0.0,14,22.014019
0.0,12,22.029414
0.0,8,22.03686
0.0,15,22.051414
0.0,11,22.06162
0.0,11,22.069974
0.0,32,22.092432
0.0,8,22.100605
0.0,51,22.144113
0.0,19,22.156125
0.0,17,22.169666
0.0,4,22.17502
0.0,23,22.197808
0.0,6,22.204718
0.0,4,22.208253
0.0,13,22.224907
0.0,2,22.229235
0.0,14,22.244527
0.0,11,22.261198
1.0,113,22.382457
0.0,6,22.388809
0.0,11,22.396386
0.0,4,22.401322
0.0,82,22.47415
0.0,30,22.493266
0.0,6,22.498102
0.0,21,22.510947
2.0,111,22.605852
0.0,4,22.608385
0.0,10,22.613349
0.0,18,22.625493
0.0,37,22.657249
0.0,10,22.668482
1.0,82,22.723943
0.0,114,22.811171
0.0,27,22.834198
0.0,53,22.8773
0.0,26,22.893519
0.0,9,22.898809
0.0,8,22.905813
0.0,7,22.911629
0.0,29,22.92818
0.0,16,22.944609
0.0,9,22.958699
0.0,28,22.979659
0.0,6,22.983153
0.0,9,22.988341
0.0,3,22.993083
0.0,31,23.01948
0.0,7,23.025351
0.0,129,23.115881
0.0,16,23.140758
1.0,64,23.2025
0.0,47,23.236921
0.0,46,23.2798
0.0,2,23.284824
0.0,4,23.288164
0.0,6,23.292677
0.0,5,23.29638
0.0,6,23.304737
0.0,15,23.322305
0.0,18,23.333783
0.0,7,23.34001
0.0,69,23.40145
0.0,21,23.415472
0.0,21,23.429967
0.0,23,23.443567
0.0,5,23.4546
0.0,5,23.457901
0.0,12,23.469767
0.0,45,23.503317
0.0,14,23.519186
0.0,4,23.524805
0.0,16,23.537101
0.0,15,23.54688
0.0,3,23.554291
0.0,14,23.566978
0.0,6,23.570064
0.0,57,23.613994
0.0,55,23.662831
0.0,7,23.669627
0.0,73,23.722175
0.0,6,23.728564
0.0,5,23.733489
0.0,4,23.736312
0.0,56,23.785908
0.0,18,23.796908
0.0,28,23.823669
0.0,8,23.829631
0.0,63,23.88544
0.0,68,23.928671
0.0,94,24.011572
0.0,70,24.060555
0.0,11,24.071331
0.0,13,24.082429
0.0,38,24.115373
0.0,20,24.13188
0.0,55,24.173286
0.0,3,24.178813
0.0,11,24.19129
0.0,193,24.347676
0.0,19,24.366077
0.0,8,24.373497
0.0,12,24.387846
0.0,20,24.409771
0.0,3,24.413338
2.0,121,24.518469
0.0,4,24.523237
0.0,4,24.526133
0.0,38,24.557979
0.0,18,24.574431
0.0,13,24.586876
0.0,5,24.590134
0.0,34,24.620403
0.0,19,24.634123
0.0,27,24.656318
1.0,68,24.706627
0.0,25,24.724313
0.0,7,24.727567
1.0,66,24.781627
0.0,13,24.792703
0.0,18,24.80677
0.0,2,24.807026
0.0,29,24.834309
0.0,13,24.845134
0.0,51,24.876146
0.0,52,24.92931
0.0,31,24.958997
1.0,163,25.10655
1.0,150,25.232331
0.0,10,25.241664
0.0,3,25.246963
0.0,39,25.279476
0.0,23,25.300274
0.0,8,25.307107
0.0,34,25.340597
1.0,46,25.375489
0.0,33,25.403796
0.0,16,25.416622
0.0,122,25.522078
0.0,6,25.52561
0.0,78,25.591957
0.0,8,25.600607
1.0,125,25.709147
0.0,3,25.712928
0.0,21,25.727804
0.0,22,25.745975
0.0,12,25.7607
0.0,7,25.76458
0.0,20,25.781631
0.0,12,25.789844
0.0,5,25.799312
0.0,31,25.826956
0.0,114,25.923054
0.0,4,25.926563
0.0,40,25.961838
0.0,13,25.971835
0.0,6,25.979584
0.0,62,26.032802
0.0,11,26.044073
0.0,66,26.095701
0.0,7,26.103579
1.0,63,26.153354
0.0,6,26.159885
0.0,55,26.20797
0.0,12,26.218398
0.0,47,26.257073
0.0,31,26.288044
2.0,107,26.373948
0.0,25,26.392284
0.0,8,26.397011
1.0,81,26.463409
0.0,17,26.47878
0.0,16,26.495278
0.0,9,26.502857
0.0,11,26.51918
0.0,12,26.533697
0.0,29,26.562817
0.0,9,26.575962
0.0,14,26.60439
0.0,15,26.621556
0.0,10,26.629563
0.0,2,26.632837
0.0,3,26.637624
0.0,96,26.720706
0.0,15,26.730474
0.0,14,26.742344
1.0,145,26.870371
1.0,204,27.047279
0.0,18,27.066843
0.0,54,27.114976
0.0,203,27.29046
0.0,47,27.329529
0.0,19,27.343324
0.0,33,27.370951
0.0,39,27.402761
0.0,18,27.420183
0.0,10,27.428561
0.0,6,27.435737
0.0,8,27.444791
0.0,20,27.45992
0.0,54,27.505392
0.0,43,27.545759
0.0,14,27.561557
2.0,89,27.637346
0.0,36,27.664753
0.0,3,27.667593
0.0,26,27.692198
0.0,6,27.70022
0.0,7,27.70377
0.0,3,27.707004
0.0,35,27.741284
1.0,192,27.903679
0.0,13,27.911451
1.0,86,27.986385
0.0,41,28.027089
0.0,7,28.033185
0.0,83,28.097734
0.0,39,28.129715
0.0,46,28.173867
0.0,11,28.183375
0.0,36,28.210139
0.0,8,28.215974
0.0,7,28.222746
0.0,5,28.225909
0.0,11,28.237015
0.0,8,28.245358
1.0,83,28.309515
0.0,16,28.320433
1.0,56,28.368227
0.0,25,28.386431
0.0,13,28.398934
0.0,66,28.453722
3.0,203,28.605114
0.0,5,28.607931
0.0,11,28.616624
0.0,203,28.819715
0.0,8,28.82604
0.0,88,28.90464
0.0,15,28.923675
0.0,125,29.029583
0.0,62,29.078578
0.0,12,29.09089
0.0,16,29.108514
0.0,18,29.122236
1.0,50,29.16311
0.0,27,29.189076
0.0,23,29.210336
0.0,18,29.226388
0.0,11,29.23554
2.0,206,29.399363
0.0,12,29.412061
0.0,11,29.422784
0.0,4,29.425809
0.0,5,29.428602
0.0,8,29.436911
0.0,45,29.474806
1.0,94,29.543359
0.0,8,29.54824
0.0,3,29.552495
0.0,9,29.557762
0.0,8,29.568516
0.0,31,29.594247
0.0,11,29.602556
0.0,76,29.657583
0.0,10,29.66476
0.0,28,29.687783
0.0,26,29.709432
0.0,2,29.713705
0.0,39,29.746715
0.0,33,29.778849
0.0,13,29.79351
0.0,21,29.813208
0.0,29,29.840464
0.0,8,29.847296
0.0,7,29.852479
1.0,105,29.932815
0.0,5,29.935786
0.0,5,29.938374
0.0,28,29.963786
0.0,62,30.016743
0.0,45,30.045332
0.0,5,30.048477
0.0,65,30.104057
0.0,41,30.135802
0.0,28,30.15428
0.0,24,30.1696
0.0,114,30.256967
0.0,14,30.266517
0.0,5,30.268976
0.0,5,30.271914
0.0,42,30.311403
0.0,198,30.454859
0.0,32,30.477957
0.0,7,30.484919
0.0,7,30.491971
0.0,10,30.502773
0.0,84,30.561329
0.0,23,30.576434
1.0,138,30.678646
0.0,7,30.684893
0.0,45,30.717326
0.0,122,30.803876
1.0,164,30.961339
0.0,18,30.970514
0.0,9,30.97859
0.0,65,31.030148
0.0,10,31.037271
0.0,66,31.084964
0.0,47,31.126483
0.0,61,31.163369
0.0,4,31.167262
0.0,8,31.172173
0.0,55,31.221439
0.0,7,31.225619
0.0,11,31.235482
0.0,12,31.246576
0.0,35,31.274327
0.0,4,31.277067
0.0,2,31.278862
0.0,61,31.333384
0.0,11,31.33908
0.0,139,31.441272
1.0,47,31.480201
0.0,6,31.483655
0.0,68,31.536318
0.0,8,31.542048
0.0,29,31.568685
0.0,14,31.578633
0.0,5,31.581762
0.0,16,31.591667
0.0,6,31.598918
0.0,10,31.610888
0.0,68,31.663503
0.0,18,31.675999
0.0,6,31.680725
0.0,20,31.697212
0.0,15,31.712938
0.0,53,31.756151
0.0,7,31.763062
0.0,5,31.765651
0.0,4,31.770073
0.0,4,31.77382
0.0,7,31.78261
0.0,27,31.806987
0.0,56,31.856889
0.0,35,31.884239
0.0,12,31.894478
0.0,27,31.92206
1.0,183,32.058914
0.0,4,32.062533
0.0,24,32.084821
0.0,11,32.093538
0.0,79,32.154766
2.0,130,32.238026
0.0,7,32.247826
0.0,21,32.263022
0.0,17,32.275161
0.0,64,32.319897
0.0,4,32.327141
0.0,72,32.380349
0.0,7,32.385132
0.0,63,32.429792
0.0,24,32.450347
0.0,43,32.486013
0.0,29,32.506423
0.0,9,32.511985
0.0,15,32.529921
0.0,45,32.561892
0.0,55,32.601041
1.0,117,32.687491
0.0,21,32.702363
0.0,69,32.767436
0.0,69,32.814787
0.0,41,32.848794
0.0,18,32.869833
1.0,91,32.932791
0.0,13,32.944994
0.0,16,32.960527
0.0,15,32.975516
0.0,6,32.98304
0.0,126,33.09877
0.0,12,33.106769
0.0,63,33.161238
0.0,17,33.172024
0.0,38,33.196371
0.0,24,33.211094
0.0,5,33.215019
0.0,55,33.261764
0.0,5,33.265071
0.0,8,33.269912
0.0,4,33.274669
0.0,43,33.307805
0.0,28,33.326554
0.0,5,33.32949
0.0,10,33.341407
0.0,11,33.34727
0.0,8,33.354907
0.0,27,33.374382
0.0,7,33.382023
0.0,3,33.384769
0.0,8,33.393007
0.0,27,33.411727
0.0,34,33.445306
0.0,7,33.45062
0.0,22,33.467171
0.0,15,33.477589
0.0,5,33.482446
0.0,11,33.490688
0.0,43,33.526107
0.0,24,33.543654
0.0,26,33.567891
0.0,5,33.571164
0.0,19,33.586601
0.0,17,33.599469
0.0,15,33.612183
3.0,225,33.77685
0.0,22,33.790831
0.0,88,33.859254
0.0,10,33.86657
1.0,93,33.934086
0.0,10,33.938728
0.0,27,33.960631
0.0,20,33.983865
0.0,16,33.999468
0.0,19,34.01758
0.0,5,34.021641
0.0,6,34.02655
0.0,19,34.049057
0.0,36,34.081003
0.0,21,34.09459
0.0,3,34.098918
0.0,15,34.110049
0.0,212,34.276717
0.0,8,34.282702
0.0,30,34.308315
0.0,201,34.449992
0.0,71,34.501449
0.0,18,34.514121
0.0,7,34.521652
0.0,9,34.530949
0.0,6,34.536281
0.0,9,34.546364
0.0,15,34.560677
0.0,25,34.584163
0.0,8,34.589865
0.0,10,34.596065
0.0,16,34.609349
0.0,70,34.66512
1.0,190,34.806396
0.0,11,34.816134
0.0,45,34.854954
0.0,55,34.899311
0.0,9,34.905119
0.0,59,34.942868
0.0,2,34.94446
0.0,22,34.966734
0.0,7,34.972115
0.0,7,34.975117
0.0,5,34.985147
0.0,43,35.015462
0.0,8,35.021033
1.0,105,35.10105
0.0,33,35.134544
0.0,5,35.137918
0.0,38,35.183884
0.0,13,35.196184
2.0,138,35.299696
0.0,15,35.310918
0.0,33,35.335602
0.0,10,35.342208
0.0,5,35.346725
0.0,7,35.351883
2.0,97,35.427872
0.0,25,35.443029
0.0,5,35.449099
0.0,102,35.532953
0.0,21,35.546894
0.0,49,35.590577
0.0,6,35.595984
0.0,22,35.615149
2.0,124,35.713574
0.0,4,35.716161
0.0,7,35.720841
0.0,9,35.728651
0.0,12,35.739903
0.0,14,35.750962
0.0,4,35.755935
0.0,51,35.800833
0.0,8,35.80662
0.0,17,35.819306
0.0,60,35.86973
1.0,58,35.921063
0.0,2,35.921323
0.0,28,35.942824
0.0,50,35.989594
0.0,13,35.997704
0.0,2,35.997914
0.0,110,36.093118
1.0,72,36.157654
0.0,17,36.170396
1.0,96,36.254543
0.0,75,36.326854
0.0,62,36.380563
0.0,18,36.402037
0.0,8,36.408529
0.0,22,36.425905
0.0,13,36.441939
0.0,12,36.451985
0.0,44,36.484857
0.0,14,36.501167
0.0,23,36.52462
0.0,22,36.540922
0.0,17,36.56009
1.0,114,36.662717
0.0,18,36.686326
0.0,2,36.686563
0.0,8,36.693567
0.0,18,36.712059
0.0,14,36.724511
0.0,21,36.739531
0.0,2,36.74237
0.0,12,36.751221
0.0,45,36.790002
0.0,44,36.829939
0.0,8,36.835578
0.0,8,36.841189
0.0,9,36.848579
1.0,85,36.916705
0.0,16,36.932667
0.0,13,36.942075
0.0,23,36.965257
0.0,28,36.987497
0.0,13,36.995008
0.0,27,37.020393
0.0,2,37.022152
0.0,12,37.032131
0.0,11,37.044989
0.0,7,37.051385
0.0,7,37.056829
0.0,56,37.10001
0.0,10,37.110285
0.0,28,37.136619
0.0,22,37.154999
0.0,4,37.15858
0.0,3,37.162167
0.0,11,37.170953
0.0,30,37.194541
0.0,18,37.212425
0.0,8,37.220152
0.0,30,37.245566
0.0,23,37.271248
1.0,73,37.344947
0.0,9,37.353063
1.0,94,37.413283
0.0,9,37.420996
0.0,8,37.430447
0.0,54,37.469225
0.0,13,37.476351
0.0,11,37.487083
0.0,14,37.4997
1.0,96,37.576402
0.0,28,37.595654
0.0,20,37.614715
0.0,37,37.648991
0.0,5,37.651965
1.0,135,37.771318
0.0,22,37.79116
0.0,4,37.79505
0.0,40,37.835546
0.0,4,37.83911
0.0,13,37.851124
0.0,12,37.860991
0.0,14,37.872185
0.0,14,37.880515
0.0,13,37.896012
0.0,58,37.944067
0.0,59,37.9905
0.0,12,37.999251
0.0,18,38.022586
0.0,5,38.030674
0.0,6,38.034373
0.0,10,38.043823
0.0,9,38.051325
0.0,18,38.066117
1.0,68,38.112991
0.0,24,38.131875
0.0,15,38.150288
0.0,4,38.153141
1.0,94,38.221333
0.0,12,38.231105
0.0,37,38.264283
0.0,13,38.273813
0.0,5,38.276782
0.0,3,38.279582
1.0,43,38.318928
0.0,31,38.350245
0.0,6,38.354309
0.0,4,38.358564
0.0,3,38.363107
0.0,20,38.3815
0.0,14,38.392513
0.0,45,38.426292
0.0,36,38.459653
0.0,41,38.49323
0.0,8,38.499129
0.0,13,38.507813
0.0,8,38.515754
0.0,11,38.530358
0.0,7,38.539644
0.0,23,38.556515
0.0,11,38.568693
0.0,7,38.576035
0.0,13,38.584618
2.0,80,38.656044
0.0,54,38.701363
0.0,48,38.741188
0.0,86,38.813001
0.0,44,38.8469
0.0,10,38.862818
0.0,35,38.887665
0.0,11,38.896679
0.0,64,38.937093
0.0,23,38.959018
0.0,8,38.965078
0.0,4,38.968209
0.0,21,38.986935
0.0,15,39.002549
0.0,70,39.063403
0.0,2,39.067051
0.0,18,39.079721
0.0,14,39.094954
0.0,42,39.125662
0.0,20,39.141303
0.0,13,39.155563
0.0,44,39.196942
0.0,20,39.211573
0.0,7,39.214942
0.0,15,39.226018
0.0,16,39.241199
0.0,13,39.253291
0.0,65,39.305239
0.0,10,39.310436
0.0,93,39.395557
0.0,15,39.409662
0.0,6,39.416469
0.0,32,39.447491
1.0,119,39.532814
0.0,11,39.53974
0.0,7,39.545787
0.0,102,39.620945
0.0,25,39.648052
0.0,58,39.6951
0.0,5,39.698257
0.0,3,39.701641
0.0,27,39.733309
0.0,49,39.77808
0.0,3,39.782214
1.0,54,39.830437
0.0,32,39.865907
0.0,17,39.881558
0.0,19,39.898136
0.0,3,39.901151
0.0,9,39.910709
0.0,12,39.922976
0.0,11,39.931421
0.0,12,39.941492
0.0,13,39.954068
2.0,165,40.104492
0.0,15,40.116087
0.0,8,40.123698
0.0,15,40.138075
0.0,68,40.197218
1.0,52,40.240855
0.0,2,40.244255
0.0,14,40.25637
0.0,6,40.262985
0.0,11,40.272148
0.0,11,40.282667
1.0,50,40.326276
0.0,29,40.35147
0.0,15,40.363839
0.0,9,40.373381
0.0,6,40.379734
0.0,65,40.448581
0.0,11,40.455906
0.0,4,40.460451
0.0,31,40.491051
1.0,63,40.547335
0.0,9,40.55541
0.0,40,40.591892
0.0,51,40.640473
0.0,6,40.644005
0.0,3,40.646843
0.0,10,40.656214
0.0,31,40.69045
0.0,7,40.697622
0.0,124,40.803358
0.0,14,40.815189
0.0,47,40.856171
0.0,7,40.862993
0.0,14,40.87825
0.0,61,40.929309
0.0,4,40.93545
0.0,26,40.955394
0.0,2,40.958143
0.0,21,40.974796
1.0,61,41.030428
0.0,69,41.089462
0.0,13,41.101583
0.0,8,41.108495
0.0,8,41.116589
0.0,9,41.122751
0.0,6,41.128796
0.0,52,41.17333
3.0,194,41.342504
0.0,10,41.351724
0.0,31,41.375788
0.0,12,41.388029
0.0,38,41.421829
0.0,12,41.432766
0.0,3,41.435962
0.0,41,41.467468
0.0,18,41.485244
1.0,61,41.553798
0.0,26,41.577104
0.0,5,41.580771
0.0,66,41.64433
0.0,7,41.6511
0.0,45,41.682956
0.0,64,41.738538
0.0,39,41.777584
0.0,20,41.795427
0.0,55,41.844294
0.0,40,41.877466
0.0,6,41.886407
0.0,4,41.890216
0.0,49,41.932229
1.0,40,41.963063
2.0,116,42.065423
0.0,9,42.072439
0.0,63,42.133125
0.0,43,42.168794
0.0,5,42.174554
0.0,9,42.181389
0.0,6,42.18878
0.0,36,42.221646
0.0,18,42.23749
0.0,3,42.241264
0.0,20,42.257572
0.0,91,42.341666
0.0,41,42.385407
0.0,11,42.397466
0.0,41,42.448287
0.0,42,42.51678
0.0,15,42.551776
0.0,23,42.588414
0.0,13,42.60558
0.0,14,42.628622
0.0,81,42.741444
0.0,5,42.746714
0.0,21,42.765634
0.0,4,42.768438
0.0,20,42.787527
0.0,164,42.925581
0.0,5,42.92883
0.0,5,42.932655
0.0,2,42.938117
0.0,7,42.942785
1.0,70,42.999044
0.0,2,42.999304
0.0,18,43.022091
0.0,45,43.058839
0.0,4,43.062902
0.0,17,43.078603
0.0,12,43.090348
0.0,18,43.107789
0.0,40,43.141324
0.0,5,43.144649
0.0,5,43.149332
0.0,16,43.162449
2.0,109,43.245343
0.0,12,43.255117
0.0,10,43.262459
0.0,32,43.290696
0.0,17,43.304917
0.0,4,43.308089
0.0,5,43.316185
0.0,7,43.319739
0.0,10,43.332798
1.0,55,43.378459
0.0,4,43.38337
0.0,44,43.424322
0.0,26,43.447605
0.0,23,43.469178
0.0,73,43.5271
0.0,30,43.555842
0.0,20,43.570144
0.0,5,43.572785
0.0,44,43.611383
0.0,5,43.614395
0.0,11,43.623522
0.0,13,43.63814
0.0,5,43.649019
1.0,56,43.743332
0.0,5,43.75237
0.0,28,43.774124
0.0,13,43.784362
1.0,115,43.886788
0.0,8,43.894387
0.0,15,43.904599
0.0,29,43.941845
0.0,10,43.948106
0.0,26,43.971377
0.0,7,43.975049
0.0,61,44.029195
0.0,14,44.041868
0.0,18,44.05808
0.0,51,44.098499
1.0,164,44.241085
0.0,11,44.25526
1.0,95,44.332907
0.0,45,44.372957
0.0,9,44.380975
0.0,11,44.390833
0.0,9,44.396676
0.0,3,44.399693
0.0,18,44.418473
0.0,12,44.427992
0.0,5,44.430939
0.0,68,44.482204
0.0,15,44.495534
2.0,81,44.557631
0.0,25,44.580059
0.0,6,44.585284
0.0,22,44.601598
1.0,37,44.627754
0.0,31,44.647384
0.0,33,44.673404
0.0,13,44.687992
0.0,8,44.694776
0.0,9,44.702012
0.0,11,44.710648
0.0,10,44.718785
0.0,15,44.731291
0.0,3,44.734894
0.0,13,44.744275
0.0,34,44.779138
0.0,11,44.790013
0.0,47,44.82597
0.0,6,44.82872
2.0,153,44.946854
0.0,27,44.965908
1.0,51,45.006186
0.0,16,45.016609
0.0,7,45.024371
0.0,74,45.084342
1.0,81,45.138586
0.0,5,45.141021
0.0,19,45.158137
0.0,24,45.186445
0.0,11,45.192876
0.0,3,45.195943
0.0,3,45.200607
0.0,12,45.210514
0.0,12,45.22394
0.0,26,45.241473
1.0,32,45.269498
0.0,12,45.2789
0.0,29,45.303203
0.0,9,45.308626
0.0,8,45.315456
0.0,106,45.40164
1.0,109,45.470851
0.0,5,45.473161
0.0,13,45.484713
0.0,18,45.502632
0.0,14,45.51265
0.0,10,45.519917
3.0,162,45.654462
0.0,3,45.657793
0.0,12,45.668636
0.0,38,45.70305
0.0,42,45.742602
1.0,68,45.807894
0.0,22,45.833394
0.0,17,45.85691
0.0,13,45.889343
0.0,8,45.89913
1.0,90,45.973828
0.0,35,46.008274
0.0,36,46.042544
0.0,56,46.102507
0.0,16,46.117496
0.0,84,46.195307
0.0,24,46.219995
0.0,16,46.233139
0.0,52,46.281066
0.0,13,46.294096
0.0,24,46.319136
0.0,8,46.326231
0.0,14,46.337799
0.0,8,46.343984
0.0,35,46.379845
0.0,6,46.383013
0.0,92,46.45969
0.0,20,46.472953
0.0,3,46.477706
0.0,13,46.485989
0.0,4,46.489027
0.0,32,46.521322
0.0,7,46.528949
0.0,4,46.532815
0.0,11,46.543146
0.0,57,46.581455
0.0,5,46.585944
0.0,13,46.595528
0.0,3,46.598171
0.0,11,46.610482
0.0,19,46.631474
0.0,47,46.666826
0.0,5,46.674121
0.0,14,46.684199
0.0,92,46.7676
0.0,18,46.785222
0.0,7,46.78993
0.0,5,46.798354
0.0,35,46.832262
0.0,6,46.839268
0.0,33,46.866102
0.0,21,46.881385
0.0,14,46.898757
0.0,5,46.902138
0.0,9,46.909121
0.0,21,46.929271
0.0,13,46.941403
0.0,15,46.956115
0.0,55,47.003103
0.0,21,47.023914
0.0,7,47.029859
0.0,5,47.037679
0.0,65,47.104807
1.0,37,47.134359
0.0,3,47.138944
0.0,31,47.16784
0.0,8,47.174986
0.0,13,47.18347
0.0,31,47.216987
1.0,89,47.287339
0.0,60,47.33971
0.0,19,47.355896
0.0,22,47.376483
0.0,13,47.385506
0.0,6,47.391365
0.0,7,47.39728
0.0,26,47.424626
0.0,18,47.441164
0.0,13,47.450546
0.0,22,47.464951
0.0,19,47.484191
0.0,6,47.491781
0.0,17,47.504515
0.0,3,47.507277
0.0,8,47.517502
0.0,37,47.550829
0.0,48,47.585424
0.0,24,47.601806
0.0,144,47.725585
0.0,28,47.748775
3.0,109,47.846471
0.0,2,47.849483
0.0,2,47.851352
2.0,136,47.967476
0.0,20,47.986223
0.0,32,48.015046
0.0,9,48.026836
0.0,9,48.040123
0.0,33,48.070637
0.0,19,48.085894
0.0,4,48.09141
0.0,33,48.117836
1.0,102,48.192391
0.0,83,48.255485
0.0,15,48.27323
0.0,10,48.282081
0.0,8,48.291582
0.0,45,48.345876
0.0,36,48.379603
0.0,97,48.463158
0.0,72,48.51826
0.0,4,48.520996
0.0,25,48.546077
0.0,16,48.560108
0.0,12,48.568697
0.0,9,48.574601
0.0,2,48.579253
0.0,22,48.595549
0.0,17,48.610258
0.0,12,48.619632
0.0,12,48.632065
0.0,39,48.663759
0.0,24,48.68214
0.0,4,48.684515
0.0,18,48.701823
0.0,3,48.705534
0.0,14,48.714736
0.0,5,48.718052
0.0,10,48.728208
0.0,63,48.783009
0.0,6,48.7861
0.0,24,48.803773
0.0,13,48.817013
0.0,17,48.836398
0.0,17,48.85215
0.0,16,48.867224
0.0,19,48.887741
0.0,96,48.966348
0.0,21,48.986524
0.0,41,49.01373
0.0,21,49.036172
0.0,2,49.04103
0.0,6,49.043798
0.0,7,49.050813
0.0,6,49.059422
0.0,10,49.065856
0.0,22,49.085016
0.0,18,49.096605
1.0,36,49.126433
3.0,133,49.23486
0.0,8,49.240213
0.0,32,49.269734
0.0,15,49.284261
0.0,11,49.295718
2.0,206,49.463497
0.0,43,49.496863
0.0,70,49.552367
0.0,54,49.59247
0.0,16,49.603353
0.0,70,49.648131
0.0,4,49.654179
0.0,52,49.694591
0.0,10,49.699384
0.0,5,49.701775
0.0,71,49.761538
0.0,29,49.784385
0.0,5,49.789473
0.0,6,49.792797
2.0,258,49.998559
0.0,49,50.029098
0.0,18,50.040884
0.0,6,50.045975
0.0,8,50.054102
0.0,5,50.058322
0.0,18,50.079603
0.0,7,50.084088
0.0,2,50.089037
0.0,2,50.089251
0.0,44,50.133225
0.0,21,50.154938
0.0,10,50.167459
0.0,13,50.181794
0.0,8,50.187864
1.0,67,50.234411
0.0,24,50.254155
1.0,85,50.317811
0.0,40,50.342952
0.0,6,50.3473
0.0,10,50.354086
0.0,10,50.367747
0.0,4,50.371578
0.0,96,50.444062
0.0,16,50.4591
0.0,47,50.502416
0.0,3,50.502716
0.0,16,50.514587
0.0,11,50.526145
0.0,8,50.534255
0.0,32,50.558758
0.0,5,50.561562
0.0,10,50.573454
0.0,14,50.586065
0.0,7,50.592505
0.0,14,50.605723
0.0,9,50.613682
0.0,83,50.677165
0.0,2,50.677411
0.0,23,50.699598
0.0,28,50.723248
0.0,30,50.74436
0.0,29,50.766924
0.0,4,50.769759
0.0,9,50.778406
0.0,3,50.781111
0.0,14,50.789087
0.0,6,50.794183
0.0,16,50.811293
1.0,59,50.849107
0.0,12,50.856049
1.0,76,50.918154
1.0,90,50.996547
0.0,38,51.024738
0.0,21,51.039909
0.0,6,51.042513
0.0,11,51.052486
0.0,24,51.074685
0.0,34,51.102117
0.0,79,51.161153
0.0,15,51.184614
0.0,44,51.225417
0.0,142,51.335872
0.0,9,51.344769
0.0,25,51.368071
0.0,6,51.371659
1.0,103,51.843962
0.0,20,51.85866
0.0,14,51.875412
0.0,16,51.886647
0.0,3,51.886974
0.0,14,51.900087
0.0,56,51.944934
0.0,3,51.947287
0.0,28,51.966467
0.0,12,51.974713
0.0,12,51.984172
0.0,6,51.987952
0.0,5,51.996667
1.0,37,52.030038
0.0,22,52.049645
0.0,23,52.067523
0.0,113,52.152005
0.0,43,52.180039
0.0,7,52.187061
0.0,6,52.190105
0.0,33,52.226478
0.0,50,52.276133
0.0,4,52.281393
0.0,47,52.329891
0.0,6,52.33316
1.0,60,52.37411
1.0,55,52.423227
0.0,22,52.439365
0.0,4,52.441885
0.0,25,52.463477
0.0,6,52.467925
0.0,6,52.473066
0.0,9,52.482229
0.0,11,52.492342
0.0,44,52.533512
0.0,9,52.540416
0.0,14,52.549612
0.0,14,52.563194
0.0,59,52.612287
0.0,39,52.644392
1.0,112,52.7392
0.0,23,52.758343
0.0,32,52.78675
0.0,7,52.792954
0.0,112,52.87453
0.0,14,52.881659
0.0,2,52.885642
0.0,45,52.920674
0.0,5,52.924799
3.0,209,53.08776
0.0,3,53.089777
0.0,18,53.102619
0.0,8,53.11243
0.0,59,53.164684
0.0,66,53.222498
0.0,17,53.236268
0.0,18,53.253579
0.0,7,53.260643
0.0,23,53.279771
0.0,12,53.291852
0.0,53,53.341993
0.0,52,53.38515
0.0,5,53.390616
1.0,86,53.467635
0.0,9,53.477031
0.0,7,53.48169
0.0,3,53.487076
1.0,107,53.577907
0.0,62,53.627191
0.0,15,53.640393
0.0,22,53.664184
0.0,8,53.670341
0.0,7,53.673694
0.0,3,53.676398
0.0,20,53.695745
1.0,133,53.802792
0.0,7,53.809242
0.0,18,53.825726
0.0,20,53.850828
0.0,16,53.864893
0.0,7,53.868248
0.0,57,53.918329
0.0,13,53.934033
0.0,38,53.962419
0.0,11,53.970887
0.0,17,53.982264
0.0,6,53.989288
0.0,13,54.000988
0.0,22,54.02094
2.0,144,54.120318
0.0,38,54.155829
0.0,12,54.165281
0.0,9,54.171001
0.0,4,54.173915
0.0,3,54.178362
0.0,4,54.181111
0.0,11,54.192267
0.0,22,54.211012
0.0,37,54.243754
0.0,9,54.25316
0.0,5,54.256353
0.0,3,54.259772
0.0,10,54.267651
0.0,2,54.270796
0.0,30,54.294674
0.0,38,54.322721
0.0,73,54.401554
0.0,19,54.420579
0.0,39,54.452957
0.0,10,54.462867
0.0,15,54.476843
0.0,13,54.486434
0.0,30,54.510572
0.0,65,54.556823
0.0,2,54.559979
0.0,52,54.601761
0.0,21,54.616998
0.0,8,54.621873
0.0,7,54.625909
0.0,20,54.643002
0.0,14,54.658157
0.0,36,54.685516
0.0,30,54.709508
0.0,16,54.72347
0.0,54,54.765211
0.0,31,54.790349
0.0,45,54.82992
0.0,9,54.834563
2.0,128,54.925586
1.0,62,54.977019
0.0,75,55.039949
0.0,19,55.05496
0.0,7,55.061641
0.0,13,55.073147
0.0,12,55.084409
0.0,7,55.091283
0.0,18,55.104616
0.0,29,55.127784
0.0,5,55.132069
0.0,14,55.141947
0.0,14,55.15511
0.0,47,55.193629
0.0,53,55.232954
0.0,43,55.261802
0.0,11,55.26715
0.0,37,55.29604
0.0,36,55.326739
0.0,20,55.341649
0.0,78,55.413359
0.0,62,55.462295
0.0,36,55.494388
0.0,23,55.507163
0.0,4,55.510166
0.0,24,55.526068
0.0,5,55.532696
1.0,113,55.615829
0.0,8,55.62027
0.0,27,55.637997
0.0,76,55.702194
0.0,2,55.702394
1.0,123,55.792795
0.0,21,55.808632
0.0,64,55.867903
0.0,6,55.873497
0.0,16,55.887535
0.0,23,55.904405
0.0,16,55.920478
0.0,4,55.92425
0.0,3,55.927614
0.0,8,55.934034
0.0,9,55.9437
0.0,5,55.949841
0.0,8,55.955603
1.0,56,56.007036
0.0,10,56.015166
1.0,66,56.071468
3.0,293,56.318082
0.0,11,56.32664
0.0,53,56.377926
0.0,9,56.385015
0.0,4,56.388691
0.0,17,56.401153
0.0,13,56.418374
1.0,40,56.452277
1.0,82,56.552335
0.0,40,56.598521
0.0,4,56.602805
0.0,2,56.605791
1.0,96,56.677783
0.0,8,56.684741
1.0,164,56.812056
0.0,12,56.823125
0.0,13,56.831022
0.0,45,56.859845
0.0,3,56.864209
0.0,116,56.974158
0.0,7,56.990597
0.0,11,57.000334
0.0,26,57.031774
0.0,18,57.045198
0.0,23,57.064677
0.0,36,57.093551
0.0,8,57.100846
0.0,34,57.134149
0.0,2,57.13436
0.0,3,57.137191
0.0,7,57.146175
0.0,14,57.155416
1.0,269,57.358482
0.0,11,57.367821
0.0,5,57.373801
0.0,13,57.390316
2.0,192,57.559292
0.0,5,57.563729
0.0,40,57.604285
0.0,31,57.631571
1.0,105,57.716505
0.0,23,57.734359
0.0,9,57.741723
0.0,7,57.747911
0.0,15,57.759844
0.0,23,57.778507
0.0,8,57.785353
0.0,35,57.816857
3.0,177,57.962602
0.0,2,57.96513
0.0,44,58.004297
0.0,53,58.050451
0.0,38,58.079152
0.0,20,58.093189
0.0,15,58.107354
0.0,16,58.126885
0.0,69,58.173062
1.0,160,58.29812
0.0,44,58.34277
0.0,12,58.352824
0.0,5,58.358531
0.0,10,58.364518
0.0,17,58.381065
0.0,8,58.388097
0.0,42,58.428653
0.0,10,58.435798
0.0,9,58.447763
0.0,10,58.455562
0.0,66,58.507779
0.0,48,58.551523
0.0,20,58.570011
0.0,53,58.619356
0.0,14,58.631125
0.0,16,58.649471
0.0,11,58.663459
0.0,5,58.667602
0.0,12,58.680181
0.0,30,58.706022
0.0,10,58.715288
0.0,9,58.727424
0.0,31,58.752915
0.0,7,58.759029
0.0,19,58.78408
0.0,8,58.793035
0.0,59,58.871888
1.0,92,58.970736
0.0,5,58.97627
0.0,7,58.984912
0.0,13,58.996422
0.0,7,59.005347
0.0,41,59.059053
0.0,3,59.063645
0.0,11,59.071654
0.0,12,59.083946
0.0,3,59.090885
0.0,18,59.115428
0.0,82,59.198574
0.0,20,59.216719
2.0,173,59.375606
0.0,44,59.412338
0.0,15,59.4249
0.0,11,59.435465
0.0,47,59.480949
0.0,17,59.493555
0.0,35,59.522287
0.0,28,59.546704
0.0,19,59.566387
0.0,31,59.593789
0.0,6,59.600059
0.0,63,59.650131
0.0,11,59.662697
0.0,13,59.672984
0.0,8,59.679466
0.0,22,59.698602
0.0,3,59.703078
0.0,7,59.707479
0.0,28,59.73117
0.0,2,59.734715
0.0,66,59.792422
0.0,11,59.802968
0.0,10,59.81325
0.0,13,59.824893
0.0,24,59.855211
0.0,44,59.893361
0.0,43,59.930325
0.0,19,59.945783
0.0,11,59.95768
0.0,26,59.98078
0.0,3,59.981134
0.0,27,60.001272
0.0,53,60.049609
0.0,14,60.062689
0.0,39,60.095097
0.0,2,60.095323
0.0,8,60.104141
0.0,5,60.108255
1.0,23,60.12813
0.0,54,60.176188
0.0,63,60.230742
0.0,13,60.242349
0.0,45,60.289973
0.0,13,60.299789
0.0,30,60.331797
0.0,5,60.336319
0.0,11,60.345816
0.0,39,60.378367
0.0,6,60.386574
2.0,132,60.493292
0.0,3,60.496876
0.0,70,60.553875
0.0,18,60.573691
0.0,16,60.585883
0.0,5,60.590027
0.0,6,60.600819
0.0,21,60.641828
0.0,9,60.656035
0.0,70,60.764639
0.0,15,60.803624
0.0,7,60.829206
0.0,21,60.860684
0.0,9,60.871755
0.0,63,60.935955
0.0,16,60.952899
1.0,124,61.083992
0.0,12,61.100033
0.0,72,61.231596
0.0,5,61.239408
0.0,25,61.291133
0.0,26,61.326399
0.0,18,61.346759
0.0,6,61.360783
0.0,80,61.453735
1.0,81,61.525551
0.0,32,61.553742
0.0,63,61.618321
0.0,22,61.639753
0.0,23,61.656744
0.0,9,61.667665
0.0,6,61.673464
0.0,8,61.683857
1.0,73,61.7437
0.0,21,61.760507
0.0,9,61.769517
0.0,84,61.845955
0.0,18,61.862475
0.0,56,61.911903
0.0,11,61.925522
0.0,18,61.943723
0.0,28,61.967276
0.0,14,61.978015
0.0,6,61.989036
0.0,16,62.004622
0.0,162,62.152608
1.0,61,62.206611
0.0,34,62.24352
0.0,149,62.385917
0.0,25,62.411418
0.0,94,62.501382
0.0,15,62.518409
5.0,174,62.668278
0.0,7,62.674803
0.0,7,62.681005
0.0,26,62.713411
0.0,19,62.733957
0.0,45,62.775295
0.0,4,62.779308
0.0,4,62.786057
0.0,24,62.8096
2.0,131,62.930011
0.0,40,62.999488
0.0,4,63.010026
0.0,18,63.028647
0.0,9,63.038378
0.0,15,63.048855
1.0,52,63.094043
0.0,10,63.103794
0.0,9,63.113135
0.0,11,63.123579
0.0,12,63.137125
3.0,204,63.308916
0.0,19,63.329144
0.0,8,63.336618
0.0,22,63.353647
0.0,4,63.358006
0.0,23,63.377659
0.0,30,63.402457
0.0,59,63.456578
0.0,32,63.480373
1.0,36,63.508492
0.0,37,63.542212
0.0,13,63.556046
0.0,8,63.563136
0.0,72,63.618555
0.0,26,63.6394
0.0,18,63.658318
0.0,8,63.667121
0.0,9,63.673569
1.0,131,63.772034
0.0,12,63.781435
0.0,40,63.813689
0.0,67,63.866507
0.0,25,63.889184
0.0,3,63.890998
0.0,44,63.929778
0.0,48,63.974571
0.0,47,64.021003
0.0,10,64.036758
0.0,12,64.047947
0.0,28,64.073559
0.0,38,64.102302
0.0,33,64.134192
0.0,6,64.140681
0.0,27,64.162105
1.0,136,64.263764
0.0,15,64.27471
1.0,154,64.39521
0.0,14,64.404372
0.0,6,64.410478
0.0,23,64.432881
0.0,6,64.436497
0.0,38,64.469236
0.0,55,64.505962
0.0,3,64.512242
0.0,26,64.54493
0.0,2,64.545286
0.0,25,64.570112
0.0,32,64.598203
1.0,94,64.672702
0.0,22,64.688566
0.0,62,64.730829
0.0,2,64.732637
0.0,9,64.745076
1.0,31,64.769412
0.0,9,64.779178
0.0,62,64.829111
0.0,3,64.83231
0.0,18,64.848127
0.0,36,64.880013
0.0,3,64.88521
0.0,5,64.888075
0.0,62,64.941974
0.0,57,64.988145
0.0,32,65.018122
0.0,4,65.021773
0.0,55,65.082191
0.0,11,65.098124
0.0,7,65.106863
0.0,50,65.179779
0.0,25,65.202963
0.0,29,65.227176
0.0,5,65.23448
0.0,3,65.23475
0.0,30,65.264429
0.0,46,65.305891
0.0,9,65.317281
0.0,11,65.324447
0.0,11,65.334355
0.0,20,65.351029
0.0,7,65.360914
0.0,18,65.37391
0.0,58,65.416179
1.0,39,65.444213
0.0,20,65.465065
0.0,66,65.523478
0.0,10,65.531813
0.0,25,65.551731
1.0,91,65.622057
0.0,4,65.624573
0.0,44,65.655854
0.0,30,65.681268
3.0,102,65.763236
2.0,134,65.862441
0.0,9,65.872924
0.0,17,65.888737
2.0,78,65.950991
0.0,6,65.956435
3.0,205,66.126123
0.0,93,66.195202
0.0,21,66.214455
0.0,10,66.223876
0.0,10,66.230212
0.0,24,66.248356
0.0,34,66.285708
0.0,10,66.292355
0.0,25,66.311373
0.0,23,66.325809
0.0,6,66.332661
0.0,46,66.37219
0.0,78,66.433865
0.0,23,66.451737
1.0,26,66.479424
0.0,10,66.489367
0.0,93,66.560218
0.0,23,66.581135
0.0,19,66.599555
0.0,24,66.618918
0.0,3,66.622787
0.0,43,66.6609
0.0,3,66.666237
0.0,19,66.682196
1.0,41,66.720233
0.0,52,66.761036
0.0,9,66.771228
0.0,8,66.782413
1.0,77,66.846497
1.0,54,66.894268
0.0,12,66.908501
0.0,26,66.928207
0.0,24,66.947083
0.0,12,66.956838
0.0,5,66.962177
0.0,24,66.986454
0.0,9,66.997487
0.0,32,67.022926
0.0,118,67.128791
1.0,62,67.179116
0.0,56,67.23535
0.0,45,67.27948
0.0,6,67.289684
0.0,18,67.30978
0.0,3,67.31404
1.0,148,67.435469
0.0,3,67.437163
0.0,14,67.451365
0.0,44,67.484142
0.0,77,67.545436
0.0,45,67.58023
0.0,7,67.586488
0.0,36,67.618251
0.0,12,67.627873
0.0,18,67.644178
0.0,15,67.654402
0.0,23,67.67189
0.0,8,67.677295
0.0,23,67.701928
1.0,111,67.789262
0.0,8,67.797603
0.0,7,67.801069
0.0,11,67.814935
0.0,50,67.859166
0.0,26,67.881615
0.0,5,67.885331
1.0,92,67.957499
0.0,16,67.968283
0.0,13,67.978597
0.0,22,67.993662
0.0,95,68.077759
0.0,16,68.091057
0.0,15,68.103673
0.0,11,68.109757
0.0,12,68.124849
0.0,25,68.146077
0.0,13,68.155242
0.0,13,68.163871
0.0,73,68.227629
0.0,11,68.236701
0.0,34,68.263023
0.0,46,68.294877
0.0,23,68.321064
0.0,23,68.343816
0.0,99,68.42115
2.0,268,68.627766
0.0,15,68.642909
1.0,23,68.663811
0.0,35,68.688458
0.0,20,68.700181
0.0,101,68.779696
0.0,32,68.8027
0.0,4,68.805394
0.0,8,68.812841
0.0,4,68.816732
0.0,51,68.861242
0.0,48,68.897966
0.0,14,68.90679
0.0,19,68.928769
0.0,11,68.937948
0.0,20,68.954554
0.0,10,68.960703
0.0,206,69.145902
0.0,30,69.169066
0.0,11,69.180045
0.0,80,69.260686
0.0,28,69.287729
0.0,11,69.298379
0.0,38,69.338578
0.0,5,69.343842
0.0,35,69.384806
0.0,9,69.392924
0.0,10,69.406773
0.0,4,69.41045
0.0,44,69.460943
0.0,6,69.464089
0.0,9,69.471763
0.0,19,69.485786
0.0,97,69.576991
0.0,8,69.583064
0.0,26,69.600536
0.0,51,69.649244
0.0,2,69.651045
0.0,3,69.6544
0.0,37,69.6847
0.0,15,69.697016
0.0,35,69.735862
0.0,17,69.749796
0.0,2,69.753194
0.0,64,69.811777
0.0,13,69.827508
0.0,24,69.85545
0.0,3,69.859014
0.0,13,69.869683
0.0,11,69.882832
0.0,11,69.891174
0.0,13,69.904501
0.0,7,69.908063
0.0,20,69.92986
0.0,18,69.948568
0.0,34,69.976328
0.0,20,69.991958
1.0,92,70.071573
0.0,10,70.079662
1.0,127,70.191489
0.0,9,70.198102
0.0,6,70.203025
0.0,13,70.217807
0.0,8,70.223945
0.0,115,70.317077
0.0,25,70.344038
0.0,9,70.351624
0.0,11,70.362748
0.0,71,70.425522
0.0,5,70.436567
0.0,81,70.50724
0.0,203,70.671131
0.0,4,70.673945
0.0,17,70.690467
0.0,6,70.69388
1.0,121,70.799372
0.0,44,70.834887
1.0,148,70.968722
0.0,22,70.983348
0.0,19,71.001465
0.0,13,71.013556
0.0,92,71.102065
0.0,15,71.113129
0.0,39,71.14177
0.0,2,71.142029
0.0,9,71.150529
2.0,157,71.274441
0.0,19,71.288386
0.0,9,71.301103
0.0,4,71.306384
0.0,79,71.364534
0.0,5,71.370255
0.0,28,71.396884
1.0,110,71.498724
0.0,11,71.509728
0.0,18,71.523077
0.0,4,71.526957
0.0,42,71.575494
0.0,57,71.616166
0.0,11,71.625856
0.0,10,71.631484
1.0,75,71.700077
0.0,8,71.705584
0.0,7,71.711185
0.0,41,71.738985
0.0,54,71.790428
0.0,11,71.796626
0.0,31,71.819851
0.0,28,71.837438
0.0,8,71.844088
0.0,7,71.850155
0.0,14,71.863819
0.0,5,71.871931
0.0,40,71.905602
0.0,31,71.926169
0.0,3,71.929358
0.0,8,71.935603
0.0,10,71.947703
0.0,8,71.95605
0.0,3,71.956373
0.0,2,71.959794
0.0,7,71.96824
0.0,32,71.999549
0.0,30,72.023645
0.0,12,72.034772
0.0,9,72.04388
0.0,5,72.051265
0.0,71,72.110754
0.0,23,72.127254
0.0,41,72.164078
0.0,40,72.198436
0.0,13,72.211124
1.0,32,72.234136
0.0,12,72.244581
0.0,6,72.248762
0.0,64,72.303919
0.0,28,72.324147
0.0,8,72.330413
0.0,22,72.351848
0.0,9,72.358063
0.0,2,72.358265
0.0,18,72.376877
0.0,20,72.394361
0.0,4,72.397917
0.0,90,72.465053
0.0,103,72.56901
0.0,16,72.581523
0.0,9,72.589415
0.0,6,72.600863
0.0,5,72.606278
0.0,3,72.610125
0.0,23,72.632585
0.0,21,72.652303
1.0,81,72.730581
0.0,22,72.749895
0.0,48,72.791049
0.0,12,72.803133
0.0,10,72.81086
0.0,118,72.913566
1.0,81,72.987331
0.0,16,73.005823
0.0,12,73.019845
0.0,25,73.043256
0.0,28,73.070087
0.0,20,73.090758
1.0,86,73.175946
0.0,10,73.182221
0.0,28,73.20983
0.0,8,73.21755
0.0,6,73.226357
1.0,86,73.297594
0.0,19,73.319181
0.0,56,73.370127
0.0,43,73.408882
0.0,18,73.424429
0.0,55,73.47333
0.0,22,73.491768
0.0,9,73.507995
0.0,3,73.508316
1.0,203,73.708546
0.0,34,73.74159
0.0,14,73.756372
0.0,36,73.784232
0.0,13,73.794866
0.0,11,73.803945
0.0,24,73.828731
0.0,10,73.83832
0.0,15,73.849367
0.0,9,73.861054
0.0,9,73.870046
0.0,31,73.897013
0.0,17,73.913177
0.0,11,73.924016
0.0,55,73.96827
0.0,11,73.977899
0.0,68,74.03944
2.0,55,74.083021
0.0,9,74.09148
0.0,15,74.105672
0.0,15,74.120621
0.0,3,74.120911
0.0,9,74.133606
0.0,9,74.140604
0.0,25,74.160207
0.0,3,74.16396
0.0,23,74.187046
0.0,29,74.210767
0.0,55,74.261721
0.0,10,74.268345
0.0,30,74.298645
0.0,18,74.315044
0.0,10,74.327557
0.0,5,74.332144
0.0,3,74.338259
0.0,52,74.389141
0.0,10,74.397424
0.0,13,74.408913
0.0,15,74.428661
0.0,5,74.43228
0.0,18,74.450502
0.0,69,74.518417
0.0,26,74.553553
0.0,3,74.554053
0.0,3,74.55786
0.0,19,74.578445
0.0,26,74.606172
0.0,12,74.617242
0.0,36,74.652649
0.0,8,74.65993
0.0,16,74.679103
0.0,38,74.712243
2.0,179,74.874841
0.0,20,74.890367
0.0,26,74.913568
0.0,6,74.919805
0.0,67,74.976682
0.0,13,74.989237
0.0,20,75.010424
0.0,3,75.010774
0.0,17,75.026603
0.0,9,75.034078
0.0,13,75.048241
0.0,20,75.064679
0.0,15,75.077138
0.0,17,75.090005
0.0,83,75.170679
0.0,14,75.181117
0.0,8,75.187957
0.0,10,75.197968
0.0,2,75.199763
0.0,35,75.235075
0.0,32,75.262692
0.0,43,75.29806
0.0,7,75.306005
0.0,11,75.315853
0.0,9,75.324717
0.0,35,75.356089
0.0,31,75.389956
0.0,20,75.405292
1.0,68,75.462692
0.0,17,75.47546
0.0,3,75.480708
1.0,41,75.515142
1.0,220,75.705466
0.0,14,75.718113
0.0,22,75.743426
0.0,25,75.777167
0.0,4,75.782334
0.0,4,75.786935
0.0,43,75.835309
0.0,4,75.840164
0.0,32,75.874849
0.0,18,75.892319
0.0,51,75.936661
0.0,17,75.952214
0.0,68,76.010956
0.0,44,76.046017
0.0,18,76.067817
0.0,41,76.107096
0.0,16,76.12055
1.0,61,76.177294
0.0,4,76.182367
0.0,20,76.20262
0.0,46,76.239367
0.0,34,76.273552
0.0,4,76.280353
0.0,17,76.295586
0.0,24,76.31851
0.0,6,76.325689
0.0,30,76.357107
2.0,113,76.451985
0.0,6,76.46076
1.0,53,76.509959
0.0,8,76.518891
1.0,67,76.580958
0.0,9,76.587233
0.0,7,76.594608
0.0,8,76.602912
0.0,10,76.611889
0.0,33,76.640358
0.0,13,76.650562
0.0,5,76.655454
0.0,21,76.676236
0.0,17,76.692636
0.0,167,76.891996
0.0,10,76.906475
0.0,21,76.92474
0.0,125,77.04845
2.0,85,77.130262
0.0,11,77.139681
0.0,4,77.143962
0.0,72,77.209433
0.0,88,77.288936
0.0,25,77.314677
0.0,6,77.318331
0.0,2,77.321687
0.0,11,77.327736
1.0,92,77.425729
0.0,9,77.443116
0.0,44,77.53503
0.0,22,77.553604
0.0,18,77.631678
0.0,36,77.704872
0.0,11,77.713142
0.0,4,77.717734
0.0,8,77.72719
0.0,17,77.746089
0.0,37,77.808741
1.0,36,77.855951
0.0,6,77.861276
0.0,9,77.873683
0.0,3,77.874004
0.0,23,77.902322
0.0,50,77.966017
1.0,76,78.040976
0.0,5,78.044675
0.0,73,78.099792
0.0,27,78.129208
1.0,102,78.212921
3.0,165,78.356097
0.0,15,78.364504
0.0,189,78.578116
0.0,15,78.590174
0.0,5,78.597854
0.0,8,78.606582
0.0,9,78.616696
0.0,8,78.623927
0.0,41,78.657431
0.0,39,78.725949
1.0,73,78.843141
0.0,15,78.863111
0.0,7,78.870899
0.0,38,78.903078
0.0,11,78.917544
0.0,30,78.946745
0.0,13,78.957998
0.0,84,79.032721
0.0,19,79.049896
1.0,116,79.148737
0.0,33,79.172548
0.0,14,79.180379
1.0,54,79.232243
1.0,66,79.278616
1.0,59,79.325851
0.0,18,79.337986
0.0,78,79.401708
0.0,20,79.417397
0.0,3,79.419685
0.0,24,79.44153
0.0,27,79.46657
0.0,10,79.475913
0.0,12,79.483902
0.0,18,79.495399
0.0,27,79.523114
0.0,4,79.527197
0.0,2,79.529854
0.0,28,79.552889
0.0,9,79.560889
0.0,26,79.581694
0.0,12,79.590081
0.0,14,79.600343
0.0,7,79.607058
0.0,51,79.653798
0.0,11,79.663976
0.0,6,79.668998
0.0,9,79.676276
0.0,10,79.685489
0.0,8,79.692689
0.0,39,79.722826
0.0,13,79.732997
0.0,11,79.741942
0.0,8,79.749948
0.0,17,79.762758
0.0,57,79.813959
0.0,15,79.824512
0.0,48,79.864752
0.0,5,79.871108
0.0,10,79.88212
0.0,4,79.887252
0.0,3,79.891082
0.0,8,79.898355
0.0,30,79.921055
0.0,5,79.929833
0.0,15,79.941656
2.0,214,80.133923
0.0,5,80.138915
1.0,118,80.233708
1.0,46,80.271864
0.0,12,80.279691
0.0,44,80.320158
0.0,6,80.326718
0.0,8,80.335541
0.0,5,80.33853
0.0,16,80.360909
0.0,126,80.48181
0.0,5,80.488137
0.0,58,80.539596
0.0,17,80.555448
0.0,3,80.559089
0.0,3,80.562145
0.0,11,80.570316
0.0,56,80.614632
0.0,16,80.628197
0.0,6,80.63157
0.0,9,80.638587
0.0,3,80.643321
0.0,12,80.657599
0.0,16,80.669031
0.0,12,80.678428
0.0,34,80.710149
0.0,15,80.717906
0.0,10,80.727602
0.0,30,80.74981
0.0,19,80.773843
0.0,5,80.777283
0.0,48,80.812883
0.0,25,80.831157
0.0,5,80.835879
0.0,3,80.838716
0.0,3,80.84157
0.0,37,80.877396
0.0,158,81.005145
0.0,5,81.009729
0.0,5,81.01662
0.0,12,81.02431
0.0,4,81.028186
0.0,112,81.128741
0.0,72,81.189938
0.0,73,81.239278
0.0,27,81.264621
2.0,208,81.424685
1.0,73,81.47801
0.0,26,81.497688
0.0,19,81.514403
0.0,7,81.522195
0.0,29,81.543798
0.0,43,81.579714
0.0,15,81.594582
0.0,43,81.626628
0.0,4,81.629601
0.0,3,81.631951
1.0,116,81.732736
0.0,25,81.7509
0.0,17,81.769534
0.0,16,81.788009
0.0,91,81.8606
0.0,15,81.877115
0.0,13,81.888247
0.0,13,81.902297
0.0,15,81.915871
0.0,2,81.920126
0.0,24,81.940398
0.0,51,81.989719
1.0,41,82.028274
1.0,102,82.113576
0.0,12,82.122116
0.0,11,82.130535
0.0,7,82.138902
0.0,7,82.147826
0.0,16,82.161141
0.0,3,82.162424
0.0,34,82.202244
0.0,41,82.239305
0.0,4,82.242855
0.0,7,82.249033
0.0,24,82.275787
0.0,61,82.323998
0.0,7,82.329001
0.0,81,82.38824
1.0,151,82.521781
0.0,76,82.590678
0.0,32,82.61993
0.0,7,82.626646
0.0,13,82.63929
0.0,10,82.646741
0.0,12,82.658554
0.0,23,82.680983
0.0,22,82.703768
0.0,13,82.713405
0.0,8,82.72006
0.0,10,82.726477
2.0,147,82.845666
0.0,9,82.850839
0.0,2,82.85303
0.0,83,82.920115
0.0,20,82.937338
1.0,200,83.087786
0.0,94,83.159767
0.0,12,83.16785
0.0,11,83.178045
0.0,31,83.211252
0.0,8,83.217273
0.0,106,83.316802
0.0,16,83.335007
0.0,4,83.339099
0.0,12,83.349966
0.0,12,83.36144
0.0,20,83.383387
0.0,12,83.397058
0.0,31,83.425201
0.0,3,83.428419
0.0,7,83.43395
0.0,15,83.448006
0.0,2,83.451627
0.0,8,83.458736
0.0,44,83.507373
0.0,12,83.516863
0.0,50,83.551872
0.0,43,83.580308
0.0,17,83.596215
0.0,43,83.640036
0.0,19,83.654451
0.0,5,83.657318
0.0,8,83.664513
1.0,82,83.738325
0.0,11,83.749584
0.0,9,83.758275
0.0,24,83.783269
0.0,11,83.797403
0.0,5,83.802146
0.0,39,83.836994
0.0,26,83.864502
0.0,18,83.880898
0.0,11,83.892241
0.0,17,83.908607
0.0,38,83.943942
0.0,19,83.956656
0.0,36,83.980418
0.0,36,84.008026
0.0,10,84.024009
0.0,8,84.029928
0.0,10,84.036064
0.0,8,84.042705
1.0,101,84.132044
0.0,72,84.187875
0.0,72,84.245771
0.0,50,84.278491
0.0,17,84.293875
0.0,8,84.300426
0.0,34,84.342635
0.0,10,84.351378
0.0,35,84.38944
0.0,4,84.39335
0.0,19,84.412927
0.0,60,84.460867
0.0,25,84.484875
0.0,53,84.526749
0.0,22,84.54576
2.0,165,84.665664
0.0,50,84.70928
0.0,15,84.719279
0.0,18,84.737012
0.0,33,84.759567
0.0,6,84.76615
0.0,9,84.773748
0.0,12,84.785223
0.0,2,84.786143
0.0,42,84.82553
0.0,5,84.82955
0.0,12,84.839165
3.0,134,84.94472
0.0,5,84.950415
0.0,10,84.957301
0.0,6,84.965735
0.0,25,84.985225
0.0,5,84.989626
0.0,11,84.998112
0.0,42,85.043638
0.0,24,85.062504
0.0,32,85.088292
0.0,2,85.088603
0.0,51,85.133853
0.0,3,85.13791
0.0,32,85.169196
0.0,30,85.190342
0.0,64,85.243149
0.0,55,85.295125
0.0,38,85.33716
0.0,11,85.346203
0.0,2,85.349209
0.0,8,85.355737
0.0,182,85.497849
0.0,19,85.511897
0.0,27,85.531405
1.0,41,85.563651
0.0,39,85.60113
0.0,14,85.610421
0.0,84,85.677423
0.0,12,85.685798
0.0,37,85.717271
0.0,14,85.727708
0.0,8,85.734863
0.0,5,85.737655
0.0,49,85.782219
0.0,8,85.788145
0.0,32,85.814271
0.0,36,85.843953
0.0,52,85.893975
0.0,10,85.904255
1.0,53,85.953387
0.0,14,85.96556
0.0,16,85.98184
0.0,9,85.988787
0.0,8,85.995034
0.0,8,86.001555
1.0,47,86.045008
0.0,125,86.133035
0.0,99,86.2104
0.0,22,86.225987
0.0,162,86.35931
0.0,4,86.362161
0.0,12,86.369723
0.0,4,86.372146
0.0,19,86.390712
0.0,46,86.425219
0.0,54,86.470648
0.0,21,86.492216
0.0,13,86.506147
0.0,8,86.514607
0.0,3,86.518095
0.0,11,86.526334
0.0,20,86.548358
0.0,11,86.559872
0.0,19,86.57768
0.0,10,86.583563
0.0,5,86.59067
0.0,24,86.613097
0.0,4,86.6161
0.0,17,86.62748
0.0,84,86.699483
0.0,76,86.751371
0.0,77,86.814726
0.0,196,86.985683
1.0,144,87.118196
0.0,2,87.121784
0.0,10,87.128896
0.0,43,87.167218
0.0,27,87.199059
0.0,7,87.202987
0.0,31,87.230054
0.0,14,87.244483
0.0,3,87.246785
3.0,206,87.415115
0.0,22,87.427569
0.0,8,87.43203
0.0,17,87.450244
0.0,45,87.493876
0.0,11,87.503763
0.0,60,87.55303
0.0,4,87.559073
0.0,11,87.573654
0.0,28,87.602732
0.0,8,87.611163
0.0,20,87.635789
0.0,28,87.656175
0.0,76,87.724483
0.0,45,87.763243
0.0,21,87.785205
0.0,23,87.805871
0.0,17,87.8182
0.0,6,87.821226
0.0,4,87.826354
0.0,56,87.890872
0.0,12,87.910691
0.0,30,87.940088
0.0,12,87.952847
0.0,3,87.956625
1.0,87,88.035259
0.0,5,88.04228
0.0,5,88.048646
0.0,9,88.056389
0.0,24,88.079077
0.0,20,88.096522
0.0,15,88.111553
5.0,162,88.249257
0.0,20,88.268372
0.0,26,88.302513
0.0,5,88.308601
0.0,38,88.353867
0.0,44,88.403525
0.0,12,88.416911
0.0,4,88.424525
0.0,7,88.429495
0.0,9,88.441849
0.0,62,88.510391
0.0,23,88.533664
0.0,6,88.537245
0.0,16,88.551237
0.0,3,88.554677
0.0,14,88.572384
0.0,5,88.576698
0.0,6,88.580921
0.0,3,88.586654
0.0,8,88.597572
0.0,44,88.672435
0.0,96,88.839476
0.0,7,88.856802
0.0,41,88.935355
0.0,13,88.953595
0.0,16,88.978394
0.0,29,89.021468
1.0,141,89.17752
0.0,37,89.222264
0.0,39,89.260577
0.0,27,89.283734
0.0,8,89.29141
0.0,3,89.291716
0.0,13,89.309667
0.0,31,89.333607
0.0,11,89.346642
0.0,10,89.363602
0.0,9,89.372644
0.0,12,89.386174
0.0,6,89.391589
0.0,52,89.439676
0.0,22,89.4601
0.0,41,89.491857
0.0,13,89.510211
0.0,9,89.524777
0.0,5,89.532969
0.0,43,89.622018
0.0,19,89.649148
0.0,25,89.69
0.0,24,89.721065
0.0,11,89.72782
0.0,7,89.736886
0.0,27,89.761646
0.0,15,89.776219
0.0,12,89.786272
2.0,202,89.980049
0.0,6,89.986325
0.0,23,90.006263
0.0,15,90.025826
0.0,114,90.194068
0.0,37,90.227386
0.0,21,90.245755
0.0,4,90.248784
0.0,68,90.313371
2.0,149,90.446465
0.0,29,90.473836
0.0,36,90.505704
1.0,65,90.565138
0.0,27,90.590862
1.0,68,90.654705
1.0,152,90.797236
0.0,24,90.825331
0.0,45,90.886126
0.0,50,90.934357
0.0,3,90.941988
0.0,4,90.951304
0.0,36,91.011027
0.0,6,91.017944
1.0,60,91.085609
0.0,32,91.137569
0.0,6,91.141172
0.0,17,91.156666
0.0,2,91.159975
0.0,22,91.180018
0.0,45,91.226876
0.0,6,91.230238
0.0,22,91.255754
0.0,10,91.267226
0.0,3,91.272128
0.0,13,91.28695
0.0,5,91.291341
0.0,8,91.301777
0.0,44,91.344811
0.0,11,91.355219
0.0,6,91.362261
0.0,18,91.378078
0.0,8,91.38546
0.0,65,91.437613
0.0,32,91.469197
0.0,55,91.516809
0.0,14,91.530118
0.0,32,91.562464
0.0,9,91.570071
0.0,54,91.616614
0.0,7,91.62343
0.0,12,91.634993
0.0,12,91.649215
0.0,7,91.658485
0.0,27,91.683191
0.0,18,91.697869
2.0,104,91.837207
1.0,43,91.89344
0.0,21,91.917028
0.0,5,91.920827
1.0,69,91.995357
0.0,27,92.024767
0.0,19,92.042775
0.0,12,92.055715
0.0,9,92.063259
1.0,36,92.097653
0.0,53,92.142704
2.0,136,92.267709
1.0,31,92.294502
0.0,7,92.303066
0.0,4,92.306329
0.0,14,92.322077
0.0,20,92.338747
0.0,16,92.355398
0.0,7,92.361012
3.0,116,92.466816
1.0,133,92.595075
0.0,15,92.607493
0.0,9,92.616569
0.0,17,92.627445
0.0,15,92.643217
0.0,5,92.649751
2.0,141,92.76118
0.0,22,92.785082
0.0,57,92.830351
0.0,10,92.838494
0.0,5,92.847326
0.0,6,92.850822
0.0,6,92.857224
0.0,35,92.889793
0.0,30,92.920586
0.0,3,92.924336
1.0,36,92.95729
0.0,6,92.963247
0.0,29,92.996701
0.0,72,93.052137
0.0,33,93.075717
0.0,6,93.079884
0.0,9,93.086353
0.0,61,93.136117
0.0,15,93.14303
0.0,11,93.152755
0.0,7,93.15992
0.0,12,93.170113
0.0,46,93.210888
0.0,10,93.224832
0.0,32,93.251493
0.0,3,93.254301
0.0,11,93.259573
0.0,31,93.296267
0.0,18,93.312272
0.0,33,93.337839
0.0,102,93.420039
0.0,7,93.428701
0.0,19,93.444658
0.0,5,93.447558
0.0,14,93.464137
0.0,14,93.480827
0.0,27,93.507125
0.0,34,93.532394
0.0,21,93.548177
0.0,26,93.57079
0.0,53,93.621525
0.0,59,93.668921
0.0,94,93.744938
0.0,57,93.791769
0.0,6,93.795793
0.0,3,93.802106
0.0,111,93.877511
0.0,3,93.881649
0.0,15,93.899111
0.0,80,93.977556
0.0,3,93.982071
0.0,21,94.007318
0.0,13,94.024592
1.0,160,94.165084
0.0,6,94.168979
0.0,23,94.18987
1.0,201,94.349417
0.0,9,94.355949
0.0,17,94.368183
0.0,9,94.376285
0.0,32,94.410771
1.0,28,94.437094
0.0,7,94.445697
0.0,14,94.459916
0.0,11,94.469718
0.0,4,94.47431
0.0,17,94.489463
0.0,3,94.495363
1.0,93,94.581399
0.0,9,94.588097
0.0,46,94.633607
1.0,76,94.706761
0.0,2,94.706992
0.0,18,94.723899
0.0,18,94.737033
0.0,66,94.799394
0.0,18,94.814997
0.0,5,94.820983
0.0,13,94.83151
0.0,6,94.837703
0.0,12,94.847554
0.0,6,94.855413
0.0,24,94.876833
0.0,83,94.958481
1.0,74,95.027901
0.0,34,95.064026
0.0,24,95.089997
0.0,46,95.142827
0.0,7,95.149354
0.0,10,95.157152
0.0,5,95.163136
0.0,23,95.185807
0.0,8,95.19312
1.0,90,95.272474
0.0,5,95.27575
0.0,40,95.31331
0.0,13,95.324834
0.0,46,95.365256
0.0,53,95.40424
0.0,24,95.431021
0.0,60,95.480442
0.0,5,95.483537
0.0,55,95.529767
0.0,9,95.539014
0.0,24,95.560457
0.0,25,95.580508
0.0,4,95.58325
0.0,17,95.598115
0.0,22,95.61949
0.0,19,95.638406
0.0,8,95.646282
0.0,56,95.696981
0.0,38,95.733369
0.0,57,95.787883
0.0,9,95.794218
0.0,26,95.822664
0.0,8,95.829412
0.0,24,95.852852
0.0,15,95.865854
0.0,10,95.878114
1.0,174,96.022131
0.0,16,96.037396
0.0,17,96.057633
0.0,13,96.0707
1.0,97,96.166029
2.0,128,96.26924
0.0,9,96.27613
0.0,39,96.316491
0.0,47,96.360059
0.0,6,96.363675
0.0,41,96.394953
0.0,5,96.398977
0.0,9,96.405682
0.0,3,96.411493
3.0,209,96.586856
0.0,23,96.612783
0.0,56,96.660807
0.0,20,96.679147
0.0,36,96.705577
0.0,15,96.72271
0.0,41,96.762237
0.0,14,96.777843
0.0,4,96.782533
1.0,52,96.834347
1.0,112,96.930142
1.0,206,97.122654
1.0,73,97.190747
0.0,19,97.215326
1.0,120,97.330531
0.0,38,97.359448
0.0,38,97.39318
0.0,23,97.416205
1.0,178,97.555193
0.0,4,97.557604
0.0,8,97.562737
0.0,17,97.583475
0.0,40,97.611192
0.0,22,97.63289
0.0,56,97.681731
0.0,7,97.692076
0.0,52,97.755157
0.0,8,97.768991
0.0,14,97.782871
0.0,10,97.795894
0.0,26,97.820117
1.0,43,97.851348
0.0,26,97.871651
0.0,11,97.884978
0.0,6,97.891805
0.0,64,97.946987
0.0,28,97.976266
0.0,62,98.026446
2.0,85,98.09509
0.0,15,98.108347
0.0,7,98.114087
0.0,18,98.129196
0.0,22,98.151298
0.0,18,98.169541
0.0,16,98.189182
0.0,41,98.233536
0.0,36,98.261791
1.0,138,98.375407
0.0,58,98.429948
0.0,3,98.432354
0.0,17,98.449512
0.0,40,98.486979
0.0,30,98.510551
0.0,4,98.515745
0.0,53,98.55896
0.0,17,98.576056
0.0,3,98.576396
0.0,56,98.62707
2.0,202,98.827397
1.0,94,98.91129
0.0,2,98.914426
0.0,14,98.927369
0.0,9,98.93831
0.0,28,98.963937
0.0,4,98.967302
0.0,14,98.982815
0.0,57,99.031222
0.0,27,99.053991
0.0,33,99.084085
0.0,3,99.08969
0.0,58,99.141531
0.0,10,99.148188
0.0,14,99.161474
0.0,102,99.259712
0.0,55,99.318091
0.0,32,99.358846
0.0,7,99.366629
0.0,201,99.550347
2.0,282,99.762634
0.0,60,99.811109
0.0,5,99.81753
