#{"t_start": 1708578797.7094245, "env_id": "MinAtar/Freeway-v1"}
r,l,t
0.0,2501,4.510964
1.0,2501,9.017231
1.0,2501,13.491761
1.0,2501,18.092087
0.0,2501,23.890878
2.0,2501,28.334955
0.0,2501,32.836476
0.0,2501,37.377933
1.0,2501,41.918462
3.0,2501,47.796211
2.0,2501,52.185791
1.0,2501,56.608459
0.0,2501,61.116461
1.0,2501,66.827405
3.0,2501,71.352898
3.0,2501,75.863876
4.0,2501,80.517294
5.0,2501,85.053689
8.0,2501,90.811975
3.0,2501,95.304472
3.0,2501,99.792523
3.0,2501,104.28696
10.0,2501,110.094095
1.0,2501,114.744593
3.0,2501,119.193252
2.0,2501,123.689522
0.0,2501,128.216864
5.0,2501,133.990423
10.0,2501,138.491996
7.0,2501,142.961863
2.0,2501,147.622107
7.0,2501,153.445538
8.0,2501,157.938774
7.0,2501,162.45011
10.0,2501,166.963651
9.0,2501,171.456234
9.0,2501,177.464704
8.0,2501,181.989168
10.0,2501,186.463229
13.0,2501,199.981932
9.0,2501,205.990296
10.0,2501,210.684774
17.0,2501,215.180575
21.0,2501,219.670324
17.0,2501,224.095633
6.0,2501,229.871442
18.0,2501,234.360091
12.0,2501,238.838464
12.0,2501,243.516042
18.0,2501,249.342775
1.0,2501,253.840455
7.0,2501,258.290214
13.0,2501,262.803854
5.0,2501,267.323331
6.0,2501,273.027707
4.0,2501,277.696293
12.0,2501,282.131828
13.0,2501,286.714114
10.0,2501,292.612846
9.0,2501,297.111673
6.0,2501,301.645526
8.0,2501,306.16654
11.0,2501,310.90549
4.0,2501,316.698531
9.0,2501,321.19713
13.0,2501,325.67793
12.0,2501,330.093794
13.0,2501,335.857265
6.0,2501,340.497425
6.0,2501,345.072613
4.0,2501,349.571332
5.0,2501,354.065357
7.0,2501,359.83421
6.0,2501,364.305953
0.0,2501,368.832109
4.0,2501,373.593369
5.0,2501,379.353379
0.0,2501,383.857684
3.0,2501,388.30513
7.0,2501,401.696542
6.0,2501,406.429129
6.0,2501,412.149017
8.0,2501,416.677302
3.0,2501,421.192986
9.0,2501,425.702779
8.0,2501,431.564532
7.0,2501,436.033756
13.0,2501,440.678679
8.0,2501,445.193048
2.0,2501,449.714672
9.0,2501,455.46941
10.0,2501,459.948139
6.0,2501,464.469489
5.0,2501,468.982401
7.0,2501,474.824403
10.0,2501,479.305785
7.0,2501,483.827915
8.0,2501,488.308597
12.0,2501,492.790168
9.0,2501,498.557144
6.0,2501,503.012559
11.0,2501,507.614866
13.0,2501,512.115578
6.0,2501,517.897783
14.0,2501,522.384624
19.0,2501,526.858223
21.0,2501,531.334197
12.0,2501,535.767429
21.0,2501,541.69942
21.0,2501,546.188095
17.0,2501,550.679182
20.0,2501,555.09456
18.0,2501,559.613353
22.0,2501,565.418186
18.0,2501,570.063683
16.0,2501,574.546999
9.0,2501,579.019818
13.0,2501,584.894043
13.0,2501,589.492718
11.0,2501,603.156177
17.0,2501,607.742075
26.0,2501,612.346161
18.0,2501,618.126248
17.0,2501,622.612066
16.0,2501,627.114942
20.0,2501,631.632196
19.0,2501,637.553167
23.0,2501,642.025053
22.0,2501,646.525109
21.0,2501,651.029523
20.0,2501,655.542054
21.0,2501,661.334831
11.0,2501,665.834143
17.0,2501,670.510378
23.0,2501,675.023409
22.0,2501,680.770339
15.0,2501,685.265407
18.0,2501,689.763482
14.0,2501,694.238031
32.0,2501,698.759018
33.0,2501,704.803124
33.0,2501,709.276242
25.0,2501,713.72321
33.0,2501,718.237349
26.0,2501,724.034751
30.0,2501,728.596763
23.0,2501,733.227018
30.0,2501,737.749778
30.0,2501,742.262435
34.0,2501,748.041484
32.0,2501,752.526592
27.0,2501,757.063741
23.0,2501,761.58945
22.0,2501,767.555977
25.0,2501,772.057099
21.0,2501,776.646753
29.0,2501,781.151001
26.0,2501,785.642586
20.0,2501,791.445826
28.0,2501,805.20097
24.0,2501,809.813751
24.0,2501,814.320241
25.0,2501,820.095992
28.0,2501,824.60426
28.0,2501,829.10177
28.0,2501,833.742944
17.0,2501,838.280643
25.0,2501,844.033119
28.0,2501,848.567948
22.0,2501,853.043326
23.0,2501,857.564032
30.0,2501,863.540885
16.0,2501,868.102667
25.0,2501,872.597162
28.0,2501,877.085542
28.0,2501,881.59106
29.0,2501,887.498483
23.0,2501,891.954678
33.0,2501,896.615318
23.0,2501,901.11692
18.0,2501,906.906062
22.0,2501,911.388474
18.0,2501,915.881708
19.0,2501,920.360241
17.0,2501,924.854529
28.0,2501,930.755178
26.0,2501,935.26728
28.0,2501,939.763727
30.0,2501,944.319496
21.0,2501,950.060488
25.0,2501,954.506373
32.0,2501,958.962421
15.0,2501,963.633534
29.0,2501,968.164078
24.0,2501,973.949347
21.0,2501,978.420117
20.0,2501,982.924991
27.0,2501,987.444927
19.0,2501,993.214757
18.0,2501,1006.811877
25.0,2501,1011.424099
25.0,2501,1015.928653
16.0,2501,1020.407805
23.0,2501,1026.33426
32.0,2501,1030.858978
27.0,2501,1035.330352
29.0,2501,1039.824826
26.0,2501,1045.562105
27.0,2501,1050.217988
24.0,2501,1054.827084
30.0,2501,1059.580711
28.0,2501,1064.099087
32.0,2501,1069.910289
17.0,2501,1074.412114
19.0,2501,1078.936036
25.0,2501,1083.424445
32.0,2501,1087.965063
26.0,2501,1093.901208
19.0,2501,1098.370829
31.0,2501,1102.883916
33.0,2501,1107.422266
30.0,2501,1113.227232
33.0,2501,1117.715769
31.0,2501,1122.213856
33.0,2501,1126.944967
29.0,2501,1131.427715
29.0,2501,1137.180068
28.0,2501,1141.679563
28.0,2501,1146.209141
26.0,2501,1150.770206
27.0,2501,1156.539802
28.0,2501,1161.205533
27.0,2501,1165.726236
30.0,2501,1170.26983
30.0,2501,1174.777558
28.0,2501,1180.55959
24.0,2501,1185.084287
26.0,2501,1189.74767
27.0,2501,1194.159587
30.0,2501,1209.005157
25.0,2501,1213.497293
29.0,2501,1217.994146
21.0,2501,1222.656493
24.0,2501,1227.205002
32.0,2501,1232.976786
31.0,2501,1237.463988
27.0,2501,1241.986088
29.0,2501,1246.53106
23.0,2501,1252.315511
26.0,2501,1256.986286
17.0,2501,1261.482421
26.0,2501,1265.972492
36.0,2501,1270.492612
24.0,2501,1276.274534
25.0,2501,1280.862115
26.0,2501,1285.397818
25.0,2501,1290.101535
35.0,2501,1295.913753
23.0,2501,1300.42819
22.0,2501,1304.970188
38.0,2501,1309.381753
23.0,2501,1313.909257
29.0,2501,1319.807045
26.0,2501,1324.466245
24.0,2501,1328.953503
25.0,2501,1333.430646
30.0,2501,1339.268878
23.0,2501,1343.76667
27.0,2501,1348.261952
19.0,2501,1352.978947
14.0,2501,1357.545462
21.0,2501,1363.343093
23.0,2501,1367.80416
28.0,2501,1372.280275
27.0,2501,1376.773863
29.0,2501,1382.542748
25.0,2501,1387.253445
34.0,2501,1391.761036
27.0,2501,1396.182971
29.0,2501,1409.735497
25.0,2501,1415.556709
27.0,2501,1420.232187
16.0,2501,1424.73671
22.0,2501,1429.23416
20.0,2501,1435.001115
24.0,2501,1439.476843
33.0,2501,1443.946696
29.0,2501,1448.462776
38.0,2501,1453.164031
26.0,2501,1458.982316
28.0,2501,1463.469486
36.0,2501,1467.9558
28.0,2501,1472.434605
30.0,2501,1478.192732
31.0,2501,1482.713763
28.0,2501,1487.420422
27.0,2501,1491.931456
26.0,2501,1496.459236
37.0,2501,1502.250505
30.0,2501,1506.722771
35.0,2501,1511.190909
35.0,2501,1515.811242
35.0,2501,1521.660197
30.0,2501,1526.143732
24.0,2501,1530.648429
19.0,2501,1535.182331
31.0,2501,1539.688938
32.0,2501,1545.441259
26.0,2501,1550.062525
34.0,2501,1554.539732
24.0,2501,1559.051471
24.0,2501,1564.821028
27.0,2501,1569.35017
23.0,2501,1573.844981
31.0,2501,1578.337698
31.0,2501,1583.000853
32.0,2501,1588.836189
26.0,2501,1593.35595
30.0,2501,1597.845
24.0,2501,1611.461888
31.0,2501,1617.55997
34.0,2501,1622.066503
26.0,2501,1626.548375
33.0,2501,1631.066458
26.0,2501,1635.58926
31.0,2501,1641.35268
35.0,2501,1645.82174
27.0,2501,1650.459284
33.0,2501,1654.868711
39.0,2501,1659.346785
26.0,2501,1665.157745
34.0,2501,1669.668688
30.0,2501,1674.14063
42.0,2501,1678.613504
31.0,2501,1684.72955
34.0,2501,1689.218743
29.0,2501,1693.7003
35.0,2501,1698.192561
34.0,2501,1702.771201
40.0,2501,1708.48443
26.0,2501,1713.162899
33.0,2501,1717.634718
37.0,2501,1722.148832
42.0,2501,1727.956138
34.0,2501,1732.46296
28.0,2501,1736.936347
36.0,2501,1741.420365
31.0,2501,1746.068746
34.0,2501,1751.828643
33.0,2501,1756.332788
29.0,2501,1760.833875
30.0,2501,1765.354973
29.0,2501,1771.232044
33.0,2501,1775.725292
37.0,2501,1780.381308
36.0,2501,1784.868127
38.0,2501,1789.370119
28.0,2501,1795.170734
33.0,2501,1799.602212
34.0,2501,1813.360715
28.0,2501,1817.910135
41.0,2501,1823.68254
40.0,2501,1828.168417
29.0,2501,1832.661635
37.0,2501,1837.152651
30.0,2501,1841.655608
37.0,2501,1847.588797
40.0,2501,1852.12269
34.0,2501,1856.632792
39.0,2501,1861.109762
41.0,2501,1866.944028
40.0,2501,1871.444548
41.0,2501,1876.087935
37.0,2501,1880.586823
38.0,2501,1885.119744
34.0,2501,1890.893622
41.0,2501,1895.358921
38.0,2501,1899.861476
39.0,2501,1904.376731
35.0,2501,1910.359201
41.0,2501,1914.872921
35.0,2501,1919.31827
32.0,2501,1923.811569
33.0,2501,1928.440654
43.0,2501,1934.24944
45.0,2501,1938.731191
34.0,2501,1943.375688
39.0,2501,1947.881798
39.0,2501,1953.654759
36.0,2501,1958.112117
39.0,2501,1962.599624
35.0,2501,1967.084692
40.0,2501,1971.604687
39.0,2501,1977.535552
32.0,2501,1982.032303
39.0,2501,1986.502441
39.0,2501,1991.025441
47.0,2501,1996.777515
43.0,2501,2001.156303
43.0,2501,2014.848879
39.0,2501,2019.40546
40.0,2501,2023.900929
42.0,2501,2029.615475
36.0,2501,2034.072422
34.0,2501,2038.715915
32.0,2501,2043.211838
37.0,2501,2048.959583
41.0,2501,2053.458205
34.0,2501,2057.961535
37.0,2501,2062.419956
42.0,2501,2066.833697
38.0,2501,2072.800772
39.0,2501,2077.28468
39.0,2501,2081.786766
35.0,2501,2086.301743
33.0,2501,2092.135893
39.0,2501,2096.644424
37.0,2501,2101.118671
40.0,2501,2105.807509
31.0,2501,2110.348563
38.0,2501,2116.099865
36.0,2501,2120.577319
45.0,2501,2124.988607
36.0,2501,2129.447798
34.0,2501,2135.198617
39.0,2501,2139.803124
38.0,2501,2144.295695
34.0,2501,2148.768649
35.0,2501,2153.22828
40.0,2501,2159.027191
40.0,2501,2163.486189
33.0,2501,2168.014048
33.0,2501,2172.623035
37.0,2501,2177.115982
37.0,2501,2182.893569
35.0,2501,2187.395799
40.0,2501,2191.892332
32.0,2501,2196.37329
42.0,2501,2202.341189
38.0,2501,2215.84143
40.0,2501,2220.468069
37.0,2501,2224.981854
32.0,2501,2229.564646
35.0,2501,2235.510832
33.0,2501,2240.015313
31.0,2501,2244.501199
24.0,2501,2249.107597
33.0,2501,2254.924106
31.0,2501,2259.427843
35.0,2501,2263.954549
33.0,2501,2268.605348
37.0,2501,2273.071141
38.0,2501,2278.849465
39.0,2501,2283.343226
34.0,2501,2287.865152
36.0,2501,2292.380453
32.0,2501,2298.165236
24.0,2501,2302.810091
31.0,2501,2307.248759
33.0,2501,2311.753278
37.0,2501,2316.293834
38.0,2501,2322.133094
30.0,2501,2326.653203
36.0,2501,2331.178166
33.0,2501,2335.86097
33.0,2501,2341.624431
35.0,2501,2346.126036
45.0,2501,2350.645011
37.0,2501,2355.17389
37.0,2501,2359.682508
46.0,2501,2365.642531
39.0,2501,2370.14745
37.0,2501,2374.607803
53.0,2501,2378.993884
39.0,2501,2384.872712
41.0,2501,2389.407626
39.0,2501,2393.909942
39.0,2501,2398.5386
36.0,2501,2403.064279
38.0,2501,2417.917605
32.0,2501,2422.413208
33.0,2501,2426.90443
48.0,2501,2431.552077
35.0,2501,2437.32676
32.0,2501,2441.773312
41.0,2501,2446.198184
32.0,2501,2450.683755
40.0,2501,2455.193926
37.0,2501,2460.94892
35.0,2501,2465.581202
37.0,2501,2470.116064
42.0,2501,2474.590199
38.0,2501,2480.370771
43.0,2501,2484.899531
44.0,2501,2489.381547
39.0,2501,2493.864266
31.0,2501,2498.536408
30.0,2501,2504.311242
37.0,2501,2508.845039
51.0,2501,2513.396076
36.0,2501,2517.867507
45.0,2501,2523.656072
29.0,2501,2528.193365
36.0,2501,2532.738237
37.0,2501,2537.23834
47.0,2501,2541.745439
45.0,2501,2547.495245
44.0,2501,2551.992456
39.0,2501,2556.480117
38.0,2501,2561.164798
36.0,2501,2566.965149
41.0,2501,2571.440213
46.0,2501,2575.926223
44.0,2501,2580.411973
44.0,2501,2584.918498
39.0,2501,2590.614439
37.0,2501,2595.307384
37.0,2501,2599.820766
40.0,2501,2604.406153
39.0,2501,2619.269735
41.0,2501,2623.779064
36.0,2501,2628.437524
40.0,2501,2632.917892
31.0,2501,2637.407145
40.0,2501,2643.154747
43.0,2501,2647.625992
43.0,2501,2652.098626
38.0,2501,2656.613646
36.0,2501,2662.558068
37.0,2501,2667.110693
42.0,2501,2671.628513
35.0,2501,2676.140521
38.0,2501,2680.618959
49.0,2501,2686.471539
38.0,2501,2691.012465
40.0,2501,2695.749034
36.0,2501,2700.263566
31.0,2501,2706.034302
33.0,2501,2710.618563
41.0,2501,2715.112432
31.0,2501,2719.595814
31.0,2501,2724.222583
30.0,2501,2730.025801
36.0,2501,2734.507385
33.0,2501,2738.978254
32.0,2501,2743.458478
33.0,2501,2747.940048
29.0,2501,2753.71166
38.0,2501,2758.337275
36.0,2501,2762.818226
36.0,2501,2767.339598
28.0,2501,2773.136778
26.0,2501,2777.657663
24.0,2501,2782.132781
33.0,2501,2786.645359
31.0,2501,2791.376418
26.0,2501,2797.143064
36.0,2501,2801.63833
26.0,2501,2806.20438
27.0,2501,2819.806173
25.0,2501,2825.745268
7.0,2501,2830.301659
29.0,2501,2834.820667
35.0,2501,2839.34427
31.0,2501,2843.872712
31.0,2501,2849.669468
34.0,2501,2854.146262
36.0,2501,2858.807291
34.0,2501,2863.213636
33.0,2501,2868.984191
36.0,2501,2873.519994
30.0,2501,2877.998825
33.0,2501,2882.468104
30.0,2501,2886.958308
34.0,2501,2892.909814
39.0,2501,2897.381152
37.0,2501,2901.888752
34.0,2501,2906.378233
30.0,2501,2912.139921
25.0,2501,2916.6037
29.0,2501,2921.220194
37.0,2501,2925.696422
38.0,2501,2930.167343
42.0,2501,2935.888012
37.0,2501,2940.287401
34.0,2501,2944.832896
30.0,2501,2949.333721
40.0,2501,2955.272424
36.0,2501,2959.747921
41.0,2501,2964.217732
29.0,2501,2968.736484
32.0,2501,2973.12672
37.0,2501,2978.892332
37.0,2501,2983.335464
36.0,2501,2988.007889
39.0,2501,2992.47662
41.0,2501,2998.198723
33.0,2501,3002.670846
32.0,2501,3007.173505
33.0,2501,3020.837471
34.0,2501,3025.442436
25.0,2501,3031.171586
40.0,2501,3035.645751
30.0,2501,3040.115984
36.0,2501,3044.653431
37.0,2501,3050.431584
38.0,2501,3054.95658
41.0,2501,3059.447614
41.0,2501,3063.925687
35.0,2501,3068.434834
41.0,2501,3074.233133
42.0,2501,3078.708877
37.0,2501,3083.369078
37.0,2501,3087.888774
38.0,2501,3093.713258
34.0,2501,3098.188035
48.0,2501,3102.657594
36.0,2501,3107.156673
37.0,2501,3111.676111
32.0,2501,3117.642018
34.0,2501,3122.110182
35.0,2501,3126.561007
29.0,2501,3131.080007
34.0,2501,3136.812661
40.0,2501,3141.268698
32.0,2501,3145.719155
33.0,2501,3150.361381
36.0,2501,3154.92616
32.0,2501,3160.570513
36.0,2501,3165.043869
24.0,2501,3169.510494
36.0,2501,3174.015092
31.0,2501,3179.760942
40.0,2501,3184.549357
32.0,2501,3189.023598
31.0,2501,3193.503693
35.0,2501,3197.999079
32.0,2501,3203.730285
37.0,2501,3208.165941
33.0,2501,3221.775724
43.0,2501,3226.352955
39.0,2501,3232.111505
37.0,2501,3236.565394
29.0,2501,3240.999001
31.0,2501,3245.464421
34.0,2501,3250.14418
41.0,2501,3255.773572
29.0,2501,3260.217854
40.0,2501,3264.648997
30.0,2501,3269.185396
37.0,2501,3273.548886
35.0,2501,3279.317124
36.0,2501,3283.954301
33.0,2501,3288.499881
28.0,2501,3292.975188
35.0,2501,3298.703985
34.0,2501,3303.152686
30.0,2501,3307.591026
43.0,2501,3312.103509
35.0,2501,3316.727965
42.0,2501,3322.464126
38.0,2501,3326.908068
34.0,2501,3331.393767
41.0,2501,3335.911018
35.0,2501,3341.624405
33.0,2501,3346.268025
29.0,2501,3350.69608
36.0,2501,3355.1632
27.0,2501,3359.634376
37.0,2501,3365.34761
34.0,2501,3369.836856
33.0,2501,3374.261762
34.0,2501,3378.838121
25.0,2501,3384.582631
28.0,2501,3389.03366
30.0,2501,3393.49679
31.0,2501,3397.868109
38.0,2501,3402.324351
25.0,2501,3408.043643
34.0,2501,3421.503305
30.0,2501,3426.056145
35.0,2501,3430.557749
30.0,2501,3436.256563
29.0,2501,3440.709152
27.0,2501,3445.325957
31.0,2501,3449.8505
31.0,2501,3454.316789
33.0,2501,3460.037414
35.0,2501,3464.516994
35.0,2501,3469.001067
34.0,2501,3473.462567
32.0,2501,3479.404945
35.0,2501,3483.878712
30.0,2501,3488.361784
29.0,2501,3492.859765
35.0,2501,3497.379156
30.0,2501,3503.189337
28.0,2501,3507.687821
31.0,2501,3512.33917
33.0,2501,3516.833176
28.0,2501,3522.679669
36.0,2501,3527.16296
31.0,2501,3531.670552
36.0,2501,3536.180188
29.0,2501,3540.785038
21.0,2501,3546.532841
29.0,2501,3550.993567
41.0,2501,3555.445131
45.0,2501,3559.933571
34.0,2501,3565.728117
27.0,2501,3570.188195
43.0,2501,3574.858939
28.0,2501,3579.323363
31.0,2501,3583.775522
44.0,2501,3589.533353
29.0,2501,3593.942235
33.0,2501,3598.360666
28.0,2501,3602.739363
31.0,2501,3608.676673
23.0,2501,3622.141185
33.0,2501,3626.603479
31.0,2501,3631.102395
41.0,2501,3635.576634
28.0,2501,3641.627672
30.0,2501,3646.154591
14.0,2501,3650.611076
23.0,2501,3655.050673
26.0,2501,3660.775658
32.0,2501,3665.226883
31.0,2501,3669.720768
32.0,2501,3674.400338
31.0,2501,3678.896577
35.0,2501,3684.633917
35.0,2501,3689.056707
30.0,2501,3693.49707
28.0,2501,3697.964591
31.0,2501,3703.737221
34.0,2501,3708.351621
34.0,2501,3712.754286
34.0,2501,3717.187408
30.0,2501,3721.646831
27.0,2501,3727.358858
32.0,2501,3731.822855
29.0,2501,3736.312547
32.0,2501,3740.945911
47.0,2501,3746.599402
40.0,2501,3751.017904
37.0,2501,3755.409606
44.0,2501,3759.867939
43.0,2501,3764.366874
35.0,2501,3770.31568
28.0,2501,3774.779885
38.0,2501,3779.213829
34.0,2501,3783.599481
23.0,2501,3788.082893
30.0,2501,3793.73044
27.0,2501,3798.148747
30.0,2501,3802.765152
34.0,2501,3807.25421
24.0,2501,3822.003909
37.0,2501,3826.462456
32.0,2501,3830.906038
32.0,2501,3835.492285
35.0,2501,3839.959569
31.0,2501,3845.729477
30.0,2501,3850.186668
37.0,2501,3854.621662
31.0,2501,3859.105911
23.0,2501,3864.828147
37.0,2501,3869.456328
38.0,2501,3873.950426
40.0,2501,3878.419944
38.0,2501,3882.897604
40.0,2501,3888.701853
40.0,2501,3893.264812
33.0,2501,3897.710966
36.0,2501,3902.400392
36.0,2501,3908.158843
41.0,2501,3912.68677
34.0,2501,3917.151436
37.0,2501,3921.618941
37.0,2501,3925.982429
37.0,2501,3931.683555
32.0,2501,3936.166483
33.0,2501,3940.571974
37.0,2501,3945.064257
44.0,2501,3950.832953
34.0,2501,3955.280915
33.0,2501,3959.745824
34.0,2501,3964.238033
40.0,2501,3968.901187
37.0,2501,3974.58837
34.0,2501,3979.028566
38.0,2501,3983.482898
30.0,2501,3987.974141
44.0,2501,3993.689399
41.0,2501,3998.13951
33.0,2501,4002.748492
40.0,2501,4007.206574
30.0,2501,4020.745206
32.0,2501,4026.481119
30.0,2501,4031.131658
29.0,2501,4035.559999
37.0,2501,4039.944377
44.0,2501,4045.698039
37.0,2501,4050.090773
35.0,2501,4054.522486
35.0,2501,4058.977161
37.0,2501,4063.482891
38.0,2501,4069.326041
33.0,2501,4073.70039
32.0,2501,4078.144128
38.0,2501,4082.575402
41.0,2501,4088.283562
44.0,2501,4092.691691
41.0,2501,4097.244146
42.0,2501,4101.664701
40.0,2501,4106.104798
32.0,2501,4111.846784
35.0,2501,4116.294812
37.0,2501,4120.736005
35.0,2501,4125.208485
39.0,2501,4131.096153
42.0,2501,4135.517911
37.0,2501,4139.947943
35.0,2501,4144.409908
34.0,2501,4148.916453
42.0,2501,4154.670943
39.0,2501,4159.089365
34.0,2501,4163.728244
42.0,2501,4168.244033
39.0,2501,4174.011781
37.0,2501,4178.467755
28.0,2501,4182.981846
30.0,2501,4187.49369
36.0,2501,4191.990386
37.0,2501,4197.872905
35.0,2501,4202.315285
36.0,2501,4206.749094
33.0,2501,4220.210282
47.0,2501,4225.981701
34.0,2501,4230.592277
39.0,2501,4234.989294
33.0,2501,4239.398466
31.0,2501,4243.898486
30.0,2501,4249.65856
31.0,2501,4254.130083
33.0,2501,4258.602801
40.0,2501,4263.238204
28.0,2501,4269.031277
31.0,2501,4273.500519
35.0,2501,4277.977936
36.0,2501,4282.445982
41.0,2501,4286.991174
33.0,2501,4292.930319
37.0,2501,4297.408245
37.0,2501,4301.902351
24.0,2501,4306.399828
39.0,2501,4312.199094
23.0,2501,4316.680024
34.0,2501,4321.149069
30.0,2501,4325.802325
35.0,2501,4330.284937
26.0,2501,4336.033838
38.0,2501,4340.499955
41.0,2501,4344.960163
39.0,2501,4349.436056
36.0,2501,4353.918676
41.0,2501,4359.837788
36.0,2501,4364.313578
38.0,2501,4368.81166
38.0,2501,4373.291188
26.0,2501,4379.038916
37.0,2501,4383.510156
32.0,2501,4388.003426
39.0,2501,4392.688869
39.0,2501,4397.17696
36.0,2501,4402.966106
32.0,2501,4407.44347
30.0,2501,4420.865225
28.0,2501,4425.596754
35.0,2501,4431.361804
36.0,2501,4435.81038
45.0,2501,4440.269836
42.0,2501,4444.757352
33.0,2501,4449.228876
44.0,2501,4454.987098
38.0,2501,4459.637894
39.0,2501,4464.138263
37.0,2501,4468.679482
37.0,2501,4474.417094
35.0,2501,4478.859318
30.0,2501,4483.323834
35.0,2501,4487.95164
30.0,2501,4492.502768
29.0,2501,4498.260386
38.0,2501,4502.706906
41.0,2501,4507.208966
37.0,2501,4511.679768
31.0,2501,4517.429328
36.0,2501,4522.086482
28.0,2501,4526.579197
34.0,2501,4531.034616
36.0,2501,4535.511648
38.0,2501,4541.268878
35.0,2501,4545.716375
42.0,2501,4550.176362
36.0,2501,4554.773915
35.0,2501,4560.535846
37.0,2501,4565.01956
41.0,2501,4569.523253
33.0,2501,4574.028184
35.0,2501,4578.501876
25.0,2501,4584.28039
31.0,2501,4588.920677
35.0,2501,4593.386333
35.0,2501,4597.898697
27.0,2501,4603.738567
42.0,2501,4608.234498
46.0,2501,4621.842661
37.0,2501,4626.379843
28.0,2501,4630.917681
33.0,2501,4636.729856
38.0,2501,4641.223801
34.0,2501,4645.710959
39.0,2501,4650.233177
36.0,2501,4656.182419
27.0,2501,4660.898071
34.0,2501,4665.522552
42.0,2501,4670.153106
36.0,2501,4674.644948
31.0,2501,4680.38807
30.0,2501,4685.030693
37.0,2501,4689.527927
35.0,2501,4694.023744
36.0,2501,4699.828866
33.0,2501,4704.347956
24.0,2501,4708.851575
33.0,2501,4713.346943
36.0,2501,4717.997207
35.0,2501,4723.830367
31.0,2501,4728.300031
38.0,2501,4732.776565
27.0,2501,4737.278194
24.0,2501,4743.053613
33.0,2501,4747.521154
31.0,2501,4752.161861
34.0,2501,4756.646419
41.0,2501,4761.128748
45.0,2501,4766.986495
42.0,2501,4771.463243
27.0,2501,4775.937778
38.0,2501,4780.435066
38.0,2501,4786.426514
38.0,2501,4790.89933
32.0,2501,4795.415048
37.0,2501,4799.912127
43.0,2501,4804.432702
36.0,2501,4810.241209
42.0,2501,4824.023251
29.0,2501,4828.510816
21.0,2501,4832.953282
28.0,2501,4838.713827
41.0,2501,4843.220981
33.0,2501,4847.88285
44.0,2501,4852.383338
41.0,2501,4856.882015
37.0,2501,4862.668884
37.0,2501,4867.132179
36.0,2501,4871.617085
38.0,2501,4876.148516
41.0,2501,4880.842247
34.0,2501,4886.671586
36.0,2501,4891.174564
39.0,2501,4895.679192
38.0,2501,4900.163996
40.0,2501,4905.983048
36.0,2501,4910.484053
37.0,2501,4915.114603
39.0,2501,4919.62195
35.0,2501,4924.128759
45.0,2501,4929.878367
35.0,2501,4934.379164
45.0,2501,4938.889342
37.0,2501,4943.433367
37.0,2501,4949.464935
35.0,2501,4953.918643
37.0,2501,4958.377789
35.0,2501,4962.873146
30.0,2501,4967.360562
34.0,2501,4973.161061
34.0,2501,4977.774573
40.0,2501,4982.325443
30.0,2501,4986.829741
34.0,2501,4992.575165
31.0,2501,4997.028141
35.0,2501,5001.482865
32.0,2501,5005.923258
39.0,2501,5010.592623
46.0,2501,5025.484323
32.0,2501,5029.966238
36.0,2501,5034.433116
38.0,2501,5038.936761
44.0,2501,5044.916379
32.0,2501,5049.422229
39.0,2501,5053.86338
43.0,2501,5058.32956
33.0,2501,5062.81659
37.0,2501,5068.610722
33.0,2501,5073.079937
39.0,2501,5077.758506
40.0,2501,5082.247601
35.0,2501,5088.116241
41.0,2501,5092.665157
41.0,2501,5097.144522
47.0,2501,5101.593076
44.0,2501,5106.02751
42.0,2501,5111.92725
36.0,2501,5116.396923
39.0,2501,5120.897729
32.0,2501,5125.368641
42.0,2501,5131.123513
42.0,2501,5135.578604
38.0,2501,5140.005796
41.0,2501,5144.63842
44.0,2501,5149.121951
38.0,2501,5154.827608
37.0,2501,5159.268683
38.0,2501,5163.702856
37.0,2501,5168.173008
29.0,2501,5174.134884
33.0,2501,5178.557581
43.0,2501,5183.039206
39.0,2501,5187.544375
39.0,2501,5192.039176
33.0,2501,5197.768031
33.0,2501,5202.234025
42.0,2501,5206.860945
42.0,2501,5211.359709
38.0,2501,5226.179179
26.0,2501,5230.660226
38.0,2501,5235.131901
36.0,2501,5239.738489
35.0,2501,5244.107173
35.0,2501,5249.858725
43.0,2501,5254.332289
35.0,2501,5258.817683
37.0,2501,5263.307187
36.0,2501,5269.030625
37.0,2501,5273.657247
43.0,2501,5278.108936
40.0,2501,5282.561071
42.0,2501,5287.040149
38.0,2501,5292.777363
39.0,2501,5297.262719
36.0,2501,5301.719067
36.0,2501,5306.392959
36.0,2501,5312.13916
36.0,2501,5316.607925
42.0,2501,5321.119343
41.0,2501,5325.622947
44.0,2501,5330.121253
31.0,2501,5335.89948
39.0,2501,5340.517072
35.0,2501,5344.932662
40.0,2501,5349.324737
35.0,2501,5355.099224
28.0,2501,5359.566987
33.0,2501,5364.04433
38.0,2501,5368.532944
37.0,2501,5373.15317
34.0,2501,5378.920043
37.0,2501,5383.37755
41.0,2501,5387.911053
40.0,2501,5392.406363
42.0,2501,5398.173185
40.0,2501,5402.827291
40.0,2501,5407.278484
36.0,2501,5411.746285
42.0,2501,5425.248971
36.0,2501,5431.041875
37.0,2501,5435.679343
37.0,2501,5440.149604
35.0,2501,5444.586188
37.0,2501,5449.079242
38.0,2501,5454.814322
34.0,2501,5459.301673
46.0,2501,5463.755316
42.0,2501,5468.509752
45.0,2501,5474.313789
39.0,2501,5478.780433
38.0,2501,5483.223824
37.0,2501,5487.684522
38.0,2501,5492.150499
43.0,2501,5497.922129
44.0,2501,5502.53392
45.0,2501,5507.059957
48.0,2501,5511.535081
37.0,2501,5517.161737
37.0,2501,5521.62283
41.0,2501,5526.096281
34.0,2501,5530.638442
36.0,2501,5535.322191
38.0,2501,5541.104672
32.0,2501,5545.573869
43.0,2501,5550.08739
39.0,2501,5554.588319
41.0,2501,5560.361423
39.0,2501,5564.948148
37.0,2501,5569.540612
39.0,2501,5574.027471
44.0,2501,5578.518379
34.0,2501,5584.250087
38.0,2501,5588.761105
41.0,2501,5593.213415
41.0,2501,5597.86559
37.0,2501,5603.688819
45.0,2501,5608.200975
40.0,2501,5612.668213
36.0,2501,5626.207644
37.0,2501,5630.88386
39.0,2501,5636.693359
47.0,2501,5641.15865
37.0,2501,5645.617781
42.0,2501,5650.156452
43.0,2501,5655.899624
37.0,2501,5660.370998
38.0,2501,5665.031065
27.0,2501,5669.574087
34.0,2501,5674.135693
40.0,2501,5679.884129
39.0,2501,5684.388277
38.0,2501,5688.914164
37.0,2501,5693.405394
37.0,2501,5699.306445
42.0,2501,5703.777215
32.0,2501,5708.270981
33.0,2501,5712.758016
34.0,2501,5717.23507
40.0,2501,5722.97567
37.0,2501,5727.497095
37.0,2501,5732.132122
43.0,2501,5736.64678
38.0,2501,5742.430045
38.0,2501,5746.908155
37.0,2501,5751.359844
35.0,2501,5755.855937
42.0,2501,5760.355432
40.0,2501,5766.265549
37.0,2501,5770.721253
26.0,2501,5775.246208
41.0,2501,5779.764446
36.0,2501,5785.568411
39.0,2501,5790.081463
39.0,2501,5794.722143
38.0,2501,5799.233625
38.0,2501,5803.739339
34.0,2501,5809.542133
48.0,2501,5814.023495
41.0,2501,5827.680198
39.0,2501,5832.254859
30.0,2501,5838.053285
40.0,2501,5842.570961
38.0,2501,5847.014269
40.0,2501,5851.482327
39.0,2501,5855.996242
43.0,2501,5862.065906
42.0,2501,5866.540047
42.0,2501,5871.017402
42.0,2501,5875.513479
43.0,2501,5881.272003
45.0,2501,5885.754599
40.0,2501,5890.288201
41.0,2501,5894.945631
40.0,2501,5899.465574
43.0,2501,5905.189168
38.0,2501,5909.718859
38.0,2501,5914.216785
41.0,2501,5918.699845
43.0,2501,5924.504302
37.0,2501,5929.145211
43.0,2501,5933.628372
43.0,2501,5938.110468
45.0,2501,5942.620587
48.0,2501,5948.443008
41.0,2501,5952.941738
37.0,2501,5957.592526
47.0,2501,5962.104695
39.0,2501,5966.643163
36.0,2501,5972.381847
46.0,2501,5976.868179
45.0,2501,5981.416912
43.0,2501,5985.969472
39.0,2501,5991.780493
42.0,2501,5996.240075
41.0,2501,6000.680964
34.0,2501,6005.14768
44.0,2501,6009.720419
39.0,2501,6015.570064
43.0,2501,6029.395446
48.0,2501,6033.881219
39.0,2501,6038.359363
38.0,2501,6044.119739
38.0,2501,6048.593521
42.0,2501,6053.093971
40.0,2501,6057.735939
50.0,2501,6062.223058
40.0,2501,6067.967338
42.0,2501,6072.387659
44.0,2501,6076.874499
38.0,2501,6081.369592
36.0,2501,6087.228701
38.0,2501,6091.868776
46.0,2501,6096.323983
41.0,2501,6100.80903
46.0,2501,6105.32924
38.0,2501,6111.029002
41.0,2501,6115.514888
45.0,2501,6119.998311
43.0,2501,6124.626842
40.0,2501,6130.382628
44.0,2501,6134.857432
46.0,2501,6139.300313
40.0,2501,6143.770334
47.0,2501,6148.254021
41.0,2501,6154.262342
43.0,2501,6158.742581
40.0,2501,6163.235943
37.0,2501,6167.732542
37.0,2501,6173.55186
46.0,2501,6178.020041
41.0,2501,6182.516849
38.0,2501,6187.195051
42.0,2501,6191.752401
44.0,2501,6197.567176
39.0,2501,6202.134226
43.0,2501,6206.640857
44.0,2501,6211.17467
38.0,2501,6216.959215
39.0,2501,6230.759955
45.0,2501,6235.247427
44.0,2501,6239.749602
43.0,2501,6244.245468
43.0,2501,6250.05381
47.0,2501,6254.742143
45.0,2501,6259.237609
39.0,2501,6263.751811
40.0,2501,6269.603364
38.0,2501,6274.109154
29.0,2501,6278.608301
31.0,2501,6283.102624
43.0,2501,6287.884194
45.0,2501,6293.751829
48.0,2501,6298.289035
45.0,2501,6302.780411
44.0,2501,6307.314623
42.0,2501,6313.0813
44.0,2501,6317.665562
43.0,2501,6322.194276
47.0,2501,6326.721859
40.0,2501,6331.21736
45.0,2501,6336.972588
45.0,2501,6341.470497
38.0,2501,6345.967583
44.0,2501,6350.619729
39.0,2501,6356.413442
39.0,2501,6360.907879
45.0,2501,6365.418441
40.0,2501,6369.916733
44.0,2501,6374.395098
43.0,2501,6380.187419
44.0,2501,6384.855378
42.0,2501,6389.342582
49.0,2501,6393.880879
43.0,2501,6399.715946
39.0,2501,6404.324853
45.0,2501,6408.837983
47.0,2501,6413.396776
42.0,2501,6418.113618
41.0,2501,6432.967808
38.0,2501,6437.430331
42.0,2501,6441.890181
38.0,2501,6446.33859
46.0,2501,6452.1963
39.0,2501,6456.644008
43.0,2501,6461.098931
44.0,2501,6465.591966
46.0,2501,6470.06311
46.0,2501,6475.685172
44.0,2501,6480.361296
41.0,2501,6484.840834
44.0,2501,6489.30442
36.0,2501,6495.035166
36.0,2501,6499.485209
39.0,2501,6503.977326
36.0,2501,6508.40516
33.0,2501,6513.014796
41.0,2501,6518.74907
38.0,2501,6523.145746
34.0,2501,6527.591412
35.0,2501,6532.082726
45.0,2501,6536.546209
44.0,2501,6542.275821
38.0,2501,6546.91389
43.0,2501,6551.368982
42.0,2501,6555.756541
41.0,2501,6561.49285
41.0,2501,6565.963941
45.0,2501,6570.462606
44.0,2501,6574.951282
48.0,2501,6579.567529
32.0,2501,6585.246922
37.0,2501,6589.725142
40.0,2501,6594.150661
48.0,2501,6598.614585
45.0,2501,6604.35598
42.0,2501,6608.814507
39.0,2501,6613.415337
40.0,2501,6617.888785
37.0,2501,6631.335954
34.0,2501,6637.111201
39.0,2501,6641.590551
41.0,2501,6646.192647
38.0,2501,6650.660391
34.0,2501,6656.388233
48.0,2501,6660.807476
37.0,2501,6665.187039
42.0,2501,6669.686389
42.0,2501,6674.13359
39.0,2501,6680.059384
38.0,2501,6684.501743
37.0,2501,6688.981046
36.0,2501,6693.445199
40.0,2501,6699.112538
31.0,2501,6703.518136
34.0,2501,6708.068125
32.0,2501,6712.608707
38.0,2501,6717.082088
48.0,2501,6722.815619
30.0,2501,6727.247691
38.0,2501,6731.679568
37.0,2501,6736.153344
37.0,2501,6742.111253
40.0,2501,6746.560272
45.0,2501,6751.040423
37.0,2501,6755.408739
39.0,2501,6759.871209
41.0,2501,6765.603589
26.0,2501,6770.055068
36.0,2501,6774.801152
35.0,2501,6779.266894
36.0,2501,6784.983566
37.0,2501,6789.366575
40.0,2501,6793.792282
41.0,2501,6798.184535
40.0,2501,6802.607835
40.0,2501,6808.441246
34.0,2501,6812.898921
41.0,2501,6817.325683
34.0,2501,6830.734383
41.0,2501,6836.370751
35.0,2501,6841.00081
33.0,2501,6845.608113
39.0,2501,6850.082085
36.0,2501,6854.556889
36.0,2501,6860.285147
40.0,2501,6864.704563
47.0,2501,6869.167053
41.0,2501,6873.807921
40.0,2501,6879.572084
40.0,2501,6884.002929
36.0,2501,6888.476012
37.0,2501,6892.916322
40.0,2501,6897.366874
48.0,2501,6902.967476
40.0,2501,6907.560275
47.0,2501,6912.025581
46.0,2501,6916.518491
44.0,2501,6922.276068
44.0,2501,6926.716444
33.0,2501,6931.159485
48.0,2501,6935.643758
42.0,2501,6940.307275
48.0,2501,6946.065565
45.0,2501,6950.549751
43.0,2501,6954.985385
45.0,2501,6959.429679
40.0,2501,6965.069754
36.0,2501,6969.512724
35.0,2501,6974.105556
37.0,2501,6978.575951
42.0,2501,6983.062988
36.0,2501,6988.842762
38.0,2501,6993.310107
42.0,2501,6997.745168
46.0,2501,7002.259491
41.0,2501,7008.131377
44.0,2501,7012.622347
40.0,2501,7017.101136
38.0,2501,7030.542896
43.0,2501,7035.093243
45.0,2501,7040.80884
36.0,2501,7045.250018
38.0,2501,7049.685775
46.0,2501,7054.141075
37.0,2501,7058.491714
41.0,2501,7064.27518
40.0,2501,7068.80657
35.0,2501,7073.156214
42.0,2501,7077.597695
42.0,2501,7083.325866
38.0,2501,7087.779615
40.0,2501,7092.234642
43.0,2501,7096.714354
39.0,2501,7101.345984
44.0,2501,7107.210158
38.0,2501,7111.674185
35.0,2501,7116.151075
43.0,2501,7120.669313
44.0,2501,7126.437514
41.0,2501,7130.957766
39.0,2501,7135.541444
41.0,2501,7139.880897
43.0,2501,7144.330844
37.0,2501,7150.139555
32.0,2501,7154.597239
34.0,2501,7159.055638
38.0,2501,7163.588999
33.0,2501,7169.587832
39.0,2501,7173.925821
40.0,2501,7178.266248
38.0,2501,7182.728976
33.0,2501,7187.317969
36.0,2501,7193.034409
42.0,2501,7197.487102
43.0,2501,7202.115324
39.0,2501,7206.456616
40.0,2501,7212.089455
36.0,2501,7216.515321
41.0,2501,7230.005972
42.0,2501,7234.601179
31.0,2501,7239.0426
31.0,2501,7244.748722
40.0,2501,7249.238356
36.0,2501,7253.708224
30.0,2501,7258.229174
42.0,2501,7264.18612
45.0,2501,7268.689399
41.0,2501,7273.120015
38.0,2501,7277.566843
35.0,2501,7282.081589
39.0,2501,7287.880137
43.0,2501,7292.353967
45.0,2501,7297.026393
34.0,2501,7301.546466
31.0,2501,7307.36672
38.0,2501,7311.85704
45.0,2501,7316.329082
37.0,2501,7320.809161
33.0,2501,7325.330168
38.0,2501,7331.24701
48.0,2501,7335.756339
33.0,2501,7340.253691
36.0,2501,7344.73752
38.0,2501,7350.50455
42.0,2501,7354.973436
42.0,2501,7359.404461
43.0,2501,7364.064556
39.0,2501,7368.576524
35.0,2501,7374.352324
35.0,2501,7378.843158
38.0,2501,7383.332338
42.0,2501,7387.88072
28.0,2501,7393.67275
28.0,2501,7398.342962
35.0,2501,7402.851234
41.0,2501,7407.36812
39.0,2501,7411.855984
32.0,2501,7417.660108
37.0,2501,7431.49606
38.0,2501,7435.988177
38.0,2501,7440.486113
44.0,2501,7446.264172
35.0,2501,7450.78388
44.0,2501,7455.249862
27.0,2501,7459.82182
47.0,2501,7464.327028
39.0,2501,7470.204046
41.0,2501,7474.70114
41.0,2501,7479.180514
39.0,2501,7483.718973
34.0,2501,7489.634406
35.0,2501,7494.365306
27.0,2501,7498.90432
38.0,2501,7503.463983
34.0,2501,7508.022894
35.0,2501,7513.789346
29.0,2501,7518.262452
40.0,2501,7522.706237
37.0,2501,7527.362204
37.0,2501,7533.153092
44.0,2501,7537.63983
35.0,2501,7542.151089
41.0,2501,7546.67433
45.0,2501,7551.20781
38.0,2501,7557.000108
38.0,2501,7561.646673
38.0,2501,7566.135805
39.0,2501,7570.636396
44.0,2501,7575.159167
39.0,2501,7580.985273
39.0,2501,7585.516327
39.0,2501,7590.170918
30.0,2501,7594.673041
39.0,2501,7600.455854
41.0,2501,7605.007741
45.0,2501,7609.505064
35.0,2501,7614.067528
40.0,2501,7618.565675
40.0,2501,7633.612058
41.0,2501,7638.150536
41.0,2501,7642.681599
37.0,2501,7647.195773
44.0,2501,7652.984171
36.0,2501,7657.643702
44.0,2501,7662.124322
38.0,2501,7666.634713
37.0,2501,7671.184288
31.0,2501,7676.996991
39.0,2501,7681.495809
44.0,2501,7686.014807
45.0,2501,7690.720659
40.0,2501,7696.44593
37.0,2501,7700.876585
37.0,2501,7705.382951
46.0,2501,7709.905872
36.0,2501,7714.442534
43.0,2501,7720.229863
40.0,2501,7724.915335
41.0,2501,7729.50905
42.0,2501,7734.01939
41.0,2501,7739.793478
40.0,2501,7744.308596
39.0,2501,7748.826769
42.0,2501,7753.466907
38.0,2501,7757.962706
42.0,2501,7763.787326
35.0,2501,7768.317716
35.0,2501,7772.811799
40.0,2501,7777.34473
36.0,2501,7783.150126
44.0,2501,7787.865946
32.0,2501,7792.574089
47.0,2501,7797.059804
43.0,2501,7801.583056
45.0,2501,7807.385398
42.0,2501,7811.861802
44.0,2501,7816.349463
40.0,2501,7821.063829
39.0,2501,7835.992811
43.0,2501,7840.469127
44.0,2501,7844.977562
45.0,2501,7849.49619
39.0,2501,7854.192074
50.0,2501,7860.083767
40.0,2501,7864.552105
48.0,2501,7869.051533
45.0,2501,7873.54235
47.0,2501,7879.335463
40.0,2501,7883.958993
43.0,2501,7888.476337
39.0,2501,7892.976614
35.0,2501,7897.489555
41.0,2501,7903.250231
39.0,2501,7907.78156
38.0,2501,7912.287248
37.0,2501,7916.975995
17.0,2501,7922.75593
40.0,2501,7927.246412
25.0,2501,7931.742832
38.0,2501,7936.231998
37.0,2501,7940.724174
40.0,2501,7946.482268
42.0,2501,7951.193004
39.0,2501,7955.722131
29.0,2501,7960.205172
28.0,2501,7965.980419
32.0,2501,7970.494112
32.0,2501,7974.990631
32.0,2501,7979.48078
39.0,2501,7984.150609
35.0,2501,7989.969756
39.0,2501,7994.449205
30.0,2501,7998.937712
33.0,2501,8003.440293
31.0,2501,8009.224342
42.0,2501,8013.733191
41.0,2501,8018.387061
38.0,2501,8022.920372
40.0,2501,8036.513062
39.0,2501,8042.301403
42.0,2501,8046.861827
43.0,2501,8051.51882
37.0,2501,8056.043018
43.0,2501,8061.820313
40.0,2501,8066.365951
34.0,2501,8070.850226
26.0,2501,8075.361084
40.0,2501,8079.985661
36.0,2501,8085.866586
30.0,2501,8090.360329
37.0,2501,8094.850009
41.0,2501,8099.319655
37.0,2501,8105.138491
38.0,2501,8109.646029
41.0,2501,8114.307418
41.0,2501,8118.811396
44.0,2501,8123.327175
38.0,2501,8129.078149
44.0,2501,8133.562072
43.0,2501,8138.085721
41.0,2501,8142.58352
36.0,2501,8147.228116
52.0,2501,8153.092391
47.0,2501,8157.572582
42.0,2501,8162.086944
37.0,2501,8166.59868
33.0,2501,8172.394833
35.0,2501,8176.896649
39.0,2501,8181.537622
41.0,2501,8186.055025
37.0,2501,8190.593616
39.0,2501,8196.429017
38.0,2501,8200.917908
38.0,2501,8205.439214
27.0,2501,8209.943362
34.0,2501,8215.893243
24.0,2501,8220.392811
39.0,2501,8224.920844
40.0,2501,8238.558628
35.0,2501,8243.218825
41.0,2501,8249.005913
43.0,2501,8253.505255
37.0,2501,8258.022331
48.0,2501,8262.564025
37.0,2501,8268.523694
44.0,2501,8273.079461
41.0,2501,8277.756459
39.0,2501,8282.289558
39.0,2501,8286.786514
35.0,2501,8292.582577
38.0,2501,8297.029766
43.0,2501,8301.518706
33.0,2501,8306.008538
45.0,2501,8311.921854
42.0,2501,8316.364812
36.0,2501,8320.819708
29.0,2501,8325.299313
47.0,2501,8329.822938
45.0,2501,8335.584605
42.0,2501,8340.08123
42.0,2501,8344.791609
40.0,2501,8349.281105
40.0,2501,8355.041331
40.0,2501,8359.54073
34.0,2501,8364.038703
41.0,2501,8368.564372
45.0,2501,8373.073298
33.0,2501,8378.983838
41.0,2501,8383.405028
47.0,2501,8387.929847
36.0,2501,8392.413489
47.0,2501,8398.239168
45.0,2501,8402.72225
51.0,2501,8407.390495
44.0,2501,8411.881495
44.0,2501,8416.374306
42.0,2501,8422.163481
41.0,2501,8426.622831
37.0,2501,8440.400943
43.0,2501,8444.928244
42.0,2501,8450.697902
38.0,2501,8455.182458
40.0,2501,8459.659832
36.0,2501,8464.208719
40.0,2501,8468.725115
41.0,2501,8474.694983
34.0,2501,8479.206988
43.0,2501,8483.696373
32.0,2501,8488.202832
41.0,2501,8494.038127
28.0,2501,8498.521231
42.0,2501,8503.039008
40.0,2501,8507.698446
47.0,2501,8512.261721
29.0,2501,8518.062542
40.0,2501,8522.518541
35.0,2501,8526.930745
39.0,2501,8531.446031
36.0,2501,8537.429453
25.0,2501,8541.929123
24.0,2501,8546.423653
37.0,2501,8550.97389
40.0,2501,8555.478845
36.0,2501,8561.238839
41.0,2501,8565.746611
38.0,2501,8570.429277
44.0,2501,8574.989705
43.0,2501,8580.764038
38.0,2501,8585.260373
42.0,2501,8589.792282
27.0,2501,8594.259019
36.0,2501,8598.718614
39.0,2501,8604.699286
36.0,2501,8609.201993
37.0,2501,8613.679751
45.0,2501,8618.202679
35.0,2501,8623.976238
36.0,2501,8628.483292
40.0,2501,8642.255943
35.0,2501,8646.810182
42.0,2501,8651.332569
40.0,2501,8657.084165
31.0,2501,8661.606788
35.0,2501,8666.132913
39.0,2501,8670.771843
36.0,2501,8675.330508
43.0,2501,8681.127162
36.0,2501,8685.707974
42.0,2501,8690.235053
41.0,2501,8694.819272
38.0,2501,8700.807922
36.0,2501,8705.313442
35.0,2501,8709.81879
32.0,2501,8714.321612
41.0,2501,8718.821436
41.0,2501,8724.514566
38.0,2501,8729.00141
38.0,2501,8733.648826
36.0,2501,8738.152733
39.0,2501,8743.95907
39.0,2501,8748.437881
36.0,2501,8752.979318
38.0,2501,8757.462551
41.0,2501,8761.945446
40.0,2501,8767.848694
36.0,2501,8772.316743
37.0,2501,8776.812279
36.0,2501,8781.330007
39.0,2501,8787.161214
39.0,2501,8791.645001
37.0,2501,8796.143631
42.0,2501,8800.79407
34.0,2501,8805.317588
35.0,2501,8811.107206
35.0,2501,8815.681073
43.0,2501,8820.162059
38.0,2501,8824.659184
42.0,2501,8830.647532
41.0,2501,8844.185268
37.0,2501,8848.668616
43.0,2501,8853.161876
46.0,2501,8857.651886
41.0,2501,8863.608844
43.0,2501,8868.117747
43.0,2501,8872.604147
39.0,2501,8877.063813
30.0,2501,8882.832748
43.0,2501,8887.310356
43.0,2501,8891.793916
39.0,2501,8896.429359
36.0,2501,8900.901449
36.0,2501,8906.698212
33.0,2501,8911.138332
36.0,2501,8915.643253
40.0,2501,8920.17313
42.0,2501,8925.995192
38.0,2501,8930.653518
46.0,2501,8935.124996
37.0,2501,8939.632352
46.0,2501,8944.111615
37.0,2501,8949.885221
38.0,2501,8954.431427
38.0,2501,8958.937736
40.0,2501,8963.571285
36.0,2501,8969.415058
39.0,2501,8973.87797
40.0,2501,8978.341173
37.0,2501,8982.864784
38.0,2501,8987.413702
44.0,2501,8993.183051
39.0,2501,8997.802495
36.0,2501,9002.265985
25.0,2501,9006.761067
36.0,2501,9012.426842
36.0,2501,9016.922053
40.0,2501,9021.428252
47.0,2501,9025.962467
41.0,2501,9030.619409
40.0,2501,9045.385756
40.0,2501,9049.861899
42.0,2501,9054.35221
36.0,2501,9058.985257
41.0,2501,9064.769757
40.0,2501,9069.278241
39.0,2501,9073.743477
40.0,2501,9078.271036
37.0,2501,9082.630393
37.0,2501,9088.447234
43.0,2501,9093.131056
40.0,2501,9097.609367
35.0,2501,9102.082664
36.0,2501,9107.89946
41.0,2501,9112.410257
41.0,2501,9116.871167
42.0,2501,9121.382946
41.0,2501,9126.056249
37.0,2501,9131.821737
39.0,2501,9136.285976
31.0,2501,9140.756062
35.0,2501,9145.224537
40.0,2501,9150.958539
40.0,2501,9155.42294
39.0,2501,9160.071176
50.0,2501,9164.569172
41.0,2501,9169.162426
45.0,2501,9174.972563
37.0,2501,9179.452081
37.0,2501,9183.848946
35.0,2501,9188.315251
30.0,2501,9194.36643
44.0,2501,9198.852385
42.0,2501,9203.322849
41.0,2501,9207.837404
41.0,2501,9212.372474
38.0,2501,9218.18989
40.0,2501,9222.831722
37.0,2501,9227.388191
48.0,2501,9231.928781
42.0,2501,9245.488072
39.0,2501,9251.325009
38.0,2501,9255.97895
41.0,2501,9260.479162
46.0,2501,9265.049163
41.0,2501,9270.823594
44.0,2501,9275.307055
39.0,2501,9279.707655
44.0,2501,9284.132589
40.0,2501,9288.833762
35.0,2501,9294.669291
42.0,2501,9299.155674
40.0,2501,9303.666905
38.0,2501,9308.21368
47.0,2501,9314.013555
39.0,2501,9318.489861
43.0,2501,9323.098385
43.0,2501,9327.62115
35.0,2501,9332.095874
36.0,2501,9337.828312
37.0,2501,9342.303051
32.0,2501,9346.860271
39.0,2501,9351.365846
41.0,2501,9357.317484
40.0,2501,9361.788359
47.0,2501,9366.275849
43.0,2501,9370.765324
46.0,2501,9375.265775
40.0,2501,9381.027667
47.0,2501,9385.695492
37.0,2501,9390.193067
42.0,2501,9394.687051
37.0,2501,9400.461332
43.0,2501,9405.00692
38.0,2501,9409.531519
35.0,2501,9414.002283
41.0,2501,9418.698006
43.0,2501,9424.426994
38.0,2501,9428.906557
38.0,2501,9433.423223
44.0,2501,9447.038015
45.0,2501,9452.927121
36.0,2501,9457.286789
38.0,2501,9461.710772
39.0,2501,9466.215266
46.0,2501,9470.729917
35.0,2501,9476.5142
36.0,2501,9480.972494
36.0,2501,9485.697565
39.0,2501,9490.189812
42.0,2501,9495.968472
38.0,2501,9500.44245
45.0,2501,9504.929291
44.0,2501,9509.410054
44.0,2501,9513.955657
40.0,2501,9519.917171
27.0,2501,9524.343046
38.0,2501,9528.76928
37.0,2501,9533.253322
39.0,2501,9539.029174
38.0,2501,9543.527732
35.0,2501,9548.022691
36.0,2501,9552.655899
38.0,2501,9557.147909
36.0,2501,9562.885125
36.0,2501,9567.369843
40.0,2501,9571.877475
48.0,2501,9576.374215
40.0,2501,9582.371442
38.0,2501,9586.869893
46.0,2501,9591.331022
42.0,2501,9595.812437
37.0,2501,9600.285395
42.0,2501,9606.051265
47.0,2501,9610.54726
37.0,2501,9615.182822
36.0,2501,9619.676509
34.0,2501,9625.527606
39.0,2501,9629.99899
40.0,2501,9634.445348
29.0,2501,9648.250074
41.0,2501,9652.748333
40.0,2501,9658.517214
33.0,2501,9662.985672
36.0,2501,9667.469972
42.0,2501,9671.954644
37.0,2501,9677.751039
42.0,2501,9682.495443
36.0,2501,9686.979339
34.0,2501,9691.446953
44.0,2501,9695.953933
41.0,2501,9701.735358
26.0,2501,9706.257126
34.0,2501,9710.770263
32.0,2501,9715.411574
37.0,2501,9721.228106
35.0,2501,9725.686578
37.0,2501,9730.13037
38.0,2501,9734.590223
35.0,2501,9739.075645
31.0,2501,9745.00455
34.0,2501,9749.484944
39.0,2501,9753.983088
35.0,2501,9758.449585
36.0,2501,9762.979005
39.0,2501,9768.657055
39.0,2501,9773.124962
40.0,2501,9777.747941
38.0,2501,9782.251366
39.0,2501,9788.007876
31.0,2501,9792.504829
38.0,2501,9796.9949
45.0,2501,9801.50498
46.0,2501,9806.01311
41.0,2501,9811.924243
33.0,2501,9816.370914
25.0,2501,9820.861036
39.0,2501,9825.352441
42.0,2501,9831.105638
39.0,2501,9835.505418
42.0,2501,9849.290164
38.0,2501,9853.829721
37.0,2501,9858.354949
35.0,2501,9864.13218
37.0,2501,9868.661779
34.0,2501,9873.134035
40.0,2501,9877.798742
39.0,2501,9883.622618
34.0,2501,9888.207151
31.0,2501,9892.80841
39.0,2501,9897.309782
39.0,2501,9901.779489
45.0,2501,9907.734493
36.0,2501,9912.217774
42.0,2501,9916.683605
41.0,2501,9921.224181
41.0,2501,9926.995543
40.0,2501,9931.468249
42.0,2501,9935.95537
44.0,2501,9940.596034
43.0,2501,9945.121086
40.0,2501,9950.872862
32.0,2501,9955.391042
39.0,2501,9959.89485
41.0,2501,9964.396448
43.0,2501,9970.188786
44.0,2501,9974.805829
36.0,2501,9979.357954
35.0,2501,9983.857064
34.0,2501,9988.388962
41.0,2501,9994.198928
35.0,2501,9998.652452
42.0,2501,10003.091241
37.0,2501,10007.79092
38.0,2501,10013.635222
46.0,2501,10018.097783
43.0,2501,10022.593452
42.0,2501,10027.084927
45.0,2501,10031.491766
43.0,2501,10037.254612
