#{"t_start": 1708851397.540378, "env_id": "MinAtar/Freeway-v1"}
r,l,t
0.0,2501,33.395273
1.0,2501,44.537655
2.0,2501,58.510794
1.0,2501,73.080692
7.0,2501,90.209214
3.0,2501,101.520808
3.0,2501,113.034452
1.0,2501,125.948534
2.0,2501,139.233329
1.0,2501,158.465535
2.0,2501,171.359825
2.0,2501,182.327136
1.0,2501,194.892433
1.0,2501,211.273048
1.0,2501,225.186235
1.0,2501,240.18559
3.0,2501,251.677294
3.0,2501,262.106159
4.0,2501,275.878818
1.0,2501,288.359992
4.0,2501,302.12971
5.0,2501,317.288924
7.0,2501,333.713146
5.0,2501,342.827835
6.0,2501,353.343795
3.0,2501,367.074655
3.0,2501,382.727626
1.0,2501,398.240781
2.0,2501,409.523369
0.0,2501,419.874727
0.0,2501,430.376829
0.0,2501,448.877723
1.0,2501,460.920453
0.0,2501,474.185311
0.0,2501,482.480357
0.0,2501,495.437593
3.0,2501,510.523602
4.0,2501,521.008725
1.0,2501,536.899011
2.0,2501,581.238252
4.0,2501,598.622666
9.0,2501,613.886553
7.0,2501,629.146577
5.0,2501,646.203396
7.0,2501,657.150689
10.0,2501,674.745098
9.0,2501,686.489033
6.0,2501,697.563546
11.0,2501,708.247875
12.0,2501,724.769878
8.0,2501,736.4494
15.0,2501,747.684693
18.0,2501,760.902665
11.0,2501,776.080734
10.0,2501,791.705281
6.0,2501,803.60893
15.0,2501,814.55875
11.0,2501,828.127817
17.0,2501,846.313591
13.0,2501,856.494398
11.0,2501,871.439844
11.0,2501,884.04577
10.0,2501,892.836339
1.0,2501,907.027922
13.0,2501,918.337196
11.0,2501,930.502899
16.0,2501,941.733645
9.0,2501,954.757584
13.0,2501,966.222169
14.0,2501,976.22628
6.0,2501,986.641844
11.0,2501,998.311327
14.0,2501,1014.015038
10.0,2501,1026.728817
8.0,2501,1039.117727
17.0,2501,1052.920922
10.0,2501,1068.853565
16.0,2501,1078.894778
9.0,2501,1091.545389
6.0,2501,1137.63925
17.0,2501,1148.375233
15.0,2501,1161.555176
15.0,2501,1175.093893
14.0,2501,1192.818481
18.0,2501,1205.571641
17.0,2501,1220.43047
9.0,2501,1231.652444
20.0,2501,1243.040407
17.0,2501,1256.293086
16.0,2501,1272.387247
19.0,2501,1294.630172
14.0,2501,1306.939477
19.0,2501,1318.026425
3.0,2501,1330.974577
22.0,2501,1351.903793
19.0,2501,1365.982047
19.0,2501,1381.024648
14.0,2501,1392.063052
19.0,2501,1403.051806
19.0,2501,1421.341146
9.0,2501,1433.728946
14.0,2501,1447.366662
9.0,2501,1462.260608
14.0,2501,1479.524228
9.0,2501,1493.041664
10.0,2501,1507.204425
5.0,2501,1521.13463
10.0,2501,1534.712361
6.0,2501,1548.491676
8.0,2501,1559.983106
12.0,2501,1571.12269
10.0,2501,1585.696808
13.0,2501,1598.692121
15.0,2501,1617.367924
10.0,2501,1629.319363
17.0,2501,1640.811424
8.0,2501,1653.127412
15.0,2501,1673.757361
8.0,2501,1688.249847
12.0,2501,1726.196585
8.0,2501,1736.135825
12.0,2501,1751.137754
16.0,2501,1767.968113
8.0,2501,1779.680355
12.0,2501,1791.101143
18.0,2501,1799.628378
8.0,2501,1817.189526
13.0,2501,1830.258865
10.0,2501,1843.375047
15.0,2501,1854.330393
18.0,2501,1868.11929
15.0,2501,1885.123262
16.0,2501,1895.89843
18.0,2501,1909.477281
15.0,2501,1924.294878
10.0,2501,1945.4964
25.0,2501,1957.295527
18.0,2501,1968.598773
14.0,2501,1980.289282
23.0,2501,1992.902084
15.0,2501,2011.782445
24.0,2501,2023.943074
25.0,2501,2033.43486
28.0,2501,2044.8638
18.0,2501,2057.511593
14.0,2501,2070.352632
22.0,2501,2084.005773
23.0,2501,2097.253485
22.0,2501,2110.504629
27.0,2501,2125.499518
17.0,2501,2135.464896
20.0,2501,2147.953485
17.0,2501,2161.171158
23.0,2501,2180.649569
25.0,2501,2192.64188
19.0,2501,2203.602687
22.0,2501,2215.351577
19.0,2501,2227.152694
26.0,2501,2246.666914
19.0,2501,2283.739888
18.0,2501,2299.819569
26.0,2501,2313.438855
27.0,2501,2330.838592
19.0,2501,2345.860599
30.0,2501,2357.090705
21.0,2501,2369.661114
18.0,2501,2382.456635
17.0,2501,2401.26124
25.0,2501,2412.936753
21.0,2501,2424.46343
20.0,2501,2434.748273
23.0,2501,2449.220204
17.0,2501,2461.20366
25.0,2501,2474.059742
26.0,2501,2490.266074
18.0,2501,2501.331178
21.0,2501,2516.835996
22.0,2501,2527.720809
25.0,2501,2540.676432
22.0,2501,2555.228664
23.0,2501,2572.176995
19.0,2501,2581.522941
18.0,2501,2591.743429
4.0,2501,2602.797827
23.0,2501,2615.872099
28.0,2501,2633.441093
16.0,2501,2646.8136
24.0,2501,2660.082139
23.0,2501,2670.209177
26.0,2501,2687.499217
26.0,2501,2699.812809
17.0,2501,2713.022243
7.0,2501,2724.604192
18.0,2501,2736.52379
4.0,2501,2755.569573
23.0,2501,2766.004359
19.0,2501,2775.205607
21.0,2501,2785.986675
8.0,2501,2801.790145
13.0,2501,2839.405766
20.0,2501,2846.976327
16.0,2501,2859.268039
20.0,2501,2870.063339
18.0,2501,2890.292693
19.0,2501,2904.262432
27.0,2501,2916.512091
22.0,2501,2927.975786
24.0,2501,2945.350941
17.0,2501,2960.198901
26.0,2501,2975.470237
23.0,2501,2988.10089
20.0,2501,2999.27795
26.0,2501,3017.728952
21.0,2501,3029.647593
15.0,2501,3044.84379
23.0,2501,3058.565221
10.0,2501,3073.547855
16.0,2501,3088.69664
22.0,2501,3100.109542
15.0,2501,3112.006021
17.0,2501,3125.577144
15.0,2501,3142.057908
21.0,2501,3155.757512
22.0,2501,3168.420155
18.0,2501,3183.953566
19.0,2501,3199.763236
16.0,2501,3218.595169
18.0,2501,3233.842448
17.0,2501,3248.422488
17.0,2501,3262.827546
21.0,2501,3284.496272
19.0,2501,3294.378135
9.0,2501,3305.65866
13.0,2501,3318.67812
15.0,2501,3329.753086
14.0,2501,3344.801174
22.0,2501,3359.383281
18.0,2501,3373.460589
19.0,2501,3385.12625
24.0,2501,3430.50584
24.0,2501,3443.36252
23.0,2501,3454.892872
28.0,2501,3465.827591
23.0,2501,3478.391932
17.0,2501,3496.441407
24.0,2501,3508.963681
24.0,2501,3518.276457
26.0,2501,3533.047603
33.0,2501,3555.126658
22.0,2501,3573.842359
19.0,2501,3586.068351
21.0,2501,3598.562783
25.0,2501,3612.104309
26.0,2501,3633.038549
28.0,2501,3646.430245
29.0,2501,3658.880881
29.0,2501,3669.843124
28.0,2501,3685.876688
22.0,2501,3699.404695
12.0,2501,3714.455899
31.0,2501,3729.563947
25.0,2501,3745.838024
27.0,2501,3762.85287
26.0,2501,3776.42393
32.0,2501,3790.653215
14.0,2501,3800.40093
17.0,2501,3819.079466
16.0,2501,3830.238242
23.0,2501,3840.112367
22.0,2501,3850.296067
29.0,2501,3863.457447
21.0,2501,3875.870632
17.0,2501,3889.712884
30.0,2501,3902.116501
31.0,2501,3912.363836
28.0,2501,3925.863451
30.0,2501,3939.290741
25.0,2501,3954.162969
28.0,2501,3971.56092
28.0,2501,4000.738334
26.0,2501,4019.531044
29.0,2501,4032.732733
29.0,2501,4046.983641
24.0,2501,4059.946198
28.0,2501,4076.611401
31.0,2501,4088.990817
30.0,2501,4103.56008
28.0,2501,4116.369306
23.0,2501,4130.353694
31.0,2501,4147.445355
32.0,2501,4158.97315
31.0,2501,4169.422525
27.0,2501,4178.442208
24.0,2501,4195.46824
30.0,2501,4210.859468
27.0,2501,4225.138816
25.0,2501,4238.082652
21.0,2501,4249.949459
30.0,2501,4268.427509
26.0,2501,4284.384243
22.0,2501,4298.355804
25.0,2501,4314.551505
27.0,2501,4329.268744
23.0,2501,4340.847783
29.0,2501,4354.389888
24.0,2501,4367.779468
27.0,2501,4380.814384
23.0,2501,4397.500496
26.0,2501,4410.768808
25.0,2501,4420.903293
23.0,2501,4433.804088
21.0,2501,4452.453451
28.0,2501,4466.22209
25.0,2501,4478.893454
24.0,2501,4490.097994
28.0,2501,4500.935164
16.0,2501,4517.964236
33.0,2501,4531.074403
27.0,2501,4545.072911
29.0,2501,4583.387603
24.0,2501,4603.427816
23.0,2501,4619.009131
24.0,2501,4634.042835
26.0,2501,4646.311933
23.0,2501,4659.069506
23.0,2501,4678.02039
26.0,2501,4691.28094
28.0,2501,4705.729309
26.0,2501,4720.121864
31.0,2501,4732.099983
33.0,2501,4750.341242
22.0,2501,4761.940163
20.0,2501,4776.62865
28.0,2501,4789.22162
33.0,2501,4808.613086
31.0,2501,4819.815636
31.0,2501,4832.784441
25.0,2501,4844.045076
21.0,2501,4859.671264
33.0,2501,4879.94253
29.0,2501,4891.43874
18.0,2501,4904.507512
25.0,2501,4917.839818
30.0,2501,4936.470476
28.0,2501,4947.32831
25.0,2501,4963.838433
34.0,2501,4976.326618
26.0,2501,4989.351905
32.0,2501,5009.437089
28.0,2501,5021.666069
30.0,2501,5034.886436
29.0,2501,5043.758112
25.0,2501,5061.639736
26.0,2501,5074.263728
24.0,2501,5086.401769
23.0,2501,5098.13497
24.0,2501,5114.116385
24.0,2501,5130.189204
24.0,2501,5142.276914
30.0,2501,5183.958114
28.0,2501,5194.081792
13.0,2501,5214.354747
23.0,2501,5227.442882
33.0,2501,5241.695707
28.0,2501,5257.267649
21.0,2501,5276.426245
34.0,2501,5294.889169
27.0,2501,5307.852424
29.0,2501,5321.490411
25.0,2501,5336.527826
30.0,2501,5354.237666
28.0,2501,5369.792685
37.0,2501,5383.830894
26.0,2501,5395.75206
33.0,2501,5405.50088
27.0,2501,5424.573777
29.0,2501,5440.156269
24.0,2501,5455.686267
32.0,2501,5468.878251
25.0,2501,5484.238061
30.0,2501,5496.515199
29.0,2501,5511.14725
22.0,2501,5523.556366
29.0,2501,5535.51841
24.0,2501,5549.640476
37.0,2501,5563.666191
0.0,2501,5576.923535
22.0,2501,5590.034014
31.0,2501,5612.418643
21.0,2501,5626.966541
17.0,2501,5639.627577
28.0,2501,5651.41774
20.0,2501,5667.477859
21.0,2501,5686.701167
20.0,2501,5702.739126
23.0,2501,5717.927824
20.0,2501,5729.114071
19.0,2501,5743.483645
29.0,2501,5754.771956
24.0,2501,5792.922326
27.0,2501,5804.057993
27.0,2501,5816.96196
21.0,2501,5834.30018
26.0,2501,5848.141392
32.0,2501,5860.221983
22.0,2501,5872.180297
11.0,2501,5888.9805
30.0,2501,5904.129852
27.0,2501,5919.763573
12.0,2501,5935.994881
25.0,2501,5951.124375
26.0,2501,5966.006778
21.0,2501,5975.804122
28.0,2501,5990.307123
20.0,2501,6004.409894
24.0,2501,6024.037209
22.0,2501,6038.983998
26.0,2501,6051.389419
32.0,2501,6068.165384
25.0,2501,6084.333407
31.0,2501,6104.281463
23.0,2501,6118.988174
25.0,2501,6131.636046
22.0,2501,6144.059746
28.0,2501,6164.901024
27.0,2501,6179.943221
24.0,2501,6193.075991
29.0,2501,6201.919497
21.0,2501,6212.576785
25.0,2501,6228.581655
24.0,2501,6240.605371
20.0,2501,6255.727184
31.0,2501,6271.428457
20.0,2501,6283.206954
18.0,2501,6298.436546
27.0,2501,6309.322957
30.0,2501,6321.316232
25.0,2501,6334.620268
31.0,2501,6353.925315
25.0,2501,6390.630953
33.0,2501,6404.003379
21.0,2501,6417.258981
25.0,2501,6431.663746
27.0,2501,6449.482444
31.0,2501,6460.865307
27.0,2501,6474.280186
26.0,2501,6488.809697
28.0,2501,6504.398928
21.0,2501,6518.546975
27.0,2501,6528.334116
26.0,2501,6540.424319
26.0,2501,6556.450853
31.0,2501,6577.71169
23.0,2501,6591.57179
21.0,2501,6604.466284
25.0,2501,6616.361399
34.0,2501,6634.183638
26.0,2501,6646.919195
38.0,2501,6663.684223
17.0,2501,6681.034597
32.0,2501,6690.502635
30.0,2501,6709.475081
28.0,2501,6722.29976
32.0,2501,6740.650211
29.0,2501,6752.554004
32.0,2501,6767.649155
33.0,2501,6780.765516
29.0,2501,6794.896164
37.0,2501,6804.874524
32.0,2501,6820.998115
23.0,2501,6838.549328
28.0,2501,6850.659518
25.0,2501,6861.837943
29.0,2501,6871.183024
24.0,2501,6891.635295
30.0,2501,6904.589869
28.0,2501,6920.041954
33.0,2501,6933.306592
36.0,2501,6943.73948
24.0,2501,6985.460626
20.0,2501,6997.943792
29.0,2501,7009.971826
32.0,2501,7023.672235
33.0,2501,7038.33531
33.0,2501,7053.611944
34.0,2501,7071.01723
26.0,2501,7085.485678
35.0,2501,7099.986433
30.0,2501,7118.092804
31.0,2501,7133.38136
28.0,2501,7152.145263
28.0,2501,7166.584139
29.0,2501,7183.465465
13.0,2501,7199.021127
22.0,2501,7211.773393
32.0,2501,7221.019421
31.0,2501,7232.905891
40.0,2501,7247.619459
25.0,2501,7261.360006
30.0,2501,7276.224734
32.0,2501,7291.576845
34.0,2501,7311.773083
27.0,2501,7323.636489
32.0,2501,7335.618511
33.0,2501,7347.746628
32.0,2501,7358.647909
35.0,2501,7375.722668
35.0,2501,7388.428122
35.0,2501,7402.068566
28.0,2501,7414.503907
29.0,2501,7434.26128
38.0,2501,7447.787683
36.0,2501,7464.039334
36.0,2501,7480.058213
35.0,2501,7491.761842
28.0,2501,7509.093591
23.0,2501,7522.364108
30.0,2501,7532.550757
32.0,2501,7547.210968
31.0,2501,7590.776349
34.0,2501,7607.757777
32.0,2501,7622.748706
27.0,2501,7636.251968
33.0,2501,7649.681596
36.0,2501,7665.795253
34.0,2501,7680.650709
32.0,2501,7695.383293
31.0,2501,7711.003046
35.0,2501,7730.096267
35.0,2501,7740.635331
43.0,2501,7753.373994
31.0,2501,7768.355875
32.0,2501,7783.98233
32.0,2501,7808.027992
30.0,2501,7822.617176
38.0,2501,7835.789861
30.0,2501,7848.200647
40.0,2501,7865.707588
22.0,2501,7880.417969
29.0,2501,7895.639548
28.0,2501,7906.036564
31.0,2501,7917.199075
35.0,2501,7937.619352
31.0,2501,7953.107452
39.0,2501,7966.238848
32.0,2501,7984.052259
33.0,2501,8000.46425
26.0,2501,8022.923424
34.0,2501,8035.070994
35.0,2501,8051.643614
37.0,2501,8062.979081
37.0,2501,8078.349871
35.0,2501,8089.094286
27.0,2501,8101.388732
32.0,2501,8114.345697
27.0,2501,8126.384954
28.0,2501,8143.978772
35.0,2501,8157.272047
39.0,2501,8168.010297
35.0,2501,8209.336266
30.0,2501,8228.89852
36.0,2501,8240.605643
33.0,2501,8250.170122
33.0,2501,8264.350498
32.0,2501,8277.914333
28.0,2501,8300.778954
36.0,2501,8314.952534
33.0,2501,8325.516239
26.0,2501,8336.963098
35.0,2501,8354.747593
32.0,2501,8367.561957
31.0,2501,8383.959518
34.0,2501,8399.983547
33.0,2501,8409.338906
31.0,2501,8428.657096
29.0,2501,8444.474242
29.0,2501,8460.567009
26.0,2501,8478.645497
26.0,2501,8496.022354
20.0,2501,8507.49079
35.0,2501,8520.678217
33.0,2501,8533.37605
29.0,2501,8546.76783
23.0,2501,8563.680656
31.0,2501,8574.337378
20.0,2501,8587.193989
23.0,2501,8598.260152
28.0,2501,8613.957304
28.0,2501,8626.231235
21.0,2501,8640.414063
29.0,2501,8650.2261
28.0,2501,8664.471939
32.0,2501,8681.93289
29.0,2501,8696.119377
27.0,2501,8710.756198
29.0,2501,8724.359888
33.0,2501,8741.771967
32.0,2501,8752.751439
18.0,2501,8766.643164
30.0,2501,8811.405104
33.0,2501,8822.586268
25.0,2501,8840.01421
22.0,2501,8853.675175
24.0,2501,8868.842517
20.0,2501,8879.16047
27.0,2501,8894.39487
31.0,2501,8907.554204
36.0,2501,8919.111027
22.0,2501,8927.431992
28.0,2501,8942.145395
34.0,2501,8963.852586
16.0,2501,8977.835029
28.0,2501,8988.694291
24.0,2501,9003.696129
31.0,2501,9023.246039
22.0,2501,9038.167939
32.0,2501,9054.013955
31.0,2501,9067.335646
30.0,2501,9080.264987
30.0,2501,9097.215528
36.0,2501,9109.378278
27.0,2501,9125.243388
31.0,2501,9136.976047
27.0,2501,9154.349645
26.0,2501,9165.737256
14.0,2501,9178.299728
27.0,2501,9189.868514
27.0,2501,9207.299556
25.0,2501,9226.814831
35.0,2501,9240.39537
16.0,2501,9254.313939
24.0,2501,9267.972078
24.0,2501,9285.437127
24.0,2501,9300.021663
31.0,2501,9309.241931
10.0,2501,9319.480388
20.0,2501,9331.950137
31.0,2501,9347.95832
30.0,2501,9360.39885
35.0,2501,9403.879287
35.0,2501,9416.869501
30.0,2501,9439.013552
26.0,2501,9448.831157
29.0,2501,9460.281032
33.0,2501,9472.07271
27.0,2501,9485.329638
31.0,2501,9501.424772
33.0,2501,9514.016264
30.0,2501,9527.031394
31.0,2501,9543.85928
28.0,2501,9559.383378
28.0,2501,9577.488987
31.0,2501,9588.788033
25.0,2501,9600.101616
33.0,2501,9613.230107
29.0,2501,9628.782891
35.0,2501,9643.646585
31.0,2501,9657.577701
33.0,2501,9668.424927
34.0,2501,9679.911978
26.0,2501,9693.087424
30.0,2501,9705.212533
35.0,2501,9720.157755
22.0,2501,9729.715997
22.0,2501,9749.579205
32.0,2501,9761.318731
29.0,2501,9773.913992
27.0,2501,9787.364808
26.0,2501,9799.457424
27.0,2501,9816.773163
27.0,2501,9832.300971
29.0,2501,9847.124472
22.0,2501,9858.663177
33.0,2501,9875.119324
27.0,2501,9889.480234
25.0,2501,9902.595295
20.0,2501,9919.193007
29.0,2501,9931.009282
14.0,2501,9946.016404
37.0,2501,9985.800256
17.0,2501,9999.2889
27.0,2501,10011.625484
23.0,2501,10033.207515
27.0,2501,10047.264637
19.0,2501,10065.488282
20.0,2501,10079.035256
23.0,2501,10089.903956
29.0,2501,10110.890608
20.0,2501,10125.748468
31.0,2501,10139.774056
34.0,2501,10154.571402
19.0,2501,10175.752044
33.0,2501,10193.415441
31.0,2501,10208.406917
36.0,2501,10230.47258
25.0,2501,10243.75298
31.0,2501,10258.807958
28.0,2501,10271.695296
30.0,2501,10282.795555
37.0,2501,10292.472556
40.0,2501,10305.592684
36.0,2501,10319.504193
20.0,2501,10329.708082
31.0,2501,10340.623514
40.0,2501,10353.105865
37.0,2501,10370.915159
32.0,2501,10383.245983
28.0,2501,10394.030978
31.0,2501,10408.618536
36.0,2501,10429.088308
33.0,2501,10440.551675
33.0,2501,10455.128015
30.0,2501,10473.508437
29.0,2501,10490.637642
40.0,2501,10513.59931
12.0,2501,10527.169101
31.0,2501,10542.403789
28.0,2501,10559.09927
35.0,2501,10578.979172
33.0,2501,10634.278459
31.0,2501,10645.393376
29.0,2501,10660.208221
32.0,2501,10674.727675
34.0,2501,10691.883798
29.0,2501,10709.526459
35.0,2501,10728.186563
29.0,2501,10738.72017
35.0,2501,10753.663534
31.0,2501,10767.657743
29.0,2501,10782.127296
25.0,2501,10799.119724
19.0,2501,10812.904545
24.0,2501,10829.49826
29.0,2501,10840.455026
33.0,2501,10851.915909
22.0,2501,10863.946278
30.0,2501,10885.189794
35.0,2501,10900.82498
30.0,2501,10919.340122
28.0,2501,10935.87077
35.0,2501,10951.390146
23.0,2501,10971.135245
31.0,2501,10982.28582
25.0,2501,10995.820296
26.0,2501,11013.182941
26.0,2501,11033.664981
29.0,2501,11047.366461
34.0,2501,11063.92734
22.0,2501,11079.037791
31.0,2501,11096.280493
32.0,2501,11118.751136
28.0,2501,11130.611972
37.0,2501,11141.664059
33.0,2501,11156.003605
34.0,2501,11170.983861
31.0,2501,11192.186961
30.0,2501,11207.28363
28.0,2501,11224.204429
30.0,2501,11244.133363
27.0,2501,11306.963925
26.0,2501,11323.646528
30.0,2501,11333.738196
24.0,2501,11344.630997
28.0,2501,11358.153777
34.0,2501,11380.131455
29.0,2501,11393.384011
18.0,2501,11407.350069
30.0,2501,11421.555786
29.0,2501,11439.460849
29.0,2501,11452.295224
22.0,2501,11465.318011
35.0,2501,11481.905804
25.0,2501,11495.668285
24.0,2501,11517.553831
26.0,2501,11532.549139
28.0,2501,11544.948075
22.0,2501,11557.896914
33.0,2501,11580.780425
25.0,2501,11598.322967
27.0,2501,11616.174747
25.0,2501,11628.374909
28.0,2501,11640.173302
32.0,2501,11660.116035
29.0,2501,11673.019124
29.0,2501,11692.992363
19.0,2501,11714.047549
22.0,2501,11735.81476
27.0,2501,11749.127149
29.0,2501,11762.659875
35.0,2501,11780.69981
20.0,2501,11797.432281
23.0,2501,11816.538422
33.0,2501,11828.99218
22.0,2501,11844.431536
31.0,2501,11855.871502
22.0,2501,11872.057962
29.0,2501,11890.541503
33.0,2501,11907.792907
29.0,2501,11926.675049
32.0,2501,11966.775907
25.0,2501,11983.7502
32.0,2501,11999.120234
32.0,2501,12014.044991
25.0,2501,12027.370578
20.0,2501,12047.24121
31.0,2501,12060.651309
25.0,2501,12078.056095
27.0,2501,12092.860842
27.0,2501,12109.112444
29.0,2501,12135.295705
23.0,2501,12146.36442
24.0,2501,12158.546339
29.0,2501,12167.805411
29.0,2501,12184.80317
37.0,2501,12200.565336
17.0,2501,12218.894654
24.0,2501,12235.508655
26.0,2501,12247.301933
26.0,2501,12263.227437
30.0,2501,12278.53337
33.0,2501,12296.162639
35.0,2501,12315.367633
25.0,2501,12338.426391
31.0,2501,12359.562473
30.0,2501,12377.223129
24.0,2501,12392.359492
26.0,2501,12403.648749
23.0,2501,12424.786036
34.0,2501,12442.17713
24.0,2501,12462.131807
24.0,2501,12479.249913
27.0,2501,12497.598743
20.0,2501,12517.003672
24.0,2501,12537.180004
26.0,2501,12550.955869
25.0,2501,12571.664744
27.0,2501,12586.810495
11.0,2501,12599.356364
18.0,2501,12615.534422
32.0,2501,12665.311002
29.0,2501,12683.753083
27.0,2501,12699.152222
27.0,2501,12713.535061
29.0,2501,12731.449186
25.0,2501,12745.114765
31.0,2501,12765.706201
34.0,2501,12783.103511
24.0,2501,12794.132568
34.0,2501,12807.305567
31.0,2501,12833.163293
31.0,2501,12850.138984
28.0,2501,12864.898873
24.0,2501,12881.766099
28.0,2501,12896.300818
28.0,2501,12916.686546
35.0,2501,12932.533274
34.0,2501,12951.222698
31.0,2501,12966.065139
33.0,2501,12982.564732
34.0,2501,12997.806689
28.0,2501,13010.158401
30.0,2501,13023.693497
31.0,2501,13042.798207
33.0,2501,13065.571913
29.0,2501,13079.894342
28.0,2501,13096.748931
23.0,2501,13112.855996
22.0,2501,13125.71022
31.0,2501,13148.583074
31.0,2501,13162.260794
31.0,2501,13173.473724
42.0,2501,13185.153859
28.0,2501,13206.068504
36.0,2501,13225.221754
29.0,2501,13242.897875
28.0,2501,13254.748468
28.0,2501,13267.338562
26.0,2501,13287.170262
33.0,2501,13302.816843
24.0,2501,13347.735213
26.0,2501,13366.650785
33.0,2501,13384.518647
31.0,2501,13403.924176
37.0,2501,13416.69642
27.0,2501,13429.313872
27.0,2501,13442.798899
28.0,2501,13464.951552
23.0,2501,13488.628258
25.0,2501,13505.24668
18.0,2501,13522.728798
32.0,2501,13541.759967
30.0,2501,13553.899073
23.0,2501,13567.731669
26.0,2501,13585.678811
32.0,2501,13601.498257
32.0,2501,13619.842636
35.0,2501,13634.337814
33.0,2501,13649.085695
25.0,2501,13667.679435
34.0,2501,13686.658071
33.0,2501,13699.713969
36.0,2501,13712.803072
34.0,2501,13729.059352
32.0,2501,13740.441716
28.0,2501,13757.489987
25.0,2501,13774.045341
27.0,2501,13788.067273
31.0,2501,13804.529874
25.0,2501,13821.862193
33.0,2501,13837.852233
30.0,2501,13851.767435
25.0,2501,13865.531193
22.0,2501,13879.955231
29.0,2501,13895.357132
34.0,2501,13907.386103
29.0,2501,13922.86754
29.0,2501,13934.858006
32.0,2501,13953.675903
28.0,2501,13967.378717
30.0,2501,13997.902816
34.0,2501,14008.280025
31.0,2501,14017.293805
31.0,2501,14031.539134
32.0,2501,14043.958036
37.0,2501,14054.694949
37.0,2501,14071.005742
39.0,2501,14090.109722
36.0,2501,14100.312927
37.0,2501,14112.563218
38.0,2501,14125.523655
32.0,2501,14138.707469
30.0,2501,14160.31831
40.0,2501,14174.303281
36.0,2501,14186.680821
32.0,2501,14198.242784
35.0,2501,14220.161403
28.0,2501,14235.601527
36.0,2501,14251.719554
36.0,2501,14265.942191
39.0,2501,14278.961221
26.0,2501,14297.950259
35.0,2501,14311.896541
36.0,2501,14327.352944
35.0,2501,14341.17426
32.0,2501,14357.430753
37.0,2501,14371.400095
40.0,2501,14387.553427
40.0,2501,14401.922531
38.0,2501,14416.506878
27.0,2501,14434.546795
37.0,2501,14445.974751
35.0,2501,14461.326507
29.0,2501,14478.057587
35.0,2501,14497.994283
37.0,2501,14511.302784
34.0,2501,14524.999855
28.0,2501,14538.083306
34.0,2501,14554.180487
27.0,2501,14574.337122
32.0,2501,14619.532578
36.0,2501,14631.247396
34.0,2501,14646.477914
30.0,2501,14670.01257
26.0,2501,14682.623594
26.0,2501,14693.942484
30.0,2501,14707.386549
38.0,2501,14725.790354
33.0,2501,14745.72056
32.0,2501,14760.557577
36.0,2501,14773.455748
26.0,2501,14789.042612
32.0,2501,14800.15111
28.0,2501,14822.01181
32.0,2501,14833.580014
30.0,2501,14846.724416
35.0,2501,14860.353955
25.0,2501,14876.072237
30.0,2501,14886.394456
31.0,2501,14899.890967
34.0,2501,14912.819077
34.0,2501,14924.291279
34.0,2501,14941.110938
30.0,2501,14956.035797
29.0,2501,14969.315377
40.0,2501,14980.70818
28.0,2501,14998.344445
38.0,2501,15011.237154
27.0,2501,15024.891444
28.0,2501,15038.326793
35.0,2501,15049.69445
32.0,2501,15066.771152
42.0,2501,15081.525388
29.0,2501,15095.823944
36.0,2501,15109.112905
28.0,2501,15131.742171
40.0,2501,15149.859636
36.0,2501,15162.255318
23.0,2501,15174.497198
36.0,2501,15184.762064
34.0,2501,15243.150757
32.0,2501,15256.088955
29.0,2501,15268.069441
29.0,2501,15282.7201
29.0,2501,15305.086442
36.0,2501,15324.958663
33.0,2501,15342.959361
29.0,2501,15356.755346
23.0,2501,15371.531714
34.0,2501,15393.231696
32.0,2501,15408.91565
29.0,2501,15422.865214
29.0,2501,15434.262782
27.0,2501,15451.442255
30.0,2501,15467.706852
33.0,2501,15478.029335
39.0,2501,15491.435242
38.0,2501,15503.449394
29.0,2501,15517.636772
33.0,2501,15530.565608
25.0,2501,15541.823526
28.0,2501,15554.746223
20.0,2501,15571.305214
30.0,2501,15585.751868
37.0,2501,15598.132127
38.0,2501,15612.309256
28.0,2501,15624.298448
34.0,2501,15644.558355
34.0,2501,15657.765363
34.0,2501,15670.710515
29.0,2501,15681.482008
21.0,2501,15700.39779
40.0,2501,15712.974514
35.0,2501,15725.898435
30.0,2501,15740.163103
36.0,2501,15753.476055
31.0,2501,15771.26088
27.0,2501,15783.089701
26.0,2501,15798.809484
35.0,2501,15814.56242
36.0,2501,15865.852633
33.0,2501,15879.288167
27.0,2501,15893.087215
38.0,2501,15905.573074
43.0,2501,15918.568041
34.0,2501,15936.770973
34.0,2501,15950.074804
30.0,2501,15966.648419
37.0,2501,15982.650836
28.0,2501,16001.344087
36.0,2501,16014.756515
25.0,2501,16024.66157
33.0,2501,16037.31063
40.0,2501,16050.339887
23.0,2501,16070.631437
30.0,2501,16084.819896
35.0,2501,16096.965147
23.0,2501,16108.618001
33.0,2501,16125.549038
33.0,2501,16141.072636
34.0,2501,16154.877889
29.0,2501,16165.91386
31.0,2501,16177.122994
31.0,2501,16194.04183
23.0,2501,16209.114275
32.0,2501,16224.700303
43.0,2501,16239.109862
38.0,2501,16255.231328
32.0,2501,16270.750428
38.0,2501,16282.530712
38.0,2501,16294.827721
30.0,2501,16310.018956
38.0,2501,16327.637729
32.0,2501,16342.37136
27.0,2501,16355.629124
39.0,2501,16366.441694
37.0,2501,16381.1842
35.0,2501,16393.629802
29.0,2501,16409.471796
35.0,2501,16422.388081
38.0,2501,16470.554013
38.0,2501,16485.703786
43.0,2501,16495.273911
35.0,2501,16507.695962
35.0,2501,16520.653021
35.0,2501,16532.707323
36.0,2501,16549.720302
41.0,2501,16567.828942
33.0,2501,16580.881419
38.0,2501,16593.585428
29.0,2501,16612.017719
33.0,2501,16624.497106
34.0,2501,16638.546995
33.0,2501,16650.768131
34.0,2501,16659.787753
32.0,2501,16676.320815
33.0,2501,16688.610709
36.0,2501,16704.093156
32.0,2501,16717.227985
39.0,2501,16736.589745
30.0,2501,16749.419898
32.0,2501,16764.759645
34.0,2501,16777.967449
28.0,2501,16791.879625
35.0,2501,16810.232168
32.0,2501,16825.869632
31.0,2501,16837.459142
26.0,2501,16846.990836
26.0,2501,16864.309456
33.0,2501,16877.032722
30.0,2501,16890.569968
39.0,2501,16903.15504
31.0,2501,16913.920772
35.0,2501,16930.062194
32.0,2501,16943.946441
30.0,2501,16957.833431
33.0,2501,16973.172549
27.0,2501,16989.37586
31.0,2501,16999.249652
36.0,2501,17010.982978
34.0,2501,17052.565297
35.0,2501,17065.424705
37.0,2501,17080.535333
36.0,2501,17091.803643
31.0,2501,17107.150795
39.0,2501,17121.46995
31.0,2501,17144.532985
35.0,2501,17160.48189
33.0,2501,17174.733565
35.0,2501,17186.259467
33.0,2501,17195.984072
32.0,2501,17218.421878
38.0,2501,17230.928349
33.0,2501,17241.707721
26.0,2501,17254.158836
40.0,2501,17273.961697
34.0,2501,17288.093693
41.0,2501,17300.508005
28.0,2501,17314.849351
46.0,2501,17326.749751
28.0,2501,17343.539555
37.0,2501,17356.892119
31.0,2501,17371.863735
38.0,2501,17385.354989
44.0,2501,17402.3267
37.0,2501,17414.735372
29.0,2501,17425.744081
37.0,2501,17439.611964
25.0,2501,17452.923783
27.0,2501,17472.46568
35.0,2501,17483.951847
34.0,2501,17495.117361
35.0,2501,17504.05697
30.0,2501,17520.225802
35.0,2501,17532.770004
41.0,2501,17546.391928
34.0,2501,17555.482009
34.0,2501,17566.283521
41.0,2501,17582.095112
33.0,2501,17595.612588
30.0,2501,17626.390888
31.0,2501,17636.868432
33.0,2501,17658.36185
30.0,2501,17674.299611
30.0,2501,17688.893529
27.0,2501,17700.743923
34.0,2501,17712.163886
17.0,2501,17730.691899
32.0,2501,17743.580189
31.0,2501,17754.624646
35.0,2501,17765.531271
44.0,2501,17784.577702
39.0,2501,17799.258523
31.0,2501,17813.131422
36.0,2501,17826.754578
33.0,2501,17841.680681
35.0,2501,17859.633758
22.0,2501,17873.550012
32.0,2501,17890.232392
36.0,2501,17905.655463
36.0,2501,17925.106475
34.0,2501,17936.213429
32.0,2501,17950.031031
33.0,2501,17963.327967
33.0,2501,17979.585724
29.0,2501,17998.131554
39.0,2501,18012.55069
37.0,2501,18020.940147
39.0,2501,18029.341582
35.0,2501,18042.412362
37.0,2501,18064.101326
39.0,2501,18079.040037
37.0,2501,18095.815149
41.0,2501,18106.399037
35.0,2501,18126.279698
39.0,2501,18143.430794
35.0,2501,18156.025416
39.0,2501,18165.240666
43.0,2501,18177.621272
35.0,2501,18196.335746
35.0,2501,18246.987704
35.0,2501,18262.210106
34.0,2501,18275.912752
35.0,2501,18295.854794
28.0,2501,18313.805787
30.0,2501,18329.399101
42.0,2501,18343.669961
33.0,2501,18357.313679
42.0,2501,18377.904311
35.0,2501,18390.606441
39.0,2501,18406.719911
36.0,2501,18426.668776
36.0,2501,18442.949872
34.0,2501,18453.579101
36.0,2501,18469.91643
31.0,2501,18483.687271
38.0,2501,18497.230363
42.0,2501,18520.914817
31.0,2501,18535.484284
33.0,2501,18550.351215
39.0,2501,18565.001282
34.0,2501,18586.348644
33.0,2501,18603.484416
39.0,2501,18616.496533
37.0,2501,18630.456365
29.0,2501,18645.84455
34.0,2501,18664.941568
39.0,2501,18676.269231
37.0,2501,18693.046039
47.0,2501,18707.023299
39.0,2501,18724.612206
44.0,2501,18741.819059
41.0,2501,18753.762904
39.0,2501,18768.710243
37.0,2501,18782.785549
38.0,2501,18795.740827
36.0,2501,18809.812569
33.0,2501,18822.876613
40.0,2501,18836.333423
33.0,2501,18857.091247
33.0,2501,18897.055801
46.0,2501,18915.123463
34.0,2501,18933.80899
39.0,2501,18948.577846
31.0,2501,18964.213874
42.0,2501,18976.525571
40.0,2501,18992.308881
37.0,2501,19004.680804
40.0,2501,19024.557561
38.0,2501,19038.131049
34.0,2501,19051.089347
35.0,2501,19063.685518
38.0,2501,19079.949408
42.0,2501,19100.119844
33.0,2501,19109.307657
36.0,2501,19120.874458
28.0,2501,19134.500616
33.0,2501,19148.392632
38.0,2501,19164.505056
35.0,2501,19183.116963
43.0,2501,19199.152283
29.0,2501,19211.32608
38.0,2501,19227.603358
30.0,2501,19242.124337
38.0,2501,19257.889927
37.0,2501,19275.485394
32.0,2501,19291.958133
35.0,2501,19305.371145
36.0,2501,19316.889069
31.0,2501,19333.902831
37.0,2501,19345.164558
29.0,2501,19362.269116
37.0,2501,19376.576233
30.0,2501,19387.619156
23.0,2501,19398.699488
37.0,2501,19414.356912
33.0,2501,19430.809736
31.0,2501,19447.373331
38.0,2501,19458.716546
40.0,2501,19470.175152
32.0,2501,19516.111059
24.0,2501,19531.194967
39.0,2501,19544.828374
32.0,2501,19558.632932
34.0,2501,19575.552234
41.0,2501,19591.133072
37.0,2501,19606.089114
29.0,2501,19619.279549
34.0,2501,19630.966541
29.0,2501,19647.130943
34.0,2501,19659.579653
36.0,2501,19670.534883
35.0,2501,19682.848991
36.0,2501,19702.037371
33.0,2501,19718.124625
26.0,2501,19728.634473
30.0,2501,19741.992344
33.0,2501,19756.002099
38.0,2501,19775.090259
33.0,2501,19789.289143
28.0,2501,19804.195344
42.0,2501,19818.924626
22.0,2501,19832.543442
31.0,2501,19851.241214
22.0,2501,19864.811876
33.0,2501,19881.740418
33.0,2501,19897.040757
36.0,2501,19913.097596
29.0,2501,19929.732383
27.0,2501,19944.530709
31.0,2501,19955.569055
30.0,2501,19965.189723
33.0,2501,19981.976621
36.0,2501,19991.115315
37.0,2501,20001.92487
36.0,2501,20015.081568
29.0,2501,20032.777937
28.0,2501,20049.106028
27.0,2501,20062.172826
37.0,2501,20074.961796
32.0,2501,20124.330202
37.0,2501,20141.118065
36.0,2501,20155.150609
36.0,2501,20168.749446
30.0,2501,20182.069014
28.0,2501,20204.876669
33.0,2501,20220.217587
32.0,2501,20231.333098
34.0,2501,20245.114989
37.0,2501,20263.534685
36.0,2501,20284.959233
33.0,2501,20300.091141
32.0,2501,20311.342113
34.0,2501,20325.065481
41.0,2501,20344.731055
34.0,2501,20360.027452
36.0,2501,20372.078935
34.0,2501,20383.576504
31.0,2501,20393.407217
35.0,2501,20409.901361
34.0,2501,20426.344109
38.0,2501,20437.918576
34.0,2501,20452.398454
28.0,2501,20468.280039
25.0,2501,20481.71186
29.0,2501,20495.388665
33.0,2501,20510.907883
32.0,2501,20522.883466
33.0,2501,20542.838044
26.0,2501,20556.565562
31.0,2501,20566.133916
33.0,2501,20577.418327
37.0,2501,20596.038257
34.0,2501,20609.36579
30.0,2501,20621.815048
34.0,2501,20634.350531
45.0,2501,20643.435497
32.0,2501,20662.916795
41.0,2501,20676.458633
37.0,2501,20693.477174
16.0,2501,20736.381817
29.0,2501,20754.803272
28.0,2501,20768.947392
42.0,2501,20784.303329
37.0,2501,20798.519784
40.0,2501,20808.193088
32.0,2501,20824.573945
24.0,2501,20839.270742
36.0,2501,20851.990948
32.0,2501,20867.64213
31.0,2501,20885.621396
35.0,2501,20897.258976
39.0,2501,20911.620488
37.0,2501,20925.829819
31.0,2501,20941.179717
31.0,2501,20959.784192
22.0,2501,20970.377822
28.0,2501,20980.80319
36.0,2501,20991.633248
21.0,2501,21013.140069
16.0,2501,21026.775499
40.0,2501,21039.111917
37.0,2501,21050.75954
37.0,2501,21062.537576
32.0,2501,21081.872843
30.0,2501,21098.680199
30.0,2501,21114.588191
32.0,2501,21129.687137
41.0,2501,21143.489387
30.0,2501,21157.18121
31.0,2501,21171.97717
24.0,2501,21186.95926
31.0,2501,21200.374447
36.0,2501,21218.117118
40.0,2501,21229.944818
30.0,2501,21240.405448
31.0,2501,21253.541523
40.0,2501,21269.554371
39.0,2501,21281.776565
39.0,2501,21296.634142
35.0,2501,21329.671556
41.0,2501,21345.100521
31.0,2501,21365.023574
36.0,2501,21382.668719
41.0,2501,21395.598586
33.0,2501,21409.550308
27.0,2501,21424.62917
36.0,2501,21442.841512
30.0,2501,21455.873861
30.0,2501,21471.074668
31.0,2501,21481.677964
37.0,2501,21497.911694
36.0,2501,21512.418659
31.0,2501,21531.264843
31.0,2501,21546.64628
30.0,2501,21556.066659
37.0,2501,21570.809349
42.0,2501,21585.05511
33.0,2501,21599.479432
39.0,2501,21612.897977
36.0,2501,21632.285732
29.0,2501,21645.357548
42.0,2501,21659.538448
37.0,2501,21671.349688
39.0,2501,21688.427124
39.0,2501,21711.320047
38.0,2501,21722.447674
26.0,2501,21734.736564
39.0,2501,21748.91981
35.0,2501,21765.212824
45.0,2501,21781.676805
34.0,2501,21799.078838
34.0,2501,21814.872247
43.0,2501,21826.894227
32.0,2501,21845.413229
42.0,2501,21862.510616
34.0,2501,21880.095803
40.0,2501,21894.317409
33.0,2501,21909.860887
45.0,2501,21922.528054
40.0,2501,21966.789443
39.0,2501,21980.515431
44.0,2501,21995.564122
30.0,2501,22015.364433
31.0,2501,22030.150693
33.0,2501,22047.111907
30.0,2501,22058.529768
32.0,2501,22076.436665
33.0,2501,22089.839825
37.0,2501,22103.00985
43.0,2501,22115.734296
34.0,2501,22129.036658
46.0,2501,22148.946669
41.0,2501,22164.643328
35.0,2501,22181.005714
39.0,2501,22196.231703
43.0,2501,22214.001448
38.0,2501,22228.324774
30.0,2501,22242.472186
32.0,2501,22257.954433
32.0,2501,22273.801033
38.0,2501,22291.927867
37.0,2501,22304.868191
33.0,2501,22316.968246
32.0,2501,22328.955705
42.0,2501,22347.755343
36.0,2501,22363.750551
32.0,2501,22375.967347
42.0,2501,22388.45296
31.0,2501,22402.588131
38.0,2501,22422.430319
35.0,2501,22438.755946
41.0,2501,22450.148472
37.0,2501,22462.873221
38.0,2501,22482.812942
37.0,2501,22494.292277
36.0,2501,22508.36737
40.0,2501,22522.087087
33.0,2501,22534.848852
37.0,2501,22550.77716
38.0,2501,22598.050856
36.0,2501,22619.608954
36.0,2501,22634.148086
38.0,2501,22653.561311
37.0,2501,22665.138057
37.0,2501,22675.981098
40.0,2501,22690.078929
30.0,2501,22704.723599
46.0,2501,22722.469079
34.0,2501,22730.315213
39.0,2501,22741.752372
35.0,2501,22752.943136
37.0,2501,22773.673592
39.0,2501,22789.343699
28.0,2501,22809.857771
40.0,2501,22824.696132
36.0,2501,22838.450874
41.0,2501,22860.141709
34.0,2501,22874.23331
35.0,2501,22884.683318
35.0,2501,22899.071037
32.0,2501,22918.120545
37.0,2501,22935.953307
36.0,2501,22960.382982
32.0,2501,22977.580265
31.0,2501,22996.187888
38.0,2501,23012.852028
42.0,2501,23033.583625
42.0,2501,23051.127658
35.0,2501,23063.280781
36.0,2501,23075.215592
38.0,2501,23100.278764
37.0,2501,23114.666324
44.0,2501,23124.849824
38.0,2501,23136.811912
42.0,2501,23167.107766
30.0,2501,23182.15992
43.0,2501,23197.112218
37.0,2501,23210.426106
39.0,2501,23223.462458
37.0,2501,23290.881674
36.0,2501,23305.639789
37.0,2501,23324.309991
36.0,2501,23335.40573
38.0,2501,23353.991024
37.0,2501,23396.733
40.0,2501,23429.007322
40.0,2501,23456.48862
40.0,2501,23472.175037
38.0,2501,23500.245902
31.0,2501,23513.950279
33.0,2501,23527.932431
37.0,2501,23542.714577
33.0,2501,23570.680043
30.0,2501,23590.605455
28.0,2501,23611.86049
37.0,2501,23631.237772
36.0,2501,23653.669443
33.0,2501,23683.759482
33.0,2501,23710.204507
31.0,2501,23728.028146
33.0,2501,23746.094085
35.0,2501,23769.906684
36.0,2501,23793.650664
35.0,2501,23819.199596
39.0,2501,23843.271712
38.0,2501,23865.514104
37.0,2501,23898.554791
37.0,2501,23920.582269
37.0,2501,23948.797259
32.0,2501,23979.46559
41.0,2501,24015.876816
45.0,2501,24044.130056
45.0,2501,24068.087712
34.0,2501,24087.143307
33.0,2501,24109.773182
34.0,2501,24150.124557
38.0,2501,24175.655686
37.0,2501,24199.813921
42.0,2501,24223.444248
28.0,2501,24311.951119
36.0,2501,24340.690886
38.0,2501,24358.003446
34.0,2501,24381.090391
47.0,2501,24404.315927
44.0,2501,24440.872104
41.0,2501,24465.871009
35.0,2501,24490.353954
32.0,2501,24520.620666
31.0,2501,24541.536842
40.0,2501,24558.671092
38.0,2501,24586.037637
39.0,2501,24607.374555
36.0,2501,24632.162966
37.0,2501,24669.952506
39.0,2501,24693.39411
29.0,2501,24720.696197
41.0,2501,24749.401602
40.0,2501,24781.804358
41.0,2501,24809.05965
38.0,2501,24836.403982
37.0,2501,24861.259369
43.0,2501,24884.575096
32.0,2501,24915.866786
39.0,2501,24942.499608
38.0,2501,24964.503255
45.0,2501,24982.407673
34.0,2501,25003.89149
40.0,2501,25017.843905
42.0,2501,25038.595427
29.0,2501,25058.762876
40.0,2501,25081.4924
40.0,2501,25117.108899
32.0,2501,25137.148922
44.0,2501,25155.38845
37.0,2501,25172.094978
40.0,2501,25197.229789
35.0,2501,25223.572183
31.0,2501,25248.330924
38.0,2501,25270.072085
34.0,2501,25333.526314
43.0,2501,25371.558785
41.0,2501,25387.675653
35.0,2501,25408.112259
45.0,2501,25426.103534
45.0,2501,25446.991422
34.0,2501,25462.708173
34.0,2501,25481.208563
34.0,2501,25504.969022
42.0,2501,25527.380285
33.0,2501,25554.99245
38.0,2501,25572.015146
38.0,2501,25593.919486
33.0,2501,25621.074724
42.0,2501,25653.653453
39.0,2501,25680.763745
43.0,2501,25698.252143
31.0,2501,25719.075684
34.0,2501,25748.783243
33.0,2501,25790.763496
36.0,2501,25816.872194
35.0,2501,25837.92061
40.0,2501,25860.480508
41.0,2501,25882.77338
40.0,2501,25907.24248
41.0,2501,25925.884928
41.0,2501,25948.852235
38.0,2501,25972.72921
31.0,2501,26011.402453
38.0,2501,26026.20854
41.0,2501,26046.542719
37.0,2501,26072.284271
39.0,2501,26098.695138
36.0,2501,26130.172037
42.0,2501,26150.735483
38.0,2501,26170.497735
37.0,2501,26183.62913
44.0,2501,26205.420836
35.0,2501,26222.948099
38.0,2501,26242.44782
34.0,2501,26296.123474
42.0,2501,26310.333273
36.0,2501,26333.880191
38.0,2501,26353.677757
46.0,2501,26370.848967
41.0,2501,26393.533282
29.0,2501,26422.585927
42.0,2501,26435.640698
37.0,2501,26452.544535
38.0,2501,26475.38601
41.0,2501,26492.334518
37.0,2501,26525.570762
41.0,2501,26553.427448
34.0,2501,26571.026759
39.0,2501,26590.489792
31.0,2501,26614.933767
36.0,2501,26637.094932
32.0,2501,26656.59659
24.0,2501,26679.463839
33.0,2501,26698.159789
35.0,2501,26720.56696
41.0,2501,26739.013203
43.0,2501,26758.988858
28.0,2501,26785.926588
43.0,2501,26817.175928
42.0,2501,26836.059082
31.0,2501,26851.349063
38.0,2501,26870.685546
37.0,2501,26895.818875
39.0,2501,26928.256028
47.0,2501,26948.95883
38.0,2501,26965.555037
32.0,2501,26981.187692
32.0,2501,27010.098849
36.0,2501,27038.090969
31.0,2501,27060.597047
38.0,2501,27083.63847
33.0,2501,27100.180181
29.0,2501,27123.354869
35.0,2501,27144.638186
35.0,2501,27199.930986
43.0,2501,27213.338857
42.0,2501,27234.594903
32.0,2501,27251.751148
28.0,2501,27274.206687
39.0,2501,27290.358685
41.0,2501,27310.50696
45.0,2501,27332.762525
46.0,2501,27348.773254
38.0,2501,27365.742743
42.0,2501,27384.267494
41.0,2501,27410.751109
39.0,2501,27434.973831
37.0,2501,27451.1094
40.0,2501,27466.517403
42.0,2501,27482.088945
42.0,2501,27513.823341
45.0,2501,27531.851539
40.0,2501,27549.488751
22.0,2501,27565.113794
36.0,2501,27589.858575
34.0,2501,27609.806337
37.0,2501,27629.489787
31.0,2501,27651.261358
38.0,2501,27668.851032
36.0,2501,27694.034718
44.0,2501,27708.007795
40.0,2501,27724.624352
36.0,2501,27743.613838
45.0,2501,27776.481713
37.0,2501,27798.485843
42.0,2501,27814.627167
37.0,2501,27827.374142
31.0,2501,27841.285684
39.0,2501,27869.589101
35.0,2501,27895.778468
38.0,2501,27919.700378
43.0,2501,27939.638462
31.0,2501,27964.315225
42.0,2501,27981.615367
38.0,2501,28035.8314
33.0,2501,28055.882574
41.0,2501,28073.510602
36.0,2501,28094.425093
46.0,2501,28111.169255
39.0,2501,28132.423192
37.0,2501,28153.170767
36.0,2501,28174.441571
39.0,2501,28207.719427
41.0,2501,28228.581649
41.0,2501,28249.943672
35.0,2501,28270.110265
40.0,2501,28295.582466
44.0,2501,28317.11646
44.0,2501,28336.878627
37.0,2501,28352.599258
35.0,2501,28367.348996
34.0,2501,28404.73974
38.0,2501,28429.933083
39.0,2501,28452.462697
35.0,2501,28466.960388
41.0,2501,28490.947529
41.0,2501,28509.058544
38.0,2501,28527.057311
48.0,2501,28549.351043
43.0,2501,28572.693757
34.0,2501,28597.802835
40.0,2501,28616.733708
45.0,2501,28633.920679
39.0,2501,28655.238698
36.0,2501,28685.827611
39.0,2501,28709.700684
37.0,2501,28727.054946
46.0,2501,28742.3233
42.0,2501,28759.714873
46.0,2501,28790.570132
43.0,2501,28810.549015
37.0,2501,28839.434626
40.0,2501,28856.073468
47.0,2501,28880.856235
38.0,2501,28937.749089
40.0,2501,28959.056655
35.0,2501,28974.17115
41.0,2501,28987.253749
36.0,2501,29008.417253
41.0,2501,29024.180201
44.0,2501,29048.123567
45.0,2501,29064.838936
42.0,2501,29089.171319
35.0,2501,29107.273035
36.0,2501,29126.263664
37.0,2501,29143.289514
37.0,2501,29164.198521
38.0,2501,29191.374832
39.0,2501,29215.089282
37.0,2501,29230.330999
40.0,2501,29249.611873
38.0,2501,29280.061525
42.0,2501,29302.660432
36.0,2501,29323.868746
45.0,2501,29350.24832
44.0,2501,29364.285661
37.0,2501,29391.378434
47.0,2501,29407.47481
52.0,2501,29428.059822
44.0,2501,29448.501916
40.0,2501,29477.832824
32.0,2501,29493.930352
42.0,2501,29509.435131
41.0,2501,29528.303391
36.0,2501,29551.5842
35.0,2501,29580.782814
38.0,2501,29601.741926
36.0,2501,29617.10944
38.0,2501,29634.286458
35.0,2501,29665.671167
34.0,2501,29686.791043
33.0,2501,29708.762063
39.0,2501,29727.185715
45.0,2501,29743.836999
38.0,2501,29816.546042
31.0,2501,29840.699607
37.0,2501,29851.957177
30.0,2501,29864.257441
34.0,2501,29895.665306
38.0,2501,29913.89637
41.0,2501,29933.49735
43.0,2501,29951.615145
42.0,2501,29969.603263
42.0,2501,29990.798263
33.0,2501,30008.856609
41.0,2501,30028.662717
45.0,2501,30048.241733
35.0,2501,30077.144733
35.0,2501,30095.372604
42.0,2501,30111.296219
36.0,2501,30127.277484
44.0,2501,30146.258371
37.0,2501,30173.098532
37.0,2501,30190.63158
41.0,2501,30203.152056
39.0,2501,30221.070047
37.0,2501,30242.187748
42.0,2501,30263.202388
31.0,2501,30283.744893
40.0,2501,30305.811375
39.0,2501,30324.93847
40.0,2501,30347.339562
37.0,2501,30366.886934
42.0,2501,30384.099637
45.0,2501,30408.689965
44.0,2501,30439.39667
40.0,2501,30459.296079
32.0,2501,30474.777272
33.0,2501,30491.95835
44.0,2501,30507.806393
40.0,2501,30533.334646
37.0,2501,30551.680421
37.0,2501,30567.554224
41.0,2501,30579.674787
39.0,2501,30634.601306
43.0,2501,30667.991612
34.0,2501,30687.28797
45.0,2501,30702.296731
33.0,2501,30718.201292
41.0,2501,30748.879504
35.0,2501,30770.18666
33.0,2501,30788.068847
30.0,2501,30801.452202
32.0,2501,30814.567354
40.0,2501,30840.388976
36.0,2501,30862.893598
35.0,2501,30882.407782
37.0,2501,30899.379072
35.0,2501,30923.965104
28.0,2501,30942.770909
42.0,2501,30966.13219
38.0,2501,30976.903711
37.0,2501,30989.289864
37.0,2501,31003.090447
33.0,2501,31012.286
43.0,2501,31022.232966
38.0,2501,31030.69258
29.0,2501,31043.836206
39.0,2501,31057.248037
41.0,2501,31067.888617
32.0,2501,31078.127347
39.0,2501,31090.38412
36.0,2501,31107.522005
39.0,2501,31117.099391
40.0,2501,31128.522622
34.0,2501,31138.464907
31.0,2501,31151.760568
36.0,2501,31166.196584
39.0,2501,31176.98619
38.0,2501,31191.154964
46.0,2501,31203.273859
46.0,2501,31218.471064
33.0,2501,31229.559801
37.0,2501,31240.726477
40.0,2501,31273.28383
46.0,2501,31286.035565
43.0,2501,31294.622088
43.0,2501,31303.114391
34.0,2501,31312.770257
43.0,2501,31322.978975
37.0,2501,31340.694188
37.0,2501,31352.126674
49.0,2501,31360.149455
38.0,2501,31367.720978
39.0,2501,31380.647317
41.0,2501,31392.299152
30.0,2501,31402.620336
40.0,2501,31414.062849
40.0,2501,31425.422253
35.0,2501,31443.309995
31.0,2501,31456.993944
39.0,2501,31470.648067
35.0,2501,31484.772902
38.0,2501,31500.974701
37.0,2501,31511.226463
40.0,2501,31523.377801
37.0,2501,31536.938066
32.0,2501,31551.486939
39.0,2501,31566.522399
40.0,2501,31580.414694
38.0,2501,31589.759531
35.0,2501,31600.084735
44.0,2501,31614.671679
41.0,2501,31627.84203
42.0,2501,31636.926349
41.0,2501,31646.805038
44.0,2501,31657.331726
46.0,2501,31669.074047
42.0,2501,31680.324263
33.0,2501,31692.828974
45.0,2501,31703.60312
39.0,2501,31717.849976
32.0,2501,31729.762799
31.0,2501,31742.883571
38.0,2501,31779.949631
36.0,2501,31792.210995
41.0,2501,31809.869771
40.0,2501,31824.129284
40.0,2501,31840.894449
42.0,2501,31857.426983
43.0,2501,31873.228203
41.0,2501,31887.513348
41.0,2501,31899.84661
38.0,2501,31913.599814
39.0,2501,31929.95301
33.0,2501,31948.682075
43.0,2501,31957.641186
30.0,2501,31967.439004
35.0,2501,31977.891159
44.0,2501,31993.916489
36.0,2501,32004.974195
34.0,2501,32013.994568
34.0,2501,32022.471909
30.0,2501,32029.804397
36.0,2501,32046.768297
37.0,2501,32061.306133
36.0,2501,32071.278794
40.0,2501,32081.645345
41.0,2501,32090.506359
35.0,2501,32104.577526
28.0,2501,32119.468029
41.0,2501,32132.225215
41.0,2501,32143.965701
41.0,2501,32160.542324
40.0,2501,32171.055505
41.0,2501,32181.572066
33.0,2501,32194.563308
35.0,2501,32207.580318
36.0,2501,32223.69166
32.0,2501,32237.136977
40.0,2501,32248.789818
38.0,2501,32260.942219
37.0,2501,32280.144993
39.0,2501,32296.810477
39.0,2501,32333.170392
37.0,2501,32343.157888
33.0,2501,32353.324654
41.0,2501,32371.405054
36.0,2501,32384.202711
40.0,2501,32396.502234
40.0,2501,32406.632021
36.0,2501,32423.670212
41.0,2501,32437.448096
36.0,2501,32456.194746
38.0,2501,32472.645996
38.0,2501,32486.100694
40.0,2501,32502.060627
37.0,2501,32513.797409
36.0,2501,32526.323158
47.0,2501,32536.411023
39.0,2501,32550.308571
36.0,2501,32560.598913
42.0,2501,32569.652968
44.0,2501,32583.837682
39.0,2501,32598.326589
47.0,2501,32617.306576
48.0,2501,32630.152529
43.0,2501,32642.189111
39.0,2501,32655.092948
42.0,2501,32673.784066
38.0,2501,32686.770871
37.0,2501,32697.075072
41.0,2501,32709.723678
36.0,2501,32723.320953
50.0,2501,32740.986839
44.0,2501,32755.329588
35.0,2501,32766.984249
38.0,2501,32782.028905
37.0,2501,32799.840438
43.0,2501,32810.987931
44.0,2501,32822.001577
38.0,2501,32832.342276
38.0,2501,32849.245075
34.0,2501,32868.455814
29.0,2501,32905.620887
42.0,2501,32917.21718
44.0,2501,32928.08849
43.0,2501,32942.990498
39.0,2501,32955.659511
37.0,2501,32965.751714
37.0,2501,32978.100401
38.0,2501,32990.215903
42.0,2501,33007.554449
37.0,2501,33018.50176
38.0,2501,33027.810155
40.0,2501,33039.115438
40.0,2501,33052.947583
38.0,2501,33064.930295
40.0,2501,33081.699635
39.0,2501,33097.333663
45.0,2501,33112.397729
41.0,2501,33127.37634
44.0,2501,33138.268017
44.0,2501,33152.298614
40.0,2501,33166.556363
43.0,2501,33182.682769
46.0,2501,33191.078781
35.0,2501,33199.208602
43.0,2501,33208.773983
35.0,2501,33223.463111
43.0,2501,33239.802126
39.0,2501,33252.051303
43.0,2501,33263.094568
43.0,2501,33277.101526
42.0,2501,33293.755608
36.0,2501,33305.64891
42.0,2501,33319.379216
42.0,2501,33332.143826
40.0,2501,33344.106798
47.0,2501,33366.255441
42.0,2501,33377.682092
40.0,2501,33396.03855
40.0,2501,33412.289705
40.0,2501,33437.763117
39.0,2501,33489.18728
43.0,2501,33505.256588
42.0,2501,33518.903416
45.0,2501,33539.089748
37.0,2501,33557.803609
36.0,2501,33568.689224
43.0,2501,33579.547688
39.0,2501,33597.615947
31.0,2501,33611.649014
41.0,2501,33631.671678
40.0,2501,33645.122373
47.0,2501,33660.772196
43.0,2501,33674.904812
41.0,2501,33697.982125
37.0,2501,33710.873092
41.0,2501,33727.075902
43.0,2501,33743.039695
45.0,2501,33758.717878
44.0,2501,33780.113877
46.0,2501,33796.483314
51.0,2501,33812.473536
40.0,2501,33831.229681
39.0,2501,33857.283836
44.0,2501,33880.80773
41.0,2501,33896.624679
42.0,2501,33910.011707
41.0,2501,33930.115489
41.0,2501,33952.407011
44.0,2501,33968.672995
36.0,2501,33979.541551
39.0,2501,33997.334358
42.0,2501,34016.251942
47.0,2501,34033.350542
40.0,2501,34050.086694
48.0,2501,34060.016187
43.0,2501,34070.528869
41.0,2501,34092.569005
42.0,2501,34106.414047
36.0,2501,34123.265205
42.0,2501,34138.011035
39.0,2501,34196.227125
42.0,2501,34213.971681
34.0,2501,34228.242923
46.0,2501,34240.810075
36.0,2501,34258.208025
44.0,2501,34277.471468
36.0,2501,34293.837832
44.0,2501,34311.23433
42.0,2501,34323.817062
40.0,2501,34344.207021
35.0,2501,34360.886346
32.0,2501,34376.09851
44.0,2501,34388.243431
41.0,2501,34400.80738
40.0,2501,34416.044109
36.0,2501,34428.135775
47.0,2501,34442.501463
39.0,2501,34459.653312
38.0,2501,34481.192264
38.0,2501,34496.897844
42.0,2501,34511.366254
40.0,2501,34527.349563
41.0,2501,34549.052051
38.0,2501,34569.869726
37.0,2501,34588.601073
46.0,2501,34606.848649
37.0,2501,34624.994983
41.0,2501,34650.776452
47.0,2501,34665.253462
39.0,2501,34679.551742
41.0,2501,34695.736522
42.0,2501,34707.391486
44.0,2501,34734.308002
31.0,2501,34750.418182
42.0,2501,34763.110588
40.0,2501,34779.497296
46.0,2501,34801.017929
41.0,2501,34816.313603
44.0,2501,34830.169389
40.0,2501,34841.86778
37.0,2501,34893.512431
32.0,2501,34916.484951
40.0,2501,34931.739171
40.0,2501,34945.673578
39.0,2501,34963.063491
42.0,2501,34987.320142
38.0,2501,35004.533495
42.0,2501,35019.766212
37.0,2501,35033.510278
37.0,2501,35049.954886
41.0,2501,35075.240208
33.0,2501,35094.170257
42.0,2501,35107.662727
43.0,2501,35122.265621
40.0,2501,35149.022658
36.0,2501,35164.911645
39.0,2501,35177.822107
40.0,2501,35193.570315
36.0,2501,35206.129037
41.0,2501,35227.373391
39.0,2501,35239.391704
34.0,2501,35255.737296
45.0,2501,35268.763009
41.0,2501,35281.670687
35.0,2501,35297.529995
35.0,2501,35314.315495
39.0,2501,35332.884334
41.0,2501,35351.338047
32.0,2501,35368.421872
43.0,2501,35390.353354
37.0,2501,35411.664086
40.0,2501,35431.389451
42.0,2501,35450.301085
35.0,2501,35464.779666
35.0,2501,35478.533951
44.0,2501,35495.520693
39.0,2501,35512.226544
44.0,2501,35531.474271
40.0,2501,35547.178157
49.0,2501,35564.676902
38.0,2501,35608.899678
44.0,2501,35620.988797
35.0,2501,35639.996692
43.0,2501,35652.043419
35.0,2501,35668.315004
41.0,2501,35685.731148
40.0,2501,35704.126682
44.0,2501,35723.840281
41.0,2501,35740.712921
41.0,2501,35759.991835
42.0,2501,35777.967714
44.0,2501,35799.332878
40.0,2501,35817.415318
41.0,2501,35836.711374
47.0,2501,35859.486947
39.0,2501,35877.679321
42.0,2501,35888.746679
39.0,2501,35905.856318
47.0,2501,35921.754434
35.0,2501,35938.764891
43.0,2501,35954.469084
42.0,2501,35967.989952
42.0,2501,35984.852014
40.0,2501,36001.586218
37.0,2501,36023.762748
36.0,2501,36037.674271
40.0,2501,36052.005702
44.0,2501,36068.531522
42.0,2501,36082.139408
47.0,2501,36105.189747
43.0,2501,36120.274759
42.0,2501,36135.089877
46.0,2501,36151.490031
42.0,2501,36173.779863
43.0,2501,36192.759882
40.0,2501,36205.003887
35.0,2501,36217.971117
37.0,2501,36234.583071
40.0,2501,36259.985617
39.0,2501,36273.646566
43.0,2501,36317.504733
30.0,2501,36329.209514
30.0,2501,36346.17163
39.0,2501,36360.788718
45.0,2501,36374.258254
33.0,2501,36387.561905
37.0,2501,36404.17724
33.0,2501,36424.679092
40.0,2501,36439.566053
44.0,2501,36452.619524
34.0,2501,36465.677196
30.0,2501,36481.773972
29.0,2501,36497.688997
30.0,2501,36518.416835
38.0,2501,36534.699198
40.0,2501,36551.599006
34.0,2501,36573.12517
39.0,2501,36587.713685
40.0,2501,36605.073617
34.0,2501,36621.073877
39.0,2501,36638.063933
45.0,2501,36652.496087
37.0,2501,36669.075639
43.0,2501,36683.864436
30.0,2501,36701.560012
38.0,2501,36721.774241
44.0,2501,36733.695182
45.0,2501,36749.230022
37.0,2501,36761.543332
39.0,2501,36782.494147
38.0,2501,36792.928224
40.0,2501,36805.043386
43.0,2501,36817.019305
44.0,2501,36836.310145
37.0,2501,36858.944969
39.0,2501,36873.443599
41.0,2501,36884.818054
39.0,2501,36896.379561
42.0,2501,36917.716987
40.0,2501,36935.829909
40.0,2501,36984.590333
48.0,2501,36999.562817
41.0,2501,37013.633844
44.0,2501,37034.46652
42.0,2501,37046.536833
40.0,2501,37059.752626
34.0,2501,37073.999513
48.0,2501,37091.450704
34.0,2501,37108.555728
45.0,2501,37120.536277
44.0,2501,37134.199575
40.0,2501,37146.769633
40.0,2501,37165.915193
42.0,2501,37181.217587
33.0,2501,37195.344862
35.0,2501,37211.870521
36.0,2501,37231.853569
39.0,2501,37248.386515
37.0,2501,37267.588135
49.0,2501,37284.076404
37.0,2501,37302.61837
36.0,2501,37319.781094
41.0,2501,37336.26679
39.0,2501,37355.34327
42.0,2501,37371.203418
36.0,2501,37386.077538
43.0,2501,37408.797039
39.0,2501,37426.167932
37.0,2501,37444.969521
37.0,2501,37459.218598
30.0,2501,37479.770942
35.0,2501,37491.29647
41.0,2501,37504.238631
36.0,2501,37516.926456
33.0,2501,37531.668837
40.0,2501,37554.801777
40.0,2501,37568.641516
36.0,2501,37579.831582
40.0,2501,37596.06805
33.0,2501,37618.065582
37.0,2501,37672.270312
43.0,2501,37686.353554
42.0,2501,37700.35497
35.0,2501,37715.774437
40.0,2501,37738.401292
38.0,2501,37750.458954
35.0,2501,37765.843382
32.0,2501,37779.176526
38.0,2501,37802.861248
38.0,2501,37820.367559
32.0,2501,37834.779697
40.0,2501,37846.905406
40.0,2501,37866.567393
38.0,2501,37889.032138
34.0,2501,37902.396217
37.0,2501,37915.623616
35.0,2501,37925.136633
39.0,2501,37945.089722
38.0,2501,37957.810503
32.0,2501,37975.218965
37.0,2501,37991.06663
40.0,2501,38002.490086
33.0,2501,38020.147323
35.0,2501,38034.270638
39.0,2501,38047.416701
20.0,2501,38061.231102
34.0,2501,38081.037073
46.0,2501,38096.718905
40.0,2501,38114.766782
35.0,2501,38130.777181
39.0,2501,38147.456632
29.0,2501,38168.69007
43.0,2501,38184.900424
35.0,2501,38200.488221
38.0,2501,38218.122426
39.0,2501,38236.021068
37.0,2501,38247.023392
38.0,2501,38263.927025
37.0,2501,38279.087521
44.0,2501,38294.976073
41.0,2501,38336.834299
42.0,2501,38352.683867
39.0,2501,38367.313162
43.0,2501,38385.10817
43.0,2501,38407.168222
43.0,2501,38423.316646
41.0,2501,38435.123957
40.0,2501,38451.061963
37.0,2501,38463.381447
37.0,2501,38484.944015
40.0,2501,38498.810841
36.0,2501,38510.50553
40.0,2501,38524.911549
41.0,2501,38542.906072
48.0,2501,38557.939325
32.0,2501,38573.50441
44.0,2501,38588.491059
36.0,2501,38603.697942
34.0,2501,38622.24575
42.0,2501,38636.313931
44.0,2501,38652.82578
42.0,2501,38668.205914
36.0,2501,38686.508862
40.0,2501,38699.782874
40.0,2501,38714.056471
42.0,2501,38726.099179
39.0,2501,38744.295868
35.0,2501,38767.734263
42.0,2501,38780.328933
40.0,2501,38793.193767
42.0,2501,38807.886841
42.0,2501,38827.786479
34.0,2501,38842.705592
27.0,2501,38855.17856
48.0,2501,38871.096781
22.0,2501,38888.865916
39.0,2501,38911.969968
46.0,2501,38932.103955
37.0,2501,38946.789494
39.0,2501,38963.557786
40.0,2501,39029.94776
35.0,2501,39044.629755
29.0,2501,39058.446564
41.0,2501,39076.017362
40.0,2501,39093.30967
39.0,2501,39114.805888
43.0,2501,39127.340532
38.0,2501,39137.669196
44.0,2501,39152.040833
36.0,2501,39176.019975
35.0,2501,39193.072976
39.0,2501,39206.912703
37.0,2501,39222.272847
42.0,2501,39239.014355
38.0,2501,39263.420131
41.0,2501,39279.655884
33.0,2501,39296.887862
38.0,2501,39310.792562
38.0,2501,39326.060176
37.0,2501,39351.620097
42.0,2501,39365.282776
44.0,2501,39377.822315
42.0,2501,39395.203127
37.0,2501,39417.445633
39.0,2501,39435.474641
40.0,2501,39448.469505
32.0,2501,39462.007499
40.0,2501,39478.112696
40.0,2501,39496.206576
43.0,2501,39507.684381
38.0,2501,39522.518735
39.0,2501,39533.68064
37.0,2501,39552.305693
39.0,2501,39568.078839
34.0,2501,39586.674937
36.0,2501,39603.665176
31.0,2501,39615.136922
37.0,2501,39632.285653
38.0,2501,39647.766834
41.0,2501,39666.534317
39.0,2501,39710.810459
38.0,2501,39733.027964
38.0,2501,39746.445559
40.0,2501,39762.76774
36.0,2501,39778.010881
36.0,2501,39791.021874
44.0,2501,39813.327565
40.0,2501,39827.206593
35.0,2501,39842.549867
42.0,2501,39857.476371
41.0,2501,39874.919136
43.0,2501,39892.023387
40.0,2501,39908.799961
43.0,2501,39923.345609
37.0,2501,39939.105512
50.0,2501,39960.701656
42.0,2501,39974.379608
42.0,2501,39988.089105
48.0,2501,40001.96311
42.0,2501,40020.261173
42.0,2501,40035.988298
40.0,2501,40052.591092
36.0,2501,40070.066202
41.0,2501,40089.137553
45.0,2501,40109.45273
42.0,2501,40123.464718
42.0,2501,40139.14629
42.0,2501,40154.61144
46.0,2501,40172.93268
47.0,2501,40187.162431
40.0,2501,40199.948981
42.0,2501,40212.339923
41.0,2501,40224.775311
34.0,2501,40248.923473
42.0,2501,40264.149755
47.0,2501,40279.035317
37.0,2501,40292.428895
37.0,2501,40316.30666
46.0,2501,40333.391937
39.0,2501,40348.519284
46.0,2501,40403.272351
38.0,2501,40417.932817
34.0,2501,40439.085875
44.0,2501,40448.067675
39.0,2501,40459.914277
44.0,2501,40472.973035
36.0,2501,40497.700148
40.0,2501,40511.240335
38.0,2501,40525.529954
34.0,2501,40536.660572
40.0,2501,40551.389036
39.0,2501,40573.952828
18.0,2501,40593.36228
37.0,2501,40605.339797
34.0,2501,40618.875754
33.0,2501,40642.422343
39.0,2501,40658.531078
39.0,2501,40673.194667
34.0,2501,40687.930695
31.0,2501,40700.077922
32.0,2501,40720.848157
31.0,2501,40735.100469
35.0,2501,40753.815874
28.0,2501,40765.423125
42.0,2501,40782.439386
41.0,2501,40801.375643
41.0,2501,40816.515826
33.0,2501,40830.060298
38.0,2501,40840.479664
40.0,2501,40855.788204
41.0,2501,40867.898375
40.0,2501,40883.395429
36.0,2501,40898.756636
39.0,2501,40920.787735
39.0,2501,40933.707802
38.0,2501,40948.642272
36.0,2501,40964.069942
44.0,2501,40981.788155
43.0,2501,40998.589867
41.0,2501,41011.816787
31.0,2501,41055.871584
35.0,2501,41071.960065
33.0,2501,41086.88716
36.0,2501,41106.766687
29.0,2501,41120.087017
40.0,2501,41134.379704
42.0,2501,41148.7944
27.0,2501,41170.8579
39.0,2501,41184.261191
36.0,2501,41198.525775
33.0,2501,41210.429445
35.0,2501,41225.731802
39.0,2501,41244.728023
31.0,2501,41256.892025
31.0,2501,41271.523638
40.0,2501,41285.633588
36.0,2501,41306.884166
35.0,2501,41320.550602
35.0,2501,41332.377523
34.0,2501,41343.366
39.0,2501,41357.885082
38.0,2501,41377.407432
30.0,2501,41391.779874
35.0,2501,41405.430186
39.0,2501,41420.68292
39.0,2501,41438.567293
37.0,2501,41456.293191
43.0,2501,41472.108076
38.0,2501,41490.427308
34.0,2501,41500.801392
37.0,2501,41519.822263
35.0,2501,41536.224095
38.0,2501,41551.705954
42.0,2501,41564.581208
45.0,2501,41583.78381
43.0,2501,41598.534881
37.0,2501,41610.894693
34.0,2501,41626.816329
2.0,2501,41642.599838
45.0,2501,41686.536613
39.0,2501,41701.518763
36.0,2501,41718.264727
31.0,2501,41733.770147
41.0,2501,41755.63555
38.0,2501,41770.196219
37.0,2501,41785.467832
33.0,2501,41798.596111
42.0,2501,41809.362389
38.0,2501,41827.064842
39.0,2501,41837.254089
41.0,2501,41849.508212
27.0,2501,41863.71007
36.0,2501,41881.940531
24.0,2501,41898.173261
36.0,2501,41913.840566
39.0,2501,41928.885793
41.0,2501,41943.815382
39.0,2501,41968.132743
42.0,2501,41983.817719
32.0,2501,41999.820143
36.0,2501,42012.151596
40.0,2501,42031.561545
40.0,2501,42047.174539
34.0,2501,42063.519648
41.0,2501,42079.161673
38.0,2501,42091.66173
28.0,2501,42112.6897
41.0,2501,42134.077464
45.0,2501,42151.257171
46.0,2501,42166.238181
46.0,2501,42178.572194
44.0,2501,42189.712626
38.0,2501,42203.11401
39.0,2501,42222.368077
32.0,2501,42237.672365
39.0,2501,42254.596123
42.0,2501,42268.150688
45.0,2501,42281.773493
41.0,2501,42298.510072
41.0,2501,42345.397245
37.0,2501,42359.602339
46.0,2501,42378.389192
42.0,2501,42398.356398
38.0,2501,42413.243983
37.0,2501,42433.012686
40.0,2501,42444.677085
39.0,2501,42457.724187
41.0,2501,42471.529511
47.0,2501,42487.717579
42.0,2501,42502.193561
41.0,2501,42516.118451
42.0,2501,42529.439954
42.0,2501,42541.598807
35.0,2501,42560.043361
31.0,2501,42577.111216
35.0,2501,42594.869614
40.0,2501,42610.032921
34.0,2501,42628.76213
38.0,2501,42641.873644
42.0,2501,42655.03939
37.0,2501,42673.288986
39.0,2501,42688.672588
39.0,2501,42706.581443
43.0,2501,42724.661094
36.0,2501,42742.343036
31.0,2501,42757.857263
37.0,2501,42774.583772
43.0,2501,42789.109795
36.0,2501,42805.600033
37.0,2501,42823.681704
36.0,2501,42837.423531
38.0,2501,42858.908173
40.0,2501,42875.323568
37.0,2501,42890.335937
36.0,2501,42905.413993
37.0,2501,42922.680581
42.0,2501,42946.158711
33.0,2501,42959.271576
38.0,2501,42974.281138
44.0,2501,43024.968889
32.0,2501,43045.300628
36.0,2501,43059.393894
36.0,2501,43074.611809
37.0,2501,43087.074377
44.0,2501,43099.645938
43.0,2501,43119.729453
37.0,2501,43133.720593
28.0,2501,43147.874645
39.0,2501,43166.505781
31.0,2501,43190.186021
36.0,2501,43209.065667
32.0,2501,43221.677411
38.0,2501,43236.027238
39.0,2501,43249.98285
36.0,2501,43271.033104
36.0,2501,43285.962664
38.0,2501,43303.91439
36.0,2501,43322.54033
35.0,2501,43347.536263
37.0,2501,43366.848928
38.0,2501,43385.423496
34.0,2501,43400.00094
37.0,2501,43414.170007
38.0,2501,43438.499808
34.0,2501,43454.870255
35.0,2501,43470.085125
37.0,2501,43482.222538
43.0,2501,43501.271978
41.0,2501,43512.502176
40.0,2501,43523.770358
36.0,2501,43540.964
33.0,2501,43553.204003
36.0,2501,43570.815401
40.0,2501,43590.242867
33.0,2501,43610.690911
41.0,2501,43627.921171
35.0,2501,43648.438353
36.0,2501,43662.997544
33.0,2501,43678.371946
37.0,2501,43729.428705
38.0,2501,43741.295867
39.0,2501,43757.348258
39.0,2501,43771.38025
40.0,2501,43788.80002
38.0,2501,43807.097486
38.0,2501,43828.100141
37.0,2501,43842.623428
26.0,2501,43857.489075
37.0,2501,43874.062378
31.0,2501,43887.988951
32.0,2501,43907.765215
30.0,2501,43923.535265
36.0,2501,43939.680682
35.0,2501,43954.390596
44.0,2501,43976.343575
44.0,2501,43993.17506
44.0,2501,44005.613077
39.0,2501,44017.116041
41.0,2501,44030.450769
41.0,2501,44053.259265
34.0,2501,44070.209699
37.0,2501,44082.583782
37.0,2501,44093.014421
39.0,2501,44107.985602
33.0,2501,44121.900835
36.0,2501,44133.808445
35.0,2501,44145.893214
40.0,2501,44154.532812
34.0,2501,44169.123995
38.0,2501,44178.673313
28.0,2501,44187.850305
31.0,2501,44202.139597
32.0,2501,44229.257025
36.0,2501,44240.507502
40.0,2501,44252.808165
34.0,2501,44271.706148
33.0,2501,44285.85402
30.0,2501,44303.291018
34.0,2501,44320.039928
38.0,2501,44361.771097
39.0,2501,44380.379709
40.0,2501,44401.082483
39.0,2501,44411.456537
40.0,2501,44423.369458
40.0,2501,44439.792894
41.0,2501,44456.590656
38.0,2501,44479.751902
41.0,2501,44493.717431
37.0,2501,44508.715191
32.0,2501,44522.930748
46.0,2501,44539.167548
34.0,2501,44552.435919
36.0,2501,44568.27727
40.0,2501,44581.490786
32.0,2501,44592.681748
43.0,2501,44611.973934
35.0,2501,44624.315239
36.0,2501,44638.101917
32.0,2501,44651.763891
37.0,2501,44664.92539
32.0,2501,44682.807368
40.0,2501,44698.80579
39.0,2501,44713.209194
37.0,2501,44727.473555
47.0,2501,44742.090405
38.0,2501,44752.742023
33.0,2501,44766.611518
38.0,2501,44780.0169
44.0,2501,44796.980136
33.0,2501,44813.852098
39.0,2501,44824.533149
43.0,2501,44836.415428
36.0,2501,44849.349253
40.0,2501,44865.733169
45.0,2501,44877.906881
41.0,2501,44890.608441
40.0,2501,44903.117605
38.0,2501,44915.648012
45.0,2501,44934.547048
41.0,2501,44975.054015
38.0,2501,44985.969669
32.0,2501,45001.173494
35.0,2501,45021.825185
41.0,2501,45037.658578
32.0,2501,45053.02801
42.0,2501,45067.201639
39.0,2501,45076.239047
33.0,2501,45093.25865
41.0,2501,45108.218144
36.0,2501,45120.168993
41.0,2501,45132.968211
40.0,2501,45148.330261
34.0,2501,45161.858581
44.0,2501,45177.842911
40.0,2501,45195.819669
39.0,2501,45206.8409
38.0,2501,45220.399986
43.0,2501,45234.101022
38.0,2501,45246.516759
45.0,2501,45261.99625
29.0,2501,45282.420828
34.0,2501,45290.057308
38.0,2501,45303.374654
37.0,2501,45314.287583
38.0,2501,45329.557583
35.0,2501,45347.030563
35.0,2501,45360.857706
33.0,2501,45371.517069
39.0,2501,45385.255548
45.0,2501,45408.80754
31.0,2501,45423.535097
34.0,2501,45439.900045
34.0,2501,45455.184618
39.0,2501,45468.566265
43.0,2501,45484.069569
33.0,2501,45493.51935
38.0,2501,45507.072125
35.0,2501,45520.487321
41.0,2501,45539.24614
39.0,2501,45592.705047
39.0,2501,45604.540202
34.0,2501,45620.566566
34.0,2501,45635.666115
41.0,2501,45658.439671
32.0,2501,45674.45346
30.0,2501,45685.639821
31.0,2501,45699.088372
25.0,2501,45718.824645
44.0,2501,45735.814013
30.0,2501,45753.584271
32.0,2501,45766.537139
32.0,2501,45777.176276
31.0,2501,45793.866419
33.0,2501,45811.102633
37.0,2501,45822.570597
31.0,2501,45839.302383
29.0,2501,45855.795948
38.0,2501,45870.448389
35.0,2501,45882.600393
31.0,2501,45898.217805
11.0,2501,45909.555023
33.0,2501,45925.592269
26.0,2501,45935.602402
38.0,2501,45946.392228
41.0,2501,45959.773808
37.0,2501,45978.226575
38.0,2501,45992.627751
35.0,2501,46009.305578
38.0,2501,46023.411815
37.0,2501,46036.973307
41.0,2501,46057.927372
34.0,2501,46078.311683
43.0,2501,46097.903872
33.0,2501,46109.584336
36.0,2501,46127.038842
36.0,2501,46145.374924
41.0,2501,46162.83535
37.0,2501,46177.4258
36.0,2501,46191.375977
32.0,2501,46241.290479
34.0,2501,46259.819595
33.0,2501,46273.288075
41.0,2501,46286.88355
39.0,2501,46300.54129
46.0,2501,46322.267631
40.0,2501,46339.808582
37.0,2501,46354.123418
36.0,2501,46368.448027
43.0,2501,46382.282919
43.0,2501,46399.141977
43.0,2501,46414.930193
36.0,2501,46430.627393
33.0,2501,46443.803085
35.0,2501,46458.74192
36.0,2501,46473.326489
35.0,2501,46486.946223
37.0,2501,46503.021995
43.0,2501,46522.747243
32.0,2501,46537.432607
39.0,2501,46552.982035
11.0,2501,46569.134202
36.0,2501,46583.801328
42.0,2501,46603.353742
44.0,2501,46618.705762
38.0,2501,46633.882686
42.0,2501,46650.936155
42.0,2501,46669.144209
38.0,2501,46678.951835
40.0,2501,46690.111453
40.0,2501,46702.216473
37.0,2501,46716.655198
40.0,2501,46736.557751
36.0,2501,46750.5237
35.0,2501,46763.984775
35.0,2501,46773.950517
38.0,2501,46791.056627
32.0,2501,46801.253738
39.0,2501,46816.018963
32.0,2501,46829.969191
38.0,2501,46863.145903
25.0,2501,46880.67614
32.0,2501,46896.522219
31.0,2501,46911.091023
39.0,2501,46924.447352
39.0,2501,46939.703765
35.0,2501,46953.578649
36.0,2501,46965.573655
43.0,2501,46984.788207
41.0,2501,46997.394511
35.0,2501,47015.971175
34.0,2501,47025.177516
27.0,2501,47040.611123
38.0,2501,47057.714233
33.0,2501,47074.412121
35.0,2501,47091.572298
35.0,2501,47102.829447
30.0,2501,47115.790892
29.0,2501,47129.398652
32.0,2501,47142.758787
29.0,2501,47157.134866
37.0,2501,47169.770784
33.0,2501,47181.810607
42.0,2501,47198.212216
35.0,2501,47212.342627
40.0,2501,47226.221265
36.0,2501,47242.99929
35.0,2501,47259.587042
36.0,2501,47278.144109
46.0,2501,47291.913365
32.0,2501,47305.295088
32.0,2501,47321.858185
33.0,2501,47340.952135
40.0,2501,47354.383704
40.0,2501,47369.691463
34.0,2501,47382.743545
41.0,2501,47399.20678
43.0,2501,47419.165318
36.0,2501,47431.022907
33.0,2501,47444.12178
33.0,2501,47494.221741
33.0,2501,47514.651063
37.0,2501,47530.122143
27.0,2501,47544.215729
32.0,2501,47560.666396
31.0,2501,47577.45093
37.0,2501,47594.002028
31.0,2501,47607.152666
35.0,2501,47624.031543
39.0,2501,47641.601152
43.0,2501,47663.105762
36.0,2501,47675.403519
37.0,2501,47689.929632
29.0,2501,47706.831136
38.0,2501,47722.274945
39.0,2501,47740.509685
32.0,2501,47751.045794
30.0,2501,47762.947341
36.0,2501,47779.711564
43.0,2501,47801.301079
29.0,2501,47815.608533
33.0,2501,47834.791508
37.0,2501,47848.18042
38.0,2501,47862.091253
34.0,2501,47881.476602
38.0,2501,47895.37309
44.0,2501,47911.49018
42.0,2501,47925.522214
35.0,2501,47941.142805
34.0,2501,47956.660082
41.0,2501,47972.496509
37.0,2501,47988.118737
39.0,2501,48002.661392
43.0,2501,48019.786177
34.0,2501,48032.211153
39.0,2501,48044.522176
30.0,2501,48062.449946
34.0,2501,48076.434618
35.0,2501,48095.899935
36.0,2501,48103.535624
33.0,2501,48146.033646
43.0,2501,48160.486669
33.0,2501,48178.041765
34.0,2501,48191.209068
37.0,2501,48205.088919
43.0,2501,48217.291969
39.0,2501,48234.657826
39.0,2501,48250.539418
40.0,2501,48261.429769
37.0,2501,48273.231398
40.0,2501,48287.529929
34.0,2501,48310.740436
38.0,2501,48324.247602
42.0,2501,48335.523797
34.0,2501,48345.191043
34.0,2501,48357.334496
36.0,2501,48381.21358
34.0,2501,48395.433927
38.0,2501,48411.433089
27.0,2501,48426.015078
30.0,2501,48446.272046
37.0,2501,48462.747379
41.0,2501,48476.326131
37.0,2501,48491.434166
37.0,2501,48501.017126
41.0,2501,48513.918715
37.0,2501,48526.73095
34.0,2501,48540.070444
44.0,2501,48554.381546
42.0,2501,48568.807962
38.0,2501,48582.647
36.0,2501,48595.095537
42.0,2501,48608.206762
36.0,2501,48624.639261
40.0,2501,48647.894712
31.0,2501,48663.144572
34.0,2501,48673.136683
38.0,2501,48684.053425
41.0,2501,48701.600725
36.0,2501,48715.241756
35.0,2501,48761.283145
42.0,2501,48774.447234
37.0,2501,48790.603903
31.0,2501,48814.875575
34.0,2501,48830.42186
42.0,2501,48840.667267
24.0,2501,48851.319757
41.0,2501,48871.643053
39.0,2501,48887.238026
38.0,2501,48901.833632
35.0,2501,48913.67427
32.0,2501,48924.86525
40.0,2501,48945.145869
36.0,2501,48959.235581
35.0,2501,48972.567419
18.0,2501,48986.922716
35.0,2501,49000.583473
31.0,2501,49009.403331
34.0,2501,49019.778504
36.0,2501,49035.80063
34.0,2501,49048.186511
32.0,2501,49064.069617
34.0,2501,49078.364149
35.0,2501,49094.024695
36.0,2501,49105.821431
29.0,2501,49130.216547
33.0,2501,49149.332865
36.0,2501,49159.727687
35.0,2501,49174.361888
47.0,2501,49189.792207
35.0,2501,49209.874331
34.0,2501,49223.997117
33.0,2501,49237.591473
29.0,2501,49249.381754
29.0,2501,49266.687598
34.0,2501,49279.741468
31.0,2501,49295.473045
38.0,2501,49306.648026
34.0,2501,49318.594299
33.0,2501,49332.242872
34.0,2501,49379.054085
37.0,2501,49392.259678
31.0,2501,49402.620374
41.0,2501,49418.650122
33.0,2501,49434.788218
34.0,2501,49447.431375
39.0,2501,49461.427379
31.0,2501,49473.102142
35.0,2501,49487.414715
34.0,2501,49500.977889
38.0,2501,49514.467972
42.0,2501,49526.361211
31.0,2501,49545.47272
37.0,2501,49556.830512
38.0,2501,49565.608672
42.0,2501,49578.447225
43.0,2501,49591.984799
38.0,2501,49614.400721
40.0,2501,49626.739452
38.0,2501,49638.614407
40.0,2501,49650.594713
35.0,2501,49663.68609
36.0,2501,49679.8496
26.0,2501,49691.258961
45.0,2501,49705.236233
37.0,2501,49718.071178
38.0,2501,49730.137334
38.0,2501,49745.610626
37.0,2501,49763.45417
36.0,2501,49778.72502
39.0,2501,49793.154242
36.0,2501,49808.391486
33.0,2501,49820.170163
37.0,2501,49831.148403
31.0,2501,49846.878375
28.0,2501,49862.337394
28.0,2501,49873.465939
32.0,2501,49883.062576
30.0,2501,49892.010267
34.0,2501,49904.166459
39.0,2501,49957.310921
34.0,2501,49970.648077
38.0,2501,49982.527826
36.0,2501,49995.019935
29.0,2501,50013.5627
32.0,2501,50026.40733
39.0,2501,50036.473168
29.0,2501,50050.308934
29.0,2501,50061.892375
21.0,2501,50077.454912
37.0,2501,50088.507399
27.0,2501,50104.026937
25.0,2501,50118.427117
32.0,2501,50137.768138
33.0,2501,50150.373721
32.0,2501,50162.899582
41.0,2501,50176.073983
27.0,2501,50192.706463
30.0,2501,50211.209907
41.0,2501,50223.624192
34.0,2501,50236.721277
36.0,2501,50253.119822
37.0,2501,50270.924076
22.0,2501,50284.028182
43.0,2501,50296.963758
35.0,2501,50307.70817
32.0,2501,50322.779629
31.0,2501,50345.69324
34.0,2501,50361.704781
37.0,2501,50374.077325
32.0,2501,50387.415052
30.0,2501,50405.221534
34.0,2501,50422.465489
36.0,2501,50438.573468
34.0,2501,50451.001361
42.0,2501,50462.660239
38.0,2501,50479.365975
31.0,2501,50495.0476
38.0,2501,50509.428927
37.0,2501,50522.622863
32.0,2501,50576.834222
31.0,2501,50591.558124
28.0,2501,50606.634315
33.0,2501,50618.042244
25.0,2501,50630.374846
26.0,2501,50649.031267
35.0,2501,50663.915355
33.0,2501,50678.872434
37.0,2501,50691.090678
40.0,2501,50706.38497
32.0,2501,50718.810547
41.0,2501,50733.795538
31.0,2501,50745.729512
31.0,2501,50755.952758
30.0,2501,50773.049408
37.0,2501,50786.071072
40.0,2501,50799.150706
31.0,2501,50813.271386
36.0,2501,50832.911261
42.0,2501,50847.263844
31.0,2501,50860.706395
38.0,2501,50873.156883
31.0,2501,50887.138581
45.0,2501,50905.760167
37.0,2501,50919.314296
31.0,2501,50934.09065
40.0,2501,50946.924511
40.0,2501,50963.822294
38.0,2501,50981.591591
37.0,2501,50995.310247
36.0,2501,51008.404574
36.0,2501,51021.646614
32.0,2501,51039.340905
35.0,2501,51055.791653
31.0,2501,51072.664536
22.0,2501,51087.553634
33.0,2501,51103.147258
33.0,2501,51115.884966
32.0,2501,51129.713998
27.0,2501,51145.950941
39.0,2501,51184.087692
36.0,2501,51202.834856
31.0,2501,51219.37658
39.0,2501,51236.786081
31.0,2501,51251.988914
17.0,2501,51266.529047
36.0,2501,51281.028129
36.0,2501,51296.123776
31.0,2501,51310.591486
27.0,2501,51320.181392
28.0,2501,51338.695489
25.0,2501,51349.298849
40.0,2501,51360.827426
37.0,2501,51374.255907
29.0,2501,51389.686551
33.0,2501,51405.992966
34.0,2501,51421.130235
33.0,2501,51431.617684
37.0,2501,51442.886422
39.0,2501,51462.325902
40.0,2501,51479.243744
37.0,2501,51490.556511
39.0,2501,51500.882242
37.0,2501,51514.236625
44.0,2501,51530.939782
33.0,2501,51547.655084
35.0,2501,51565.642081
31.0,2501,51580.84886
38.0,2501,51595.346284
37.0,2501,51605.177569
31.0,2501,51619.126166
31.0,2501,51632.707239
34.0,2501,51644.361325
31.0,2501,51661.487943
33.0,2501,51674.99897
24.0,2501,51689.187377
31.0,2501,51703.74643
40.0,2501,51723.734133
37.0,2501,51742.623502
31.0,2501,51755.620693
32.0,2501,51790.459334
39.0,2501,51801.99763
32.0,2501,51819.060155
31.0,2501,51831.358706
31.0,2501,51844.759361
38.0,2501,51859.789681
42.0,2501,51880.227197
41.0,2501,51895.988807
40.0,2501,51909.352829
34.0,2501,51919.863512
31.0,2501,51935.438446
35.0,2501,51952.212572
34.0,2501,51963.171253
36.0,2501,51975.742633
32.0,2501,51987.945222
31.0,2501,52001.95814
33.0,2501,52014.593325
36.0,2501,52030.469882
38.0,2501,52042.697263
30.0,2501,52051.954565
34.0,2501,52064.843139
28.0,2501,52074.062249
32.0,2501,52086.677831
34.0,2501,52100.56143
39.0,2501,52123.106909
31.0,2501,52137.423267
35.0,2501,52152.879478
33.0,2501,52163.562445
36.0,2501,52176.21335
37.0,2501,52197.129447
42.0,2501,52210.782253
36.0,2501,52223.077825
26.0,2501,52234.383116
34.0,2501,52250.464797
34.0,2501,52264.226107
37.0,2501,52277.377815
32.0,2501,52289.825558
33.0,2501,52303.289197
34.0,2501,52317.754447
40.0,2501,52331.895206
39.0,2501,52376.549565
31.0,2501,52390.391701
38.0,2501,52406.116951
36.0,2501,52418.153516
32.0,2501,52431.069541
42.0,2501,52448.071192
34.0,2501,52462.272124
29.0,2501,52477.396956
32.0,2501,52490.010406
28.0,2501,52501.052147
37.0,2501,52512.483415
36.0,2501,52533.436347
35.0,2501,52545.755899
29.0,2501,52558.272906
33.0,2501,52570.864958
25.0,2501,52586.787438
25.0,2501,52608.287155
34.0,2501,52624.37099
27.0,2501,52638.988555
39.0,2501,52650.448184
43.0,2501,52669.326794
26.0,2501,52680.496536
41.0,2501,52691.612457
31.0,2501,52702.386635
34.0,2501,52711.474058
26.0,2501,52725.393351
33.0,2501,52738.75552
33.0,2501,52753.068273
23.0,2501,52765.820264
32.0,2501,52780.151522
21.0,2501,52791.586092
23.0,2501,52802.010278
19.0,2501,52813.822449
22.0,2501,52827.447908
35.0,2501,52846.784295
33.0,2501,52856.319802
40.0,2501,52868.156863
29.0,2501,52881.909043
29.0,2501,52895.437293
35.0,2501,52911.410607
37.0,2501,52952.279786
37.0,2501,52964.635526
38.0,2501,52979.614784
31.0,2501,52998.597762
31.0,2501,53012.609922
31.0,2501,53022.87429
33.0,2501,53037.903046
36.0,2501,53050.428241
34.0,2501,53065.811517
32.0,2501,53078.625723
34.0,2501,53094.499765
39.0,2501,53109.19415
33.0,2501,53123.428409
33.0,2501,53136.807303
33.0,2501,53153.835432
25.0,2501,53166.164375
35.0,2501,53181.234447
33.0,2501,53192.763434
31.0,2501,53202.624911
33.0,2501,53219.033945
33.0,2501,53233.653032
34.0,2501,53253.066342
33.0,2501,53265.554572
33.0,2501,53277.029834
32.0,2501,53289.004371
26.0,2501,53308.024041
31.0,2501,53328.091069
32.0,2501,53342.041446
32.0,2501,53351.885225
21.0,2501,53365.536289
37.0,2501,53385.034217
30.0,2501,53400.895948
29.0,2501,53410.521465
35.0,2501,53423.943405
33.0,2501,53436.083176
30.0,2501,53454.928417
26.0,2501,53475.052632
33.0,2501,53487.104421
36.0,2501,53498.446556
25.0,2501,53514.573677
27.0,2501,53561.99285
20.0,2501,53577.149509
29.0,2501,53588.401864
31.0,2501,53600.956381
34.0,2501,53617.003612
37.0,2501,53631.221813
30.0,2501,53644.403602
32.0,2501,53657.326345
36.0,2501,53673.717201
39.0,2501,53688.585502
32.0,2501,53701.680708
34.0,2501,53714.927325
32.0,2501,53727.957704
37.0,2501,53743.27406
39.0,2501,53753.152053
35.0,2501,53765.150939
35.0,2501,53779.706124
37.0,2501,53797.456505
38.0,2501,53813.079623
41.0,2501,53823.353703
36.0,2501,53835.577725
42.0,2501,53847.595903
35.0,2501,53863.746065
32.0,2501,53876.601446
33.0,2501,53887.624147
36.0,2501,53899.107818
35.0,2501,53913.60413
36.0,2501,53925.094205
25.0,2501,53936.942408
29.0,2501,53948.342485
34.0,2501,53959.683475
34.0,2501,53973.68321
38.0,2501,53984.247235
28.0,2501,53997.530031
30.0,2501,54008.454716
32.0,2501,54026.587557
37.0,2501,54038.375993
33.0,2501,54050.428042
28.0,2501,54062.527646
34.0,2501,54075.116315
35.0,2501,54123.164344
32.0,2501,54134.370426
27.0,2501,54144.306252
19.0,2501,54153.122864
35.0,2501,54164.327191
32.0,2501,54176.183691
28.0,2501,54191.31368
34.0,2501,54201.73427
33.0,2501,54217.039348
35.0,2501,54233.848663
30.0,2501,54244.291671
34.0,2501,54255.976254
19.0,2501,54268.959343
22.0,2501,54285.366246
37.0,2501,54296.236348
31.0,2501,54307.86504
35.0,2501,54317.644631
28.0,2501,54331.049736
38.0,2501,54348.635249
25.0,2501,54361.13078
32.0,2501,54375.279324
29.0,2501,54386.350538
19.0,2501,54403.939843
29.0,2501,54416.108703
37.0,2501,54425.554343
23.0,2501,54435.634748
31.0,2501,54449.31652
21.0,2501,54465.131363
31.0,2501,54477.313159
34.0,2501,54487.790332
37.0,2501,54502.291038
44.0,2501,54515.444017
41.0,2501,54532.754002
29.0,2501,54546.786317
30.0,2501,54558.997248
37.0,2501,54571.822038
40.0,2501,54592.631252
34.0,2501,54606.211565
26.0,2501,54620.012069
41.0,2501,54632.555301
38.0,2501,54668.250856
30.0,2501,54688.805962
28.0,2501,54702.834836
40.0,2501,54714.253505
35.0,2501,54725.33444
37.0,2501,54745.450323
38.0,2501,54759.013029
35.0,2501,54769.133219
29.0,2501,54779.102525
33.0,2501,54790.765183
33.0,2501,54808.554171
28.0,2501,54826.07169
27.0,2501,54842.096967
36.0,2501,54853.695516
38.0,2501,54872.532264
34.0,2501,54884.104348
31.0,2501,54897.792315
31.0,2501,54911.26929
35.0,2501,54929.100803
41.0,2501,54946.765106
29.0,2501,54956.370179
34.0,2501,54964.880813
29.0,2501,54981.001766
30.0,2501,55000.960999
37.0,2501,55015.820841
30.0,2501,55033.682765
38.0,2501,55046.120165
35.0,2501,55057.185298
34.0,2501,55072.735073
31.0,2501,55089.80059
30.0,2501,55110.60713
35.0,2501,55122.83162
31.0,2501,55138.140385
30.0,2501,55150.294082
30.0,2501,55167.909325
34.0,2501,55181.685989
33.0,2501,55197.245776
33.0,2501,55213.357522
28.0,2501,55224.599523
31.0,2501,55236.246788
36.0,2501,55275.340456
35.0,2501,55289.72216
30.0,2501,55300.39158
30.0,2501,55315.608448
33.0,2501,55330.960539
28.0,2501,55345.839954
35.0,2501,55362.072404
27.0,2501,55374.791206
25.0,2501,55388.207458
29.0,2501,55406.462286
36.0,2501,55420.546915
33.0,2501,55433.775277
31.0,2501,55444.182897
28.0,2501,55456.873192
35.0,2501,55470.315371
31.0,2501,55485.836029
36.0,2501,55501.335805
32.0,2501,55516.29167
34.0,2501,55529.704084
31.0,2501,55544.902049
31.0,2501,55556.968207
30.0,2501,55572.049572
44.0,2501,55584.330078
34.0,2501,55595.895577
33.0,2501,55610.762055
32.0,2501,55623.65622
39.0,2501,55637.836898
29.0,2501,55649.723395
36.0,2501,55667.829721
21.0,2501,55682.550408
31.0,2501,55693.6441
26.0,2501,55704.986895
32.0,2501,55718.026654
28.0,2501,55735.948261
30.0,2501,55752.041266
29.0,2501,55764.723431
38.0,2501,55775.999656
29.0,2501,55792.507148
35.0,2501,55805.422827
21.0,2501,55817.467571
35.0,2501,55858.760693
31.0,2501,55869.212307
26.0,2501,55887.223602
38.0,2501,55901.776685
26.0,2501,55917.035811
35.0,2501,55930.315121
28.0,2501,55943.831321
29.0,2501,55955.117485
28.0,2501,55966.518692
35.0,2501,55980.40208
38.0,2501,55992.552025
27.0,2501,56013.625101
29.0,2501,56025.376197
26.0,2501,56037.683696
34.0,2501,56053.968852
32.0,2501,56067.528522
27.0,2501,56085.483892
31.0,2501,56097.523809
20.0,2501,56108.595113
29.0,2501,56120.70334
32.0,2501,56138.406976
21.0,2501,56154.226478
28.0,2501,56167.24031
35.0,2501,56180.214705
25.0,2501,56192.601308
24.0,2501,56212.157993
27.0,2501,56225.413117
16.0,2501,56239.026667
27.0,2501,56251.091938
23.0,2501,56265.647803
27.0,2501,56277.567736
16.0,2501,56291.205694
27.0,2501,56304.046577
29.0,2501,56318.716974
32.0,2501,56335.143062
35.0,2501,56347.69012
33.0,2501,56358.742624
33.0,2501,56371.470957
34.0,2501,56388.986275
34.0,2501,56401.706471
29.0,2501,56434.597317
35.0,2501,56447.059885
27.0,2501,56461.445057
31.0,2501,56476.008991
33.0,2501,56486.725119
25.0,2501,56498.248592
31.0,2501,56507.05365
32.0,2501,56525.50768
31.0,2501,56540.002169
36.0,2501,56553.695757
30.0,2501,56565.635809
36.0,2501,56577.376357
31.0,2501,56595.32768
33.0,2501,56609.765175
28.0,2501,56622.664881
37.0,2501,56636.280917
27.0,2501,56653.13647
36.0,2501,56664.866454
29.0,2501,56678.971425
35.0,2501,56692.366076
34.0,2501,56706.650576
33.0,2501,56721.332559
38.0,2501,56731.998517
35.0,2501,56741.608846
25.0,2501,56753.567309
25.0,2501,56770.834646
28.0,2501,56780.945512
32.0,2501,56791.705668
34.0,2501,56802.458938
39.0,2501,56813.00979
33.0,2501,56831.173153
34.0,2501,56842.98758
30.0,2501,56854.669506
35.0,2501,56868.815472
26.0,2501,56884.607555
28.0,2501,56895.245966
38.0,2501,56907.45111
29.0,2501,56918.129252
29.0,2501,56929.867088
33.0,2501,56946.36509
39.0,2501,56983.319801
29.0,2501,57001.487233
37.0,2501,57015.233742
30.0,2501,57031.004668
28.0,2501,57042.417302
38.0,2501,57052.996166
35.0,2501,57067.435714
34.0,2501,57082.840384
35.0,2501,57100.464079
31.0,2501,57111.89241
34.0,2501,57122.684196
33.0,2501,57134.24689
34.0,2501,57153.106496
31.0,2501,57166.408412
40.0,2501,57179.158904
25.0,2501,57187.111409
38.0,2501,57198.006481
33.0,2501,57217.664022
31.0,2501,57232.739003
34.0,2501,57244.648874
28.0,2501,57256.840735
35.0,2501,57270.125401
31.0,2501,57282.654131
27.0,2501,57296.080774
27.0,2501,57309.028417
36.0,2501,57318.811662
34.0,2501,57335.550717
40.0,2501,57346.272233
32.0,2501,57357.236977
42.0,2501,57369.114407
36.0,2501,57387.610153
35.0,2501,57400.61321
30.0,2501,57412.567453
37.0,2501,57422.887222
33.0,2501,57434.097194
37.0,2501,57449.396849
32.0,2501,57462.220018
31.0,2501,57475.006572
36.0,2501,57487.428724
29.0,2501,57497.313013
39.0,2501,57543.936993
38.0,2501,57556.986805
38.0,2501,57567.869488
41.0,2501,57578.926737
33.0,2501,57596.394291
34.0,2501,57609.58717
29.0,2501,57620.020444
33.0,2501,57629.333806
30.0,2501,57641.636577
32.0,2501,57659.158915
36.0,2501,57673.270225
36.0,2501,57686.168937
41.0,2501,57696.910833
28.0,2501,57716.904011
38.0,2501,57727.700295
38.0,2501,57739.161522
29.0,2501,57749.993004
36.0,2501,57763.153266
34.0,2501,57778.680855
38.0,2501,57793.229317
36.0,2501,57804.448896
38.0,2501,57813.642644
36.0,2501,57829.660455
32.0,2501,57842.240712
34.0,2501,57857.554344
29.0,2501,57869.596391
34.0,2501,57882.087924
42.0,2501,57895.32882
35.0,2501,57905.19246
31.0,2501,57921.799821
37.0,2501,57937.064224
41.0,2501,57951.230591
40.0,2501,57960.517748
34.0,2501,57970.458657
42.0,2501,57980.538884
37.0,2501,57991.311186
35.0,2501,58009.350429
33.0,2501,58019.481201
33.0,2501,58035.807927
36.0,2501,58047.085309
26.0,2501,58091.523508
40.0,2501,58104.809307
34.0,2501,58117.428414
39.0,2501,58128.79512
34.0,2501,58142.025326
35.0,2501,58158.549103
36.0,2501,58168.691803
24.0,2501,58179.29766
37.0,2501,58189.310076
40.0,2501,58203.557636
32.0,2501,58213.569076
40.0,2501,58227.743151
32.0,2501,58239.652436
36.0,2501,58253.502321
31.0,2501,58272.322987
41.0,2501,58284.095693
32.0,2501,58295.033393
35.0,2501,58306.226585
35.0,2501,58324.104108
31.0,2501,58334.15326
37.0,2501,58345.16778
41.0,2501,58357.62205
36.0,2501,58367.148356
27.0,2501,58385.048574
37.0,2501,58397.934574
39.0,2501,58408.834628
28.0,2501,58418.665874
32.0,2501,58434.630078
43.0,2501,58445.956586
36.0,2501,58458.517456
33.0,2501,58470.497079
39.0,2501,58480.081961
39.0,2501,58496.893653
37.0,2501,58508.692537
34.0,2501,58519.904159
39.0,2501,58527.372463
41.0,2501,58542.53317
31.0,2501,58553.614818
41.0,2501,58564.298885
35.0,2501,58578.554281
32.0,2501,58615.015013
40.0,2501,58629.471532
34.0,2501,58643.274447
40.0,2501,58658.132104
39.0,2501,58667.894834
41.0,2501,58681.851068
40.0,2501,58694.565153
33.0,2501,58710.595843
29.0,2501,58725.395424
36.0,2501,58735.617256
39.0,2501,58749.466382
36.0,2501,58760.612547
30.0,2501,58771.894622
16.0,2501,58781.686925
38.0,2501,58800.592013
25.0,2501,58809.686249
41.0,2501,58819.951287
40.0,2501,58829.935645
33.0,2501,58839.472215
35.0,2501,58854.172248
49.0,2501,58869.158213
28.0,2501,58883.690852
36.0,2501,58895.178952
45.0,2501,58908.057998
37.0,2501,58919.598088
27.0,2501,58931.566375
36.0,2501,58943.285985
36.0,2501,58957.771324
34.0,2501,58975.749595
42.0,2501,58986.277167
38.0,2501,58998.378396
39.0,2501,59010.86091
41.0,2501,59025.108568
34.0,2501,59039.371156
38.0,2501,59054.393646
41.0,2501,59065.745303
43.0,2501,59073.549098
45.0,2501,59085.217249
36.0,2501,59096.164057
44.0,2501,59107.091352
38.0,2501,59144.672946
37.0,2501,59157.327946
37.0,2501,59174.829291
33.0,2501,59185.110507
33.0,2501,59197.419686
37.0,2501,59211.655663
34.0,2501,59226.329957
37.0,2501,59237.544155
39.0,2501,59250.161588
33.0,2501,59259.122804
38.0,2501,59271.381971
32.0,2501,59291.727473
28.0,2501,59303.856083
40.0,2501,59315.174429
36.0,2501,59325.176546
41.0,2501,59338.90218
39.0,2501,59351.665932
37.0,2501,59365.984171
28.0,2501,59375.104023
41.0,2501,59385.234895
31.0,2501,59400.990481
34.0,2501,59412.982388
34.0,2501,59428.848789
32.0,2501,59440.200623
37.0,2501,59454.056159
33.0,2501,59463.422951
27.0,2501,59472.320426
28.0,2501,59485.704376
35.0,2501,59498.693454
38.0,2501,59515.534518
37.0,2501,59530.533717
39.0,2501,59541.157487
23.0,2501,59554.944151
41.0,2501,59576.057148
37.0,2501,59590.965682
36.0,2501,59605.113529
23.0,2501,59615.041874
30.0,2501,59623.746449
22.0,2501,59643.477517
33.0,2501,59658.686811
47.0,2501,59693.535922
39.0,2501,59703.080199
35.0,2501,59720.291617
37.0,2501,59735.867935
42.0,2501,59748.925791
35.0,2501,59762.003551
36.0,2501,59774.783875
32.0,2501,59791.684105
33.0,2501,59804.477623
32.0,2501,59819.02264
36.0,2501,59832.701649
28.0,2501,59849.177989
38.0,2501,59861.150541
34.0,2501,59870.983875
37.0,2501,59883.605074
41.0,2501,59895.257535
29.0,2501,59914.026585
29.0,2501,59925.29712
39.0,2501,59936.305782
41.0,2501,59950.675032
29.0,2501,59971.635477
38.0,2501,59983.092473
39.0,2501,59992.168886
37.0,2501,60001.414854
33.0,2501,60013.7145
41.0,2501,60028.854881
28.0,2501,60039.583544
36.0,2501,60053.936523
38.0,2501,60065.223673
41.0,2501,60080.913947
35.0,2501,60090.552171
39.0,2501,60103.316496
36.0,2501,60114.389057
30.0,2501,60128.689585
31.0,2501,60149.357023
30.0,2501,60161.467686
31.0,2501,60170.498835
35.0,2501,60182.236826
32.0,2501,60202.860399
34.0,2501,60216.594963
32.0,2501,60252.895431
41.0,2501,60266.158592
36.0,2501,60276.747993
33.0,2501,60292.238457
35.0,2501,60305.182909
25.0,2501,60316.957651
26.0,2501,60327.138114
32.0,2501,60346.420118
36.0,2501,60358.259368
28.0,2501,60369.422776
36.0,2501,60383.160997
20.0,2501,60395.237888
30.0,2501,60411.743568
28.0,2501,60426.119237
36.0,2501,60439.526094
30.0,2501,60452.825518
33.0,2501,60465.300263
36.0,2501,60478.99993
27.0,2501,60489.433421
40.0,2501,60499.398866
39.0,2501,60513.855727
33.0,2501,60526.230646
38.0,2501,60542.07911
38.0,2501,60553.860237
41.0,2501,60562.759102
36.0,2501,60573.371811
27.0,2501,60589.701307
37.0,2501,60603.40653
36.0,2501,60616.186978
41.0,2501,60624.597779
33.0,2501,60637.995131
35.0,2501,60649.420755
34.0,2501,60662.577785
33.0,2501,60671.220912
32.0,2501,60681.518087
36.0,2501,60701.952137
37.0,2501,60711.631795
36.0,2501,60720.213059
25.0,2501,60728.798215
29.0,2501,60747.323091
43.0,2501,60786.953392
35.0,2501,60798.354814
28.0,2501,60810.984357
37.0,2501,60824.898346
35.0,2501,60844.731754
34.0,2501,60855.865964
37.0,2501,60868.435182
38.0,2501,60877.580217
33.0,2501,60895.141325
35.0,2501,60908.264232
30.0,2501,60922.485468
27.0,2501,60936.698322
40.0,2501,60945.920953
36.0,2501,60958.22928
38.0,2501,60971.768976
42.0,2501,60986.70453
33.0,2501,61000.671429
45.0,2501,61015.203849
34.0,2501,61027.814701
37.0,2501,61039.854889
36.0,2501,61052.391739
36.0,2501,61064.835068
45.0,2501,61082.832559
29.0,2501,61095.363947
35.0,2501,61102.414487
39.0,2501,61114.868232
36.0,2501,61128.55845
31.0,2501,61141.16946
43.0,2501,61158.008902
44.0,2501,61172.911984
36.0,2501,61184.613377
34.0,2501,61198.822251
41.0,2501,61210.450617
33.0,2501,61220.76791
41.0,2501,61232.450661
35.0,2501,61248.733213
38.0,2501,61261.078998
39.0,2501,61272.900922
38.0,2501,61285.610649
37.0,2501,61299.63107
34.0,2501,61348.672956
36.0,2501,61359.588361
35.0,2501,61370.534519
28.0,2501,61385.155716
37.0,2501,61400.593461
34.0,2501,61413.994434
41.0,2501,61422.882076
30.0,2501,61435.899363
29.0,2501,61448.932265
38.0,2501,61467.58195
32.0,2501,61482.533932
39.0,2501,61494.813657
37.0,2501,61507.563183
40.0,2501,61521.121181
31.0,2501,61530.701712
33.0,2501,61541.147699
35.0,2501,61555.543893
39.0,2501,61570.201245
39.0,2501,61583.831935
32.0,2501,61595.735775
33.0,2501,61611.085209
32.0,2501,61627.499917
33.0,2501,61643.776809
37.0,2501,61656.689222
32.0,2501,61669.550356
35.0,2501,61682.054074
35.0,2501,61696.265842
36.0,2501,61713.531262
32.0,2501,61727.596779
33.0,2501,61741.436556
39.0,2501,61751.275686
39.0,2501,61765.777614
34.0,2501,61778.28329
32.0,2501,61790.583043
38.0,2501,61802.246475
36.0,2501,61814.015801
31.0,2501,61828.629483
37.0,2501,61840.729652
32.0,2501,61851.091916
38.0,2501,61863.217052
35.0,2501,61909.148607
30.0,2501,61918.868916
33.0,2501,61935.942421
22.0,2501,61954.438545
34.0,2501,61967.993042
32.0,2501,61985.475331
40.0,2501,61998.030686
33.0,2501,62012.621643
37.0,2501,62028.195674
34.0,2501,62040.705613
33.0,2501,62058.795511
28.0,2501,62070.591989
21.0,2501,62083.715841
33.0,2501,62093.270825
37.0,2501,62107.538908
31.0,2501,62121.473728
34.0,2501,62134.284344
39.0,2501,62145.343501
36.0,2501,62157.56054
36.0,2501,62175.690639
35.0,2501,62190.265604
30.0,2501,62200.693053
38.0,2501,62212.500238
37.0,2501,62223.350643
37.0,2501,62231.766005
33.0,2501,62245.780607
41.0,2501,62257.463964
27.0,2501,62267.946058
41.0,2501,62283.408018
41.0,2501,62294.867502
31.0,2501,62305.191071
38.0,2501,62314.379441
34.0,2501,62329.550486
45.0,2501,62344.593678
25.0,2501,62355.017067
33.0,2501,62367.897456
36.0,2501,62380.289306
32.0,2501,62393.98579
37.0,2501,62406.279176
35.0,2501,62421.604211
22.0,2501,62457.123425
26.0,2501,62470.619866
31.0,2501,62481.268964
40.0,2501,62494.226698
28.0,2501,62510.097921
32.0,2501,62523.919313
29.0,2501,62539.16237
37.0,2501,62550.554103
26.0,2501,62562.599905
33.0,2501,62575.93377
34.0,2501,62593.602285
37.0,2501,62607.041239
25.0,2501,62618.990958
36.0,2501,62628.246403
31.0,2501,62640.815407
28.0,2501,62660.145692
41.0,2501,62674.831203
37.0,2501,62685.452246
39.0,2501,62697.5053
39.0,2501,62714.460289
36.0,2501,62726.939198
37.0,2501,62739.816597
33.0,2501,62750.355801
33.0,2501,62764.152689
37.0,2501,62778.488223
40.0,2501,62788.931328
34.0,2501,62798.126034
34.0,2501,62810.678838
35.0,2501,62827.296233
31.0,2501,62838.9065
37.0,2501,62851.312147
30.0,2501,62863.106923
37.0,2501,62874.117753
30.0,2501,62889.909469
34.0,2501,62904.718397
34.0,2501,62923.045534
24.0,2501,62934.277714
34.0,2501,62951.866865
37.0,2501,62965.819706
34.0,2501,62978.377316
33.0,2501,63024.514227
31.0,2501,63039.465095
33.0,2501,63056.321522
34.0,2501,63064.60752
37.0,2501,63076.865591
35.0,2501,63089.275467
29.0,2501,63104.579433
32.0,2501,63115.240118
31.0,2501,63129.741792
29.0,2501,63143.427212
30.0,2501,63154.702785
32.0,2501,63170.526284
38.0,2501,63180.646727
32.0,2501,63191.15164
37.0,2501,63205.402661
31.0,2501,63223.674276
39.0,2501,63236.729641
37.0,2501,63247.628041
29.0,2501,63260.034762
34.0,2501,63271.193623
38.0,2501,63286.420274
36.0,2501,63301.152874
41.0,2501,63314.250025
33.0,2501,63326.566842
35.0,2501,63339.000864
38.0,2501,63348.90594
37.0,2501,63358.824266
36.0,2501,63374.65421
33.0,2501,63389.483157
33.0,2501,63406.703732
29.0,2501,63419.147624
35.0,2501,63431.240581
32.0,2501,63445.566182
35.0,2501,63459.664554
33.0,2501,63478.866091
32.0,2501,63488.602437
37.0,2501,63500.469651
39.0,2501,63513.813524
38.0,2501,63528.498843
38.0,2501,63538.141206
