#{"t_start": 1708793258.406178, "env_id": "MiniGrid-DoorKey-5x5-v0"}
r,l,t
0.0,250,1.574111
0.0,250,1.615102
0.0,250,1.656951
0.0,250,1.698414
0.0,250,1.743275
0.0,250,1.784081
0.0,250,1.823976
0.0,250,1.868384
0.0,250,1.91919
0.0,250,1.963711
0.0,250,2.005396
0.0,250,2.045542
0.0,250,2.091307
0.0,250,2.131387
0.0,250,2.172895
0.0,250,2.215713
0.0,250,2.260559
0.0,250,2.299959
0.0,250,2.344441
0.0,250,2.385206
0.0,250,2.43253
0.0,250,2.478539
0.0,250,2.516872
0.0,250,2.562824
0.0,250,2.604227
0.0,250,2.64514
0.532,130,2.667749
0.0,250,2.707479
0.0,250,2.751429
0.0,250,2.789713
0.0,250,2.829756
0.0,250,2.873604
0.0,250,2.918009
0.0,250,2.957826
0.0,250,2.999184
0.4708,147,3.0236
0.0,250,3.066778
0.4168,162,3.095566
0.0,250,3.136352
0.0,250,3.177037
0.4852,143,3.204098
0.0,250,3.246587
0.0,250,3.290119
0.0,250,3.331891
0.0,250,3.374139
0.0,250,3.418117
0.0,250,3.458172
0.0,250,3.498991
0.0,250,3.541618
0.1792,228,3.57779
0.1108,247,3.619231
0.0,250,3.658412
0.0,250,3.704294
0.0,250,3.745854
0.0,250,3.785043
0.0,250,3.827549
0.0,250,3.870012
0.0,250,3.909382
0.0,250,3.955009
0.0,250,3.995817
0.0,250,4.040878
0.7444,71,4.053002
0.0,250,4.101788
0.0,250,4.150316
0.0,250,4.195255
0.0,250,4.239883
0.0,250,4.28057
0.0,250,4.316868
0.0,250,4.361146
0.2476,209,4.393003
0.0,250,4.434368
0.0,250,4.474859
0.0,250,4.516599
0.0,250,4.561206
0.0,250,4.602103
0.0,250,4.637507
0.0,250,4.681402
0.0,250,4.719457
0.0,250,4.76142
0.0,250,4.800865
0.0,250,4.841501
0.0,250,4.884259
0.0,250,4.925755
0.0,250,4.961867
0.0,250,5.007391
0.0,250,5.046432
0.0,250,5.086297
0.0,250,5.127465
0.0,250,5.167404
0.0,250,5.209807
0.0,250,5.252792
0.0,250,5.29753
0.0,250,5.341512
0.0,250,5.379763
0.0,250,5.422302
0.0,250,5.461618
0.0,250,5.506143
0.0,250,5.546061
0.0,250,5.584656
0.0,250,5.625897
0.0,250,5.668111
0.0,250,5.705674
0.0,250,5.748061
0.0,250,5.786787
0.0,250,5.830509
0.0,250,5.870354
0.334,185,5.897945
0.0,250,5.939404
0.0,250,5.981501
0.0,250,6.019741
0.0,250,6.061584
0.0,250,6.101941
0.0,250,6.14776
0.0,250,6.187976
0.0,250,6.228271
0.0,250,6.28054
0.6292,103,6.298937
0.0,250,6.338441
0.0,250,6.381494
0.0,250,6.422685
0.0,250,6.468513
0.0,250,6.513716
0.0,250,6.558462
0.0,250,6.609468
0.0,250,6.651267
0.0,250,6.690614
0.0,250,6.731944
0.3052,193,6.762719
0.0,250,6.805591
0.0,250,6.843613
0.0,250,6.883934
0.0,250,6.927007
0.0,250,6.969138
0.0,250,7.007676
0.0,250,7.049702
0.0,250,7.090614
0.0,250,7.135626
0.0,250,7.176049
0.0,250,7.214603
0.0,250,7.256576
0.0,250,7.299566
0.0,250,7.339088
0.0,250,7.383714
0.424,160,7.410242
0.0,250,7.457078
0.0,250,7.496711
0.0,250,7.534837
0.0,250,7.585138
0.0,250,7.630033
0.0,250,7.67224
0.0,250,7.712217
0.0,250,7.750875
0.0,250,7.795301
0.0,250,7.83439
0.0,250,7.873096
0.0,250,7.915225
0.0,250,7.956918
0.0,250,7.998909
0.0,250,8.039205
0.0,250,8.077605
0.0,250,8.12095
0.0,250,8.159046
0.0,250,8.19745
0.0,250,8.238345
0.0,250,8.280304
0.0,250,8.319821
0.0,250,8.361824
0.1756,229,8.398692
0.0,250,8.449053
0.0,250,8.489201
0.0,250,8.528781
0.0,250,8.571525
0.0,250,8.612072
0.0,250,8.650307
0.0,250,8.695306
0.0,250,8.733713
0.0,250,8.782634
0.0,250,8.823563
0.0,250,8.863109
0.0,250,8.906189
0.0,250,8.947288
0.0,250,8.985107
0.0,250,9.027464
0.0,250,9.06704
0.0,250,9.112947
0.0,250,9.15221
0.0,250,9.190424
0.0,250,9.231317
0.0,250,9.272633
0.3628,177,9.300352
0.0,250,9.341975
0.0,250,9.38082
0.0,250,9.426568
0.0,250,9.467463
0.0,250,9.507962
0.0,250,9.551937
0.0,250,9.594155
0.0,250,9.634552
0.0,250,9.677712
0.0,250,9.716516
0.0,250,9.762609
0.0,250,9.802137
0.0,250,9.843452
0.0,250,9.885561
0.4744,146,15.967543
0.0,250,16.296755
0.1108,247,16.567183
0.0,250,16.838969
0.0,250,17.154179
0.0,250,17.43311
0.0,250,17.713866
0.0,250,17.996014
0.0,250,18.31452
0.0,250,18.596186
0.0,250,18.853435
0.1288,242,19.122943
0.0,250,19.434015
0.0,250,19.718558
0.0,250,20.00836
0.0,250,20.291232
0.0,250,20.616783
0.0,250,20.901183
0.0,250,21.178277
0.0,250,21.494678
0.0,250,21.779152
0.0,250,22.074023
0.0,250,22.364103
0.0,250,22.654563
0.0,250,22.9754
0.0,250,23.254311
0.0,250,23.539579
0.0,250,23.82522
0.0,250,24.12805
0.0,250,24.414117
0.0,250,24.702478
0.0,250,25.008518
0.0,250,25.316349
0.0,250,25.60112
0.0,250,25.898369
0.0,250,26.19487
0.1792,228,26.454656
0.0,250,26.732033
0.0,250,27.017763
0.0,250,27.292421
0.0,250,27.602394
0.0,250,27.90208
0.0,250,28.216392
0.0,250,28.517408
0.7768,62,28.597278
0.0,250,28.886229
0.0,250,29.173086
0.0,250,29.455875
0.0,250,29.782492
0.0,250,30.056679
0.0,250,30.365457
0.0,250,30.640094
0.0,250,30.937874
0.0,250,31.212324
0.0,250,31.498893
0.0,250,31.792663
0.0,250,32.123986
0.0,250,32.428694
0.0,250,32.705543
0.0,250,32.985703
0.0,250,33.287746
0.3448,182,33.510055
0.0,250,33.797017
0.0,250,34.077716
0.0,250,34.411309
0.0,250,34.707806
0.0,250,34.996819
0.0,250,35.27867
0.0,250,35.615378
0.0,250,35.912516
0.0,250,36.179312
0.0,250,36.45755
0.0,250,36.78834
0.0,250,37.050694
0.0,250,37.304256
0.0,250,37.562897
0.55,125,37.712077
0.0,250,37.995065
0.0,250,38.254785
0.0,250,38.53411
0.0,250,38.824814
0.0,250,39.152694
0.0,250,39.435613
0.0,250,39.714972
0.0,250,39.999672
0.0,250,40.304404
0.0,250,40.600379
0.0,250,40.852529
0.0,250,41.159004
0.0,250,41.475302
0.0,250,41.755926
0.0,250,42.040528
0.154,235,42.319054
0.0,250,42.627219
0.0,250,42.925893
0.0,250,43.251262
0.0,250,43.573566
0.0,250,43.87727
0.0,250,44.175009
0.0,250,44.450713
0.6868,87,44.560134
0.0,250,44.875837
0.0,250,45.15322
0.0,250,45.447862
0.5284,131,45.614475
0.5536,124,45.750464
0.0,250,46.069718
0.0,250,46.34986
0.0,250,46.652721
0.2296,214,46.907977
0.154,235,47.200663
0.0,250,47.503009
0.0,250,47.794755
0.0,250,48.090084
0.0,250,48.410131
0.0,250,48.705151
0.0,250,49.018438
0.0,250,49.31959
0.0,250,49.618854
0.0,250,49.907805
0.0,250,50.19812
0.0,250,50.482097
0.0,250,50.805403
0.0,250,51.101422
0.0,250,51.396421
0.0,250,51.691544
0.0,250,52.000002
0.0,250,52.27855
0.0,250,52.568813
0.0,250,52.882614
0.0,250,53.199599
0.136,240,53.475382
0.0,250,53.763214
0.4636,149,53.957113
0.0,250,54.256546
0.0,250,54.545925
0.0,250,54.844779
0.0,250,55.158879
0.0,250,55.476914
0.0,250,55.76562
0.0,250,56.066235
0.0,250,56.383194
0.3844,171,56.582281
0.0,250,56.857098
0.0,250,57.155578
0.0,250,57.471773
0.3088,192,57.713662
0.0,250,58.004909
0.0,250,58.297391
0.0,250,58.611585
0.0,250,58.913371
0.4816,144,59.080521
0.0,250,59.383116
0.0,250,59.670832
0.676,90,59.779522
0.0,250,60.097199
0.0,250,60.399231
0.0,250,60.702737
0.0,250,61.00343
0.0,250,61.316171
0.0,250,61.609946
0.0,250,61.901162
0.0,250,62.219618
0.0,250,62.506666
0.0,250,62.808994
0.0,250,63.108675
0.0,250,63.420114
0.0,250,63.703824
0.0,250,64.010047
0.5032,138,64.179176
0.0,250,64.50588
0.0,250,64.813189
0.0,250,65.107183
0.0,250,65.413636
0.0,250,65.719185
0.0,250,66.001047
0.0,250,66.292414
0.0,250,66.593196
0.0,250,66.923924
0.262,205,67.166151
0.136,240,67.473994
0.2188,217,67.738367
0.0,250,68.038281
0.0,250,68.340655
0.3088,192,68.569971
0.0,250,68.867228
0.0,250,69.206256
0.0,250,69.520699
0.7984,56,69.604689
0.0,250,69.890292
0.0,250,70.188086
0.3412,183,70.410995
0.0,250,70.71577
0.0,250,71.00736
0.0,250,71.307768
0.0,250,71.664193
0.0,250,71.967513
0.0,250,72.251357
0.0,250,72.560019
0.0,250,72.867522
0.0,250,73.170082
0.0,250,73.489245
0.3196,189,73.736679
0.0,250,74.051191
0.0,250,74.353283
0.0,250,74.659849
0.0,250,74.969837
0.0,250,75.254537
0.1576,234,76.640549
0.0,250,76.942082
0.0,250,77.265851
0.0,250,77.56672
0.0,250,77.896101
0.0,250,78.19767
0.0,250,78.529651
0.0,250,78.822949
0.0,250,79.115856
0.0,250,79.416847
0.0,250,79.7298
0.0,250,80.052653
0.1108,247,80.358376
0.0,250,80.64204
0.244,210,80.922082
0.0,250,81.228384
0.0,250,81.521147
0.802,55,81.592529
0.0,250,81.914213
0.0,250,82.244993
0.0,250,82.548475
0.0,250,82.839278
0.0,250,83.163491
0.0,250,83.455811
0.0,250,83.749011
0.0,250,84.054339
0.0,250,84.386883
0.0,250,84.681063
0.0,250,84.985742
0.0,250,85.287374
0.0,250,85.615839
0.0,250,85.921936
0.0,250,86.241652
0.3448,182,86.471431
0.0,250,86.773384
0.0,250,87.054822
0.6256,104,87.192484
0.0,250,87.503355
0.7696,64,87.573326
0.0,250,87.896889
0.0,250,88.218304
0.0,250,88.518757
0.0,250,88.853963
0.0,250,89.141713
0.0,250,89.452657
0.0,250,89.759037
0.0,250,90.114084
0.0,250,90.414439
0.0,250,90.72334
0.0,250,91.039227
0.0,250,91.33963
0.0,250,91.635386
0.0,250,91.941757
0.0,250,92.262988
0.0,250,92.596519
0.0,250,92.888437
0.0,250,93.197694
0.0,250,93.509692
0.0,250,93.805717
0.1936,224,94.065147
0.2476,209,94.319605
0.0,250,94.647971
0.0,250,94.950992
0.0,250,95.255697
0.0,250,95.553463
0.0,250,95.881126
0.0,250,96.175487
0.0,250,96.490206
0.0,250,96.807896
0.0,250,97.211223
0.0,250,97.581871
0.1072,248,97.916332
0.0,250,98.245958
0.0,250,98.553198
0.4312,158,98.779473
0.0,250,99.083623
0.0,250,99.426128
0.0,250,99.735611
0.0,250,100.038461
0.1792,228,100.318904
0.0,250,100.657863
0.0,250,100.973066
0.3844,171,101.178339
0.586,115,101.322493
0.0,250,101.65478
0.0,250,101.961133
0.0,250,102.265366
0.0,250,102.559278
0.0,250,102.890708
0.0,250,103.189001
0.0,250,103.499287
0.0,250,103.804918
0.0,250,104.154901
0.0,250,104.446799
0.0,250,104.783351
0.0,250,105.100187
0.0,250,105.418388
0.0,250,105.705564
0.0,250,106.027163
0.0,250,106.361892
0.0,250,106.683371
0.0,250,106.988876
0.5608,122,107.135145
0.0,250,107.454165
0.0,250,107.758485
0.0,250,108.053519
0.0,250,108.367135
0.0,250,108.731949
0.388,170,108.9454
0.0,250,109.247782
0.0,250,109.563711
0.0,250,109.884167
0.0,250,110.195814
0.6148,107,110.344514
0.0,250,110.648606
0.0,250,110.99815
0.0,250,111.320131
0.0,250,111.628568
0.0,250,111.938809
0.0,250,112.255382
0.0,250,112.588526
0.0,250,112.904271
0.0,250,113.265909
0.0,250,113.573082
0.0,250,113.886593
0.0,250,114.181695
0.0,250,114.509547
0.4024,166,114.719435
0.0,250,115.043441
0.0,250,115.345589
0.0,250,115.681247
0.0,250,115.977819
0.0,250,116.291718
0.0,250,116.631152
0.0,250,117.009556
0.0,250,117.358483
0.0,250,117.721389
0.0,250,118.067599
0.0,250,118.37399
0.0,250,118.683935
0.0,250,119.031948
0.3916,169,119.226605
0.0,250,119.522327
0.0,250,119.81137
0.0,250,120.149297
0.0,250,120.473516
0.1648,232,120.760316
0.0,250,121.095265
0.0,250,121.432453
0.0,250,121.727488
0.0,250,122.036525
0.3628,177,122.244073
0.0,250,122.60114
0.0,250,122.900702
0.0,250,123.207638
0.0,250,123.55578
0.0,250,123.862349
0.0,250,124.169547
0.0,250,124.476634
0.4816,144,124.666234
0.0,250,125.011712
0.0,250,125.324124
0.0,250,125.652079
0.0,250,125.977374
0.0,250,126.290356
0.0,250,126.600661
0.0,250,126.906275
0.6364,101,127.047599
0.0,250,127.378736
0.0,250,127.703909
0.0,250,128.010608
0.0,250,128.328514
0.0,250,128.646535
0.0,250,128.951356
0.0,250,129.250537
0.0,250,129.620574
0.0,250,129.937668
0.0,250,130.254277
0.0,250,130.581108
0.0,250,130.893342
0.0,250,131.204261
0.0,250,131.515068
0.0,250,131.861361
0.0,250,132.175501
0.0,250,132.485798
0.0,250,132.801295
0.0,250,133.124936
0.0,250,133.432349
0.0,250,133.752629
0.1864,226,134.060702
0.0,250,134.377189
0.0,250,134.686356
0.0,250,134.992483
0.1,250,135.326571
0.0,250,135.641082
0.0,250,135.952356
0.0,250,136.25651
0.0,250,136.588796
0.3736,174,136.799235
0.0,250,137.097269
0.0,250,137.419161
0.0,250,137.767614
0.0,250,138.082991
0.0,250,138.392024
0.0,250,138.752559
0.0,250,139.073967
0.0,250,139.374933
0.0,250,139.711481
0.0,250,140.056023
0.0,250,140.361832
0.0,250,140.674346
0.0,250,141.009489
0.0,250,141.322789
0.0,250,141.622683
0.0,250,141.947305
0.0,250,142.28128
0.0,250,142.601175
0.0,250,142.925436
0.0,250,143.244493
0.0,250,143.586007
0.0,250,143.902376
0.0,250,144.222902
0.0,250,144.545102
0.0,250,144.858206
0.0,250,145.185365
0.0,250,145.512346
0.0,250,145.868469
0.0,250,146.191022
0.0,250,146.513189
0.0,250,146.858405
0.0,250,147.181601
0.0,250,147.50475
0.0,250,147.81311
0.0,250,148.18996
0.0,250,148.536452
0.0,250,148.840411
0.2908,197,149.115781
0.0,250,149.481704
0.0,250,149.802435
0.0,250,150.120511
0.1396,239,150.474104
0.712,80,150.578569
0.0,250,150.889205
0.0,250,151.199654
0.0,250,151.548234
0.0,250,151.849382
0.0,250,152.16743
0.0,250,152.483139
0.0,250,152.836408
0.0,250,153.144073
0.0,250,153.452576
0.0,250,153.784072
0.0,250,154.086187
0.856,40,154.144883
0.0,250,154.467246
0.0,250,154.791941
0.1504,236,155.119839
0.0,250,155.424894
0.0,250,155.749953
0.0,250,156.098635
0.0,250,156.448755
0.0,250,156.765136
0.0,250,157.087419
0.0,250,157.443248
0.0,250,157.758761
0.0,250,158.079345
0.0,250,158.444187
0.0,250,158.758587
0.0,250,159.082192
0.0,250,159.401139
0.0,250,159.762701
0.7156,79,159.856197
0.0,250,160.191981
0.1252,243,160.519113
0.0,250,160.846868
0.0,250,161.17128
0.5752,118,161.322536
0.0,250,161.637639
0.0,250,162.019976
0.0,250,162.350672
0.0,250,162.68784
0.0,250,163.019731
0.0,250,163.32669
0.0,250,163.655621
0.0,250,163.960096
0.0,250,164.298944
0.0,250,164.628692
0.0,250,164.939415
0.0,250,165.254046
0.0,250,165.584212
0.0,250,165.894683
0.0,250,166.212585
0.0,250,166.622477
0.0,250,166.977858
0.0,250,167.299837
0.0,250,167.627491
0.0,250,167.935225
0.0,250,168.24881
0.0,250,168.562883
0.0,250,168.950065
0.4888,142,169.162356
0.0,250,169.482483
0.0,250,169.799179
0.0,250,170.136051
0.0,250,170.465377
0.0,250,170.794824
0.0,250,171.145892
0.0,250,171.474593
0.0,250,171.799704
0.0,250,172.110987
0.0,250,172.436446
0.0,250,172.763769
0.0,250,173.097067
0.0,250,173.435608
0.0,250,173.771265
0.0,250,174.093297
0.0,250,174.419122
0.0,250,174.76099
0.208,220,175.06087
0.0,250,175.38561
0.0,250,175.731765
0.3988,167,175.960183
0.0,250,176.282974
0.1072,248,176.622072
0.1504,236,176.951069
0.0,250,177.259597
0.0,250,177.591553
0.0,250,177.905617
0.1288,242,178.257689
0.0,250,178.572131
0.0,250,178.899301
0.0,250,179.304772
0.0,250,179.63746
0.0,250,179.963882
0.0,250,180.278786
0.0,250,180.637527
0.0,250,180.976693
0.0,250,181.294548
0.0,250,181.631407
0.514,135,181.816748
0.0,250,182.142048
0.0,250,182.467239
0.0,250,182.819153
0.5248,132,182.981011
0.928,20,183.012268
0.0,250,183.370691
0.0,250,183.6783
0.0,250,184.021216
0.0,250,184.328501
0.1432,238,184.640028
0.226,215,184.919676
0.0,250,185.269921
0.0,250,185.608787
0.0,250,185.927012
0.0,250,186.265911
0.0,250,186.583557
0.0,250,186.900559
0.4204,161,187.110627
0.0,250,187.47783
0.0,250,187.796731
0.0,250,188.110832
0.0,250,188.457886
0.0,250,188.79615
0.0,250,189.113237
0.0,250,189.437521
0.0,250,189.794369
0.0,250,190.113467
0.3592,178,190.35003
0.1756,229,190.66726
0.0,250,191.007773
0.0,250,191.326858
0.0,250,191.652531
0.0,250,192.020884
0.0,250,192.348847
0.0,250,192.690287
0.0,250,193.02725
0.0,250,193.387771
0.0,250,193.717389
0.0,250,194.051958
0.0,250,194.400731
0.0,250,194.734405
0.0,250,195.060692
0.0,250,195.386057
0.0,250,195.71119
0.0,250,196.047656
0.19,225,196.342819
0.0,250,196.693649
0.0,250,197.038655
0.0,250,197.376019
0.5788,117,197.530242
0.0,250,197.861632
0.0,250,198.192249
0.0,250,198.525122
0.0,250,198.856908
0.0,250,199.211728
0.0,250,199.541226
0.0,250,199.881506
0.0,250,200.219452
0.0,250,200.544057
0.0,250,200.871256
0.0,250,201.214796
0.1684,231,201.540762
0.0,250,201.872455
0.244,210,202.149055
0.0,250,202.486493
0.0,250,202.813959
0.0,250,203.122664
0.0,250,203.451898
0.0,250,203.833344
0.0,250,204.165992
0.0,250,204.485006
0.0,250,204.825285
0.0,250,205.15736
0.0,250,205.483916
0.0,250,205.839231
0.0,250,206.201309
0.0,250,207.580559
0.0,250,207.962368
0.0,250,208.340553
0.0,250,208.676766
0.0,250,208.999372
0.3376,184,209.240742
0.0,250,209.589624
0.0,250,209.911502
0.0,250,210.265014
0.0,250,210.626527
0.0,250,210.952074
0.0,250,211.275379
0.0,250,211.631211
0.0,250,211.988019
0.1036,249,212.334598
0.0,250,212.662114
0.1,250,213.026552
0.0,250,213.354347
0.0,250,213.690416
0.0,250,214.044954
0.0,250,214.416358
0.0,250,214.75853
0.0,250,215.100037
0.0,250,215.457452
0.2224,216,215.740908
0.5608,122,215.899823
0.0,250,216.247166
0.0,250,216.607845
0.0,250,216.932942
0.0,250,217.250508
0.0,250,217.612558
0.0,250,217.952047
0.0,250,218.300217
0.0,250,218.668044
0.3304,186,218.906346
0.0,250,219.237687
0.0,250,219.572172
0.0,250,219.959537
0.0,250,220.290881
0.0,250,220.637951
0.0,250,220.993865
0.0,250,221.325032
0.1036,249,221.652658
0.0,250,221.981975
0.0,250,222.355485
0.0,250,222.689998
0.0,250,223.018506
0.0,250,223.393185
0.0,250,223.73803
0.0,250,224.065464
0.0,250,224.374306
0.0,250,224.740787
0.0,250,225.075169
0.0,250,225.412009
0.0,250,225.759604
0.2944,196,226.01953
0.0,250,226.364504
0.0,250,226.712876
0.0,250,227.088198
0.0,250,227.420594
0.0,250,227.755179
0.0,250,228.109193
0.0,250,228.439547
0.0,250,228.788442
0.0,250,229.159898
0.0,250,229.495672
0.0,250,229.83018
0.0,250,230.158042
0.0,250,230.509394
0.0,250,230.851378
0.0,250,231.177664
0.478,145,231.389243
0.0,250,231.751154
0.0,250,232.081137
0.0,250,232.403357
0.0,250,232.753565
0.0,250,233.10127
0.0,250,233.439308
0.0,250,233.808887
0.0,250,234.143759
0.0,250,234.469884
0.1036,249,234.822872
0.0,250,235.16588
0.0,250,235.488992
0.0,250,235.823542
0.1864,226,236.159803
0.0,250,236.500406
0.0,250,236.838223
0.0,250,237.184274
0.0,250,237.510771
0.0,250,237.836493
0.0,250,238.179993
0.6436,99,238.332419
0.0,250,238.683174
0.5104,136,238.865728
0.0,250,239.207536
0.2188,217,239.512429
0.0,250,239.853747
0.0,250,240.195068
0.0,250,240.531157
0.0,250,240.894169
0.0,250,241.249169
0.0,250,241.64396
0.0,250,242.018115
0.0,250,242.359741
0.0,250,242.695702
0.0,250,243.046246
0.0,250,243.393901
0.0,250,243.742236
0.0,250,244.101459
0.0,250,244.427217
0.0,250,244.761848
0.0,250,245.100581
0.0,250,245.479667
0.0,250,245.812174
0.0,250,246.148249
0.0,250,246.498935
0.0,250,246.826822
0.0,250,247.157276
0.0,250,247.516584
0.0,250,247.893346
0.0,250,248.225014
0.0,250,248.563895
0.0,250,248.923888
0.0,250,249.274813
0.0,250,249.61796
0.2584,206,249.92744
0.0,250,250.287866
0.0,250,250.627012
0.0,250,250.964344
0.0,250,251.335412
0.0,250,251.67375
0.0,250,252.021502
0.0,250,252.393124
0.0,250,252.732526
0.0,250,253.057502
0.0,250,253.421441
0.0,250,253.768902
0.0,250,254.101142
0.0,250,254.43469
0.0,250,254.83124
0.0,250,255.166642
0.2872,198,255.435941
0.0,250,255.822049
0.0,250,256.174684
0.0,250,256.506096
0.0,250,256.862178
0.0,250,257.214369
0.0,250,257.56549
0.0,250,257.92829
0.0,250,258.275695
0.0,250,258.631069
0.0,250,258.979909
0.0,250,259.344774
0.0,250,259.696742
0.0,250,260.052102
0.0,250,260.404096
0.0,250,260.737109
0.0,250,261.064142
0.0,250,261.393707
0.0,250,261.770465
0.0,250,262.126076
0.0,250,262.468765
0.0,250,262.828852
0.0,250,263.173654
0.0,250,263.51502
0.1108,247,263.906492
0.4744,146,264.105914
0.0,250,264.457039
0.0,250,264.797218
0.0,250,265.143059
0.6832,88,265.26463
0.0,250,265.603034
0.0,250,265.955909
0.0,250,266.333115
0.0,250,266.682146
0.0,250,267.012996
0.0,250,267.382991
0.0,250,267.722185
0.3628,177,267.996598
0.0,250,268.446652
0.0,250,268.822097
0.0,250,269.160752
0.0,250,269.503315
0.0,250,269.866612
0.0,250,270.210176
0.0,250,270.54562
0.2836,199,270.857869
0.0,250,271.193532
0.0,250,271.53384
0.0,250,271.90078
0.0,250,272.264123
0.0,250,272.594472
0.0,250,272.94398
0.0,250,273.304033
0.0,250,273.652949
0.0,250,273.98931
0.0,250,274.361048
0.0,250,274.705943
0.0,250,275.051547
0.0,250,275.410699
0.0,250,275.772006
0.0,250,276.105401
0.0,250,276.456687
0.0,250,276.816646
0.0,250,277.153677
0.0,250,277.511979
0.3232,188,277.788272
0.0,250,278.139005
0.7768,62,278.216858
0.154,235,278.545573
0.0,250,278.911384
0.0,250,279.250243
0.0,250,279.615103
0.0,250,279.959203
0.0,250,280.344527
0.0,250,280.706083
0.0,250,281.062325
0.0,250,281.431525
0.0,250,281.781849
0.0,250,282.128405
0.0,250,282.504105
0.0,250,282.847406
0.0,250,283.192189
0.0,250,283.57199
0.0,250,283.943537
0.0,250,284.272243
0.0,250,284.623525
0.0,250,285.026216
0.0,250,285.365729
0.0,250,285.71381
0.0,250,286.093905
0.0,250,286.432502
0.0,250,286.796286
0.0,250,287.175477
0.2512,208,287.452249
0.0,250,287.809758
0.0,250,288.177523
0.244,210,288.459096
0.0,250,288.807832
0.0,250,289.158817
0.0,250,289.529427
0.0,250,289.877116
0.0,250,290.227532
0.0,250,290.595117
0.0,250,290.938365
0.0,250,291.292058
0.0,250,291.657348
0.0,250,292.042277
0.0,250,292.406517
0.0,250,292.766695
0.0,250,293.133238
0.0,250,293.485527
0.0,250,293.81483
0.0,250,294.192715
0.0,250,294.544169
0.0,250,294.913209
0.0,250,295.264244
0.0,250,295.593409
0.0,250,295.938187
0.0,250,296.304195
0.0,250,296.652778
0.2224,216,296.969841
0.0,250,297.325619
0.0,250,297.700045
0.0,250,298.038494
0.0,250,298.388789
0.0,250,298.769001
0.0,250,299.159432
0.0,250,299.496309
0.0,250,299.871566
0.0,250,300.222571
0.0,250,300.572497
0.0,250,300.926174
0.0,250,301.312219
0.0,250,301.64946
0.0,250,301.996085
0.0,250,302.35879
0.0,250,302.704995
0.0,250,303.064702
0.7696,64,303.181293
0.0,250,303.568547
0.0,250,303.920819
0.0,250,304.263478
0.0,250,304.632828
0.0,250,304.985703
0.0,250,305.350324
0.0,250,305.740996
0.0,250,306.085173
0.0,250,306.448162
0.0,250,306.818795
0.0,250,307.170766
0.0,250,307.554565
0.0,250,307.93338
0.0,250,308.290134
0.0,250,308.62716
0.0,250,308.992601
0.0,250,309.356653
0.0,250,309.725618
0.0,250,310.091656
0.0,250,310.478041
0.0,250,310.831517
0.0,250,311.172634
0.0,250,311.538094
0.0,250,311.902562
0.0,250,312.259409
0.0,250,312.630843
0.0,250,312.978266
0.0,250,313.335967
0.0,250,313.720017
0.4168,162,313.934738
0.0,250,314.29821
0.0,250,314.675546
0.0,250,315.058787
0.0,250,315.413428
0.0,250,315.772012
0.0,250,316.167732
0.0,250,316.539283
0.0,250,316.904523
0.0,250,317.276053
0.0,250,317.650595
0.0,250,317.988309
0.0,250,318.360572
0.0,250,318.720559
0.0,250,319.078629
0.3556,179,319.337292
0.0,250,319.724725
0.0,250,320.060793
0.0,250,320.430596
0.0,250,320.807166
0.0,250,321.187052
0.0,250,321.536101
0.0,250,321.935977
0.0,250,322.272643
0.0,250,322.618246
0.0,250,323.010223
0.0,250,323.356128
0.0,250,323.711704
0.0,250,324.102618
0.0,250,324.445092
0.0,250,324.817904
0.0,250,325.188802
0.0,250,325.554006
0.0,250,325.91402
0.0,250,326.281564
0.0,250,326.669894
0.0,250,327.040148
0.0,250,327.389225
0.0,250,327.767309
0.0,250,328.131249
0.0,250,328.478378
0.0,250,328.878532
0.0,250,329.24898
0.0,250,329.603096
0.0,250,329.975039
0.0,250,330.332625
0.0,250,330.68778
0.0,250,331.046516
0.0,250,331.422108
0.0,250,331.759147
0.0,250,332.141975
0.0,250,332.502703
0.1288,242,332.842748
0.0,250,333.182687
0.0,250,333.583174
0.4924,141,333.783157
0.0,250,334.146951
0.0,250,334.515068
0.0,250,334.874022
0.0,250,335.208312
0.0,250,335.56104
0.0,250,335.9503
0.0,250,336.330819
0.0,250,336.682055
0.0,250,337.056452
0.0,250,337.419328
0.0,250,337.792606
0.0,250,338.192725
0.0,250,338.577241
0.0,250,338.922088
0.0,250,339.291673
0.0,250,339.658983
0.0,250,340.035812
0.0,250,340.435751
0.0,250,340.800843
0.0,250,341.164582
0.0,250,341.550183
0.0,250,341.896882
0.0,250,342.273755
0.0,250,342.683568
0.0,250,343.04479
0.0,250,343.414546
0.0,250,343.79059
0.0,250,344.151381
0.0,250,344.525968
0.0,250,344.875911
0.0,250,345.283923
0.0,250,345.651201
0.0,250,346.01538
0.0,250,346.379724
0.0,250,346.768671
0.0,250,347.116457
0.0,250,347.512402
0.5536,124,347.690194
0.0,250,348.047797
0.0,250,348.408057
0.604,110,348.582042
0.0,250,348.953636
0.0,250,349.320267
0.0,250,349.707201
0.0,250,351.109547
0.0,250,351.469713
0.0,250,351.832392
0.0,250,352.225839
0.0,250,352.589305
0.0,250,352.938791
0.0,250,353.330315
0.0,250,353.686921
0.0,250,354.030634
0.0,250,354.406228
0.0,250,354.763191
0.0,250,355.129866
0.3556,179,355.418207
0.0,250,355.774184
0.0,250,356.116971
0.0,250,356.485345
0.0,250,356.923653
0.0,250,357.331381
0.0,250,357.756531
0.0,250,358.151428
0.0,250,358.507443
0.0,250,358.887752
0.0,250,359.284265
0.0,250,359.662765
0.352,180,359.908603
0.0,250,360.278139
0.0,250,360.640532
0.0,250,361.001377
0.0,250,361.40276
0.0,250,361.766176
0.0,250,362.125999
0.0,250,362.488024
0.0,250,362.85006
0.0,250,363.21837
0.0,250,363.612989
0.0,250,363.986373
0.2152,218,364.301271
0.5392,128,364.494426
0.0,250,364.87669
0.0,250,365.243348
0.0,250,365.584896
0.6904,86,365.706895
0.0,250,366.11241
0.0,250,366.477939
0.0,250,366.836316
0.0,250,367.216082
0.0,250,367.587359
0.4528,152,367.810631
0.0,250,368.192872
0.0,250,368.571036
0.0,250,368.939857
0.0,250,369.311795
0.0,250,369.702851
0.0,250,370.072657
0.0,250,370.446804
0.0,250,370.829144
0.0,250,371.18987
0.0,250,371.555674
0.532,130,371.75677
0.0,250,372.112416
0.0,250,372.470706
0.0,250,372.852517
0.0,250,373.230653
0.0,250,373.591234
0.0,250,373.964673
0.0,250,374.314837
0.0,250,374.689229
0.0,250,375.054903
0.0,250,375.456776
0.0,250,375.824547
0.0,250,376.207847
0.0,250,376.562301
0.0,250,376.926348
0.0,250,377.28493
0.0,250,377.692678
0.0,250,378.061179
0.0,250,378.428097
0.0,250,378.792773
0.0,250,379.1703
0.118,245,379.524602
0.0,250,379.942878
0.0,250,380.291611
0.0,250,380.665286
0.0,250,381.048681
0.0,250,381.447203
0.0,250,381.897488
0.0,250,382.345262
0.0,250,382.69947
0.0,250,383.058498
0.0,250,383.440984
0.0,250,383.829762
0.0,250,384.197016
0.208,220,384.538
0.0,250,384.907771
0.0,250,385.267893
0.0,250,385.671177
0.0,250,386.05319
0.0,250,386.419414
0.0,250,386.816047
0.0,250,387.192175
0.0,250,387.559624
0.0,250,387.958272
0.3628,177,388.222286
0.4672,148,388.433282
0.0,250,388.799295
0.0,250,389.197341
0.0,250,389.580663
0.1144,246,389.971019
0.0,250,390.362693
0.0,250,390.725186
0.0,250,391.092622
0.0,250,391.465875
0.0,250,391.835523
0.0,250,392.215281
0.0,250,392.603166
0.0,250,392.966926
0.0,250,393.335378
0.0,250,393.700659
0.0,250,394.101733
0.0,250,394.479947
0.0,250,394.857719
0.3484,181,395.122851
0.0,250,395.50167
0.0,250,395.874495
0.0,250,396.281756
0.0,250,396.649876
0.0,250,397.026075
0.0,250,397.406266
0.1684,231,397.737766
0.0,250,398.10139
0.0,250,398.517957
0.0,250,398.893895
0.0,250,399.247412
0.0,250,399.618257
0.0,250,399.987597
0.0,250,400.351534
0.0,250,400.749283
0.0,250,401.119148
0.0,250,401.503397
0.0,250,401.883359
0.0,250,402.249008
0.2044,221,402.594781
0.64,100,402.754166
0.0,250,403.168418
0.0,250,403.533636
0.0,250,403.898517
0.0,250,404.298212
0.0,250,404.682536
0.0,250,405.049515
0.0,250,405.452046
0.3556,179,405.711754
0.0,250,406.079997
0.0,250,406.472008
0.0,250,406.836628
0.0,250,407.225833
0.0,250,407.581875
0.0,250,407.98364
0.0,250,408.346764
0.0,250,408.745603
0.0,250,409.100533
0.0,250,409.496367
0.0,250,409.857587
0.0,250,410.270717
0.0,250,410.635701
0.0,250,411.018589
0.0,250,411.413748
0.0,250,411.80496
0.0,250,412.176971
0.0,250,412.573913
0.0,250,412.950535
0.0,250,413.31901
0.0,250,413.722073
0.0,250,414.094524
0.0,250,414.462374
0.0,250,414.884153
0.0,250,415.242497
0.0,250,415.626181
0.0,250,416.018727
0.0,250,416.384063
0.0,250,416.746768
0.0,250,417.171696
0.0,250,417.549592
0.0,250,417.932023
0.0,250,418.334096
0.0,250,418.7235
0.0,250,419.094291
0.0,250,419.503211
0.0,250,419.875978
0.7048,82,419.993647
0.0,250,420.379894
0.0,250,420.750494
0.0,250,421.137037
0.0,250,421.515556
0.0,250,421.923803
0.0,250,422.305212
0.0,250,422.713931
0.0,250,423.095602
0.0,250,423.466868
0.0,250,423.859878
0.0,250,424.241371
0.0,250,424.641379
0.0,250,425.017421
0.0,250,425.421278
0.0,250,425.797852
0.0,250,426.177038
0.0,250,426.56282
0.0,250,426.962436
0.0,250,427.360663
0.0,250,427.729688
0.0,250,428.106143
0.0,250,428.51206
0.0,250,428.906315
0.0,250,429.303237
0.0,250,429.674946
0.0,250,430.063605
0.0,250,430.428371
0.37,175,430.684895
0.0,250,431.102345
0.0,250,431.493634
0.0,250,431.852905
0.0,250,432.260558
0.0,250,432.634547
0.0,250,433.009374
0.0,250,433.438804
0.0,250,433.819364
0.0,250,434.187319
0.0,250,434.58373
0.0,250,434.953775
0.0,250,435.322571
0.0,250,435.744592
0.0,250,436.115002
0.0,250,436.500812
0.0,250,436.889071
0.802,55,436.972081
0.0,250,437.365278
0.0,250,437.790533
0.0,250,438.164874
0.0,250,438.53322
0.0,250,438.929273
0.1792,228,439.273935
0.0,250,439.669013
0.0,250,440.070131
0.0,250,440.481779
0.0,250,440.855751
0.0,250,441.255153
0.0,250,441.625503
0.0,250,442.034316
0.0,250,442.432043
0.0,250,442.817953
0.0,250,443.195397
0.0,250,443.606597
0.0,250,443.978576
0.0,250,444.37186
0.0,250,444.773645
0.0,250,445.161823
0.0,250,445.536739
0.0,250,445.951747
0.0,250,446.350778
0.0,250,446.73026
0.0,250,447.13381
0.0,250,447.511582
0.0,250,447.886568
0.0,250,448.313094
0.0,250,448.712489
0.0,250,449.089693
0.0,250,449.4997
0.0,250,449.896502
0.0,250,450.271583
0.0,250,450.685616
0.0,250,451.06756
0.0,250,451.462749
0.0,250,451.874818
0.0,250,452.267582
0.0,250,452.649044
0.0,250,453.057869
0.0,250,453.424096
0.0,250,453.819582
0.0,250,454.236729
0.0,250,454.6395
0.0,250,455.047354
0.0,250,455.431685
0.0,250,455.809348
0.0,250,456.20429
0.0,250,456.618048
0.0,250,457.004936
0.0,250,457.409715
0.0,250,457.795497
0.0,250,458.175897
0.0,250,458.594872
0.0,250,458.997655
0.0,250,459.398251
0.0,250,459.802886
0.0,250,460.184652
0.0,250,460.567223
0.0,250,460.981852
0.0,250,461.357015
0.0,250,461.741446
0.0,250,462.14046
0.0,250,462.546835
0.0,250,462.913643
0.0,250,463.32185
0.0,250,463.710758
0.0,250,464.102392
0.0,250,464.516347
0.0,250,464.897112
0.0,250,465.27132
0.0,250,465.699907
0.0,250,466.084177
0.0,250,466.465323
0.0,250,466.878865
0.0,250,467.281263
0.0,250,467.685173
0.0,250,468.101046
0.0,250,468.443261
0.0,250,468.823564
0.0,250,469.205947
0.0,250,469.555698
0.0,250,469.909783
0.0,250,470.332169
0.0,250,470.688388
0.0,250,471.040205
0.0,250,471.41635
0.0,250,471.790254
0.0,250,472.159761
0.0,250,472.570715
0.0,250,472.936093
0.0,250,473.321624
0.0,250,473.714818
0.0,250,474.072404
0.0,250,474.492124
0.0,250,474.924681
0.0,250,475.281009
0.0,250,475.646667
0.0,250,476.045254
0.0,250,476.443228
0.0,250,476.839318
0.0,250,477.252784
0.0,250,477.607934
0.586,115,477.778813
0.0,250,478.13775
0.0,250,478.499191
0.0,250,478.875072
0.0,250,479.269735
0.0,250,479.795913
0.0,250,480.17913
0.0,250,480.584157
0.0,250,480.991599
0.0,250,481.374434
0.0,250,481.750955
0.0,250,482.158976
0.0,250,482.557901
0.0,250,482.956368
0.0,250,483.441305
0.0,250,483.842165
0.0,250,484.300187
0.0,250,484.85588
0.0,250,485.405014
0.0,250,485.873004
0.1288,242,486.293949
0.0,250,486.725102
0.0,250,487.179229
0.0,250,487.627495
0.0,250,488.057997
0.0,250,488.527807
0.0,250,489.011951
0.0,250,489.460906
0.0,250,489.900709
0.0,250,490.302231
0.0,250,490.696787
0.0,250,491.107772
0.0,250,491.534776
0.0,250,491.937531
0.0,250,492.340201
0.0,250,492.728847
0.0,250,493.136512
0.0,250,493.585208
0.0,250,494.002528
0.0,250,494.395225
0.0,250,494.799558
0.0,250,495.178859
0.0,250,495.57805
0.0,250,496.012637
0.0,250,496.409906
0.0,250,496.807643
0.0,250,497.212471
0.0,250,497.630539
0.0,250,498.022867
0.0,250,498.452078
0.0,250,498.846056
0.0,250,499.259059
0.0,250,499.666572
0.0,250,500.075987
0.0,250,500.511429
0.0,250,500.898644
0.0,250,501.32061
0.0,250,501.752432
0.0,250,502.138141
0.0,250,502.526589
0.0,250,502.972339
0.0,250,503.355784
0.0,250,503.747976
0.0,250,504.160245
0.0,250,504.547664
0.0,250,504.950125
0.0,250,505.363311
0.0,250,505.766783
0.0,250,506.182341
0.0,250,507.61149
0.0,250,508.015216
0.0,250,508.424635
0.0,250,508.831821
0.0,250,509.233514
0.0,250,509.626447
0.0,250,510.105612
0.0,250,510.508105
0.0,250,510.922848
0.0,250,511.323289
0.0,250,511.71373
0.0,250,512.153954
0.0,250,512.554936
0.0,250,512.938378
0.0,250,513.363117
0.0,250,513.767271
0.0,250,514.188421
0.0,250,514.608747
0.0,250,515.005253
0.0,250,515.410391
0.0,250,515.829797
0.0,250,516.231426
0.0,250,516.623817
0.0,250,517.089718
0.0,250,517.478911
0.0,250,517.923311
0.0,250,518.330922
0.0,250,518.731287
0.0,250,519.165221
0.0,250,519.552667
0.0,250,519.979537
0.0,250,520.398827
0.0,250,520.793511
0.0,250,521.178869
0.0,250,521.606371
0.0,250,522.006629
0.0,250,522.440882
0.0,250,522.834571
0.0,250,523.22478
0.0,250,523.649068
0.0,250,524.055278
0.0,250,524.475944
0.0,250,524.887539
0.0,250,525.286405
0.0,250,525.683294
0.0,250,526.107589
0.0,250,526.530489
0.0,250,526.922884
0.0,250,527.354073
0.0,250,527.743255
0.0,250,528.146016
0.0,250,528.602573
0.0,250,529.013109
0.0,250,529.414796
0.0,250,529.824328
0.0,250,530.221002
0.0,250,530.667145
0.0,250,531.073209
0.0,250,531.462691
0.0,250,531.885476
0.0,250,532.28681
0.0,250,532.696298
0.0,250,533.137146
0.0,250,533.538148
0.0,250,533.934602
0.0,250,534.337668
0.0,250,534.755365
0.0,250,535.172548
0.0,250,535.604035
0.0,250,536.004666
0.0,250,536.410561
0.0,250,536.821217
0.0,250,537.22142
0.0,250,537.660753
0.0,250,538.064524
0.0,250,538.464706
0.0,250,538.893174
0.0,250,539.279674
0.0,250,539.686784
0.0,250,540.102854
0.0,250,540.509505
0.0,250,540.912859
0.0,250,541.333443
0.0,250,541.809763
0.0,250,542.36328
0.0,250,542.769979
0.0,250,543.185045
0.0,250,543.599101
0.0,250,544.010154
0.0,250,544.408075
0.0,250,544.858254
0.0,250,545.269885
0.0,250,545.673179
0.0,250,546.084684
0.0,250,546.487317
0.0,250,546.911846
0.0,250,547.315976
0.0,250,547.710683
0.0,250,548.126809
0.0,250,548.539286
0.0,250,548.934828
0.0,250,549.393834
0.0,250,549.790213
0.0,250,550.197413
0.0,250,550.620771
0.0,250,551.016301
0.0,250,551.434318
0.0,250,551.872544
0.0,250,552.272604
0.0,250,552.685598
0.0,250,553.086195
0.0,250,553.492062
0.0,250,553.940624
0.0,250,554.336234
0.0,250,554.745488
0.0,250,555.155082
0.0,250,555.577461
0.0,250,555.966321
0.0,250,556.396638
0.0,250,556.811192
0.0,250,557.207962
0.0,250,557.627251
0.0,250,558.017911
0.0,250,558.441489
0.0,250,558.872037
0.0,250,559.278316
0.0,250,559.708091
0.0,250,560.123269
0.0,250,560.51619
0.0,250,560.9381
0.0,250,561.340391
0.0,250,561.748973
0.0,250,562.172964
0.0,250,562.59079
0.0,250,562.984911
0.0,250,563.431969
0.0,250,563.850881
0.0,250,564.271827
0.0,250,564.672086
0.0,250,565.066303
0.0,250,565.501495
0.0,250,565.909542
0.0,250,566.31155
0.0,250,566.731219
0.0,250,567.14121
0.0,250,567.566042
0.0,250,568.085763
0.0,250,568.502914
0.0,250,568.932985
0.0,250,569.325329
0.0,250,569.743063
0.0,250,570.184626
0.0,250,570.584664
0.0,250,570.990103
0.0,250,571.405695
0.0,250,571.816595
0.0,250,572.244043
0.0,250,572.670023
0.0,250,573.073214
0.0,250,573.480841
0.0,250,573.892164
0.0,250,574.314686
0.0,250,574.74702
0.0,250,575.153825
0.0,250,575.55403
0.0,250,575.985011
0.0,250,576.406117
0.0,250,576.810778
0.0,250,577.240149
0.0,250,577.638587
0.0,250,578.054127
0.0,250,578.480423
0.0,250,578.901425
0.0,250,579.323772
0.0,250,579.739094
0.0,250,580.14953
0.0,250,580.578763
0.0,250,580.983175
0.0,250,581.383488
0.0,250,581.800692
0.0,250,582.212483
0.0,250,582.623154
0.0,250,583.06036
0.0,250,583.479838
0.0,250,583.888395
0.0,250,584.31573
0.0,250,584.713032
0.0,250,585.131467
0.0,250,585.539654
0.0,250,585.964163
0.0,250,586.411344
0.0,250,586.83058
0.0,250,587.245974
0.0,250,587.667744
0.0,250,588.069031
0.0,250,588.46929
0.0,250,588.9319
0.0,250,589.336432
0.0,250,589.752251
0.0,250,590.143225
0.0,250,590.554885
0.0,250,590.980733
0.0,250,591.40967
0.0,250,591.809852
0.0,250,592.226984
0.0,250,592.632261
0.0,250,593.075274
0.0,250,593.533519
0.0,250,593.943404
0.0,250,594.35107
0.0,250,594.755492
0.0,250,595.179102
0.0,250,595.608902
0.0,250,596.030345
0.0,250,596.43575
0.0,250,596.864968
0.0,250,597.277489
0.0,250,597.673815
0.0,250,598.119043
0.0,250,598.525258
0.0,250,598.931037
0.0,250,599.351451
0.0,250,599.754848
0.0,250,600.181661
0.0,250,600.606377
0.0,250,601.011708
0.0,250,601.433127
0.0,250,601.845661
0.0,250,602.257653
0.0,250,602.6947
0.0,250,603.117372
0.0,250,603.53662
0.0,250,603.962277
0.0,250,604.371972
0.0,250,604.794816
0.0,250,605.245148
0.0,250,605.656278
0.0,250,606.085647
0.0,250,606.48984
0.0,250,606.913565
0.0,250,607.356002
0.0,250,607.76609
0.0,250,608.170336
0.0,250,608.600563
0.0,250,609.042183
0.0,250,609.455413
0.0,250,609.914401
0.0,250,610.334217
0.0,250,610.755643
0.0,250,611.183279
0.0,250,611.603989
0.0,250,612.047751
0.0,250,612.464586
0.0,250,612.879
0.0,250,613.330639
0.0,250,613.762301
0.0,250,614.195327
0.0,250,614.643497
0.0,250,615.105551
0.0,250,615.582025
0.0,250,616.000495
0.0,250,616.373693
0.0,250,616.810216
0.0,250,617.240981
0.0,250,617.704754
0.0,250,618.111761
0.0,250,618.556624
0.0,250,619.050005
0.0,250,619.507075
0.0,250,619.977163
0.0,250,620.400785
0.0,250,620.827724
0.0,250,621.279462
0.0,250,621.713273
0.0,250,622.150828
0.0,250,622.59021
0.0,250,623.00199
0.0,250,623.421045
0.0,250,623.876159
0.0,250,624.306013
0.0,250,624.732022
0.0,250,625.147859
0.0,250,625.557235
0.0,250,626.006922
0.0,250,626.443357
0.0,250,626.861979
0.0,250,627.281975
0.0,250,627.696964
0.0,250,628.146479
0.0,250,628.573805
0.0,250,628.993416
0.0,250,629.41598
0.0,250,629.825185
0.0,250,630.236001
0.0,250,630.695508
0.0,250,631.114672
0.0,250,631.547171
0.0,250,631.977605
0.0,250,632.399788
0.0,250,632.868355
0.0,250,633.285944
0.0,250,633.697971
0.0,250,634.136669
0.0,250,634.567232
0.0,250,635.037101
0.0,250,635.594516
0.0,250,636.240181
0.0,250,636.677521
0.0,250,637.117898
0.0,250,637.594811
0.0,250,638.043442
0.0,250,638.461638
0.0,250,638.877399
0.0,250,639.312972
0.0,250,639.77857
0.0,250,640.233341
0.0,250,640.653501
0.0,250,641.114452
0.0,250,641.537364
0.0,250,641.976562
0.0,250,642.429709
0.0,250,642.87815
0.0,250,643.326579
0.0,250,643.891119
0.0,250,644.338543
0.0,250,644.801327
0.0,250,645.224951
0.0,250,645.680121
0.0,250,646.090275
0.0,250,646.498655
0.0,250,646.974787
0.0,250,647.399343
0.0,250,647.837732
0.0,250,648.262599
0.0,250,648.712667
0.0,250,649.174836
0.0,250,649.610353
0.0,250,650.065767
0.0,250,650.499068
0.0,250,650.941781
0.0,250,651.392351
0.0,250,651.821307
0.0,250,652.276434
0.0,250,652.752309
0.0,250,653.203027
0.0,250,653.662849
0.0,250,654.123632
0.0,250,654.586996
0.0,250,655.063997
0.0,250,655.48507
0.0,250,655.932849
0.0,250,656.407384
0.0,250,656.855989
0.0,250,657.299534
0.0,250,657.815537
0.0,250,658.449805
0.0,250,658.986238
0.0,250,659.524077
0.0,250,660.030246
0.0,250,660.571692
0.0,250,661.130805
0.0,250,661.639419
0.0,250,662.142145
0.0,250,662.652586
0.0,250,663.178493
0.0,250,663.657395
0.0,250,664.152057
0.0,250,664.648753
0.0,250,665.165857
0.0,250,665.674856
0.0,250,666.145658
0.0,250,666.623035
0.0,250,667.093774
0.0,250,667.555535
0.0,250,668.045834
0.0,250,668.505158
0.0,250,669.02046
0.0,250,669.468899
0.0,250,669.904598
0.0,250,670.36258
0.0,250,670.815206
0.0,250,671.274973
0.0,250,671.7098
0.0,250,672.151602
0.0,250,672.611998
0.0,250,673.046395
0.0,250,673.48123
0.0,250,673.926923
0.0,250,674.364387
0.0,250,674.832985
0.0,250,675.266347
0.0,250,675.696776
0.0,250,676.15633
0.0,250,676.580616
0.0,250,677.017988
0.0,250,677.461995
0.0,250,677.893107
0.0,250,678.350644
0.0,250,678.778148
0.0,250,679.229842
0.0,250,680.789898
0.0,250,681.221721
0.0,250,681.710997
0.0,250,682.181303
0.0,250,682.628633
0.0,250,683.066122
0.0,250,683.510863
0.0,250,683.955549
0.0,250,684.436198
0.0,250,684.87252
0.0,250,685.310699
0.0,250,685.754334
0.0,250,686.183653
0.0,250,686.656729
0.0,250,687.091312
0.0,250,687.538786
0.0,250,687.964804
0.0,250,688.388178
0.0,250,688.872059
0.0,250,689.33361
0.0,250,689.828393
0.0,250,690.284262
0.0,250,690.757991
0.0,250,691.28224
0.0,250,691.718006
0.0,250,692.154096
0.0,250,692.601942
0.0,250,693.032265
0.0,250,693.513799
0.0,250,693.953191
0.0,250,694.370696
0.0,250,694.836822
0.0,250,695.260954
0.0,250,695.704023
0.0,250,696.174447
0.0,250,696.606503
0.0,250,697.05767
0.0,250,697.489448
0.0,250,697.954066
0.0,250,698.432887
0.0,250,698.901743
0.0,250,699.373196
0.0,250,699.817701
0.0,250,700.291045
0.0,250,700.77625
0.0,250,701.217808
0.0,250,701.761979
0.0,250,702.255567
0.0,250,702.720577
0.0,250,703.227393
0.0,250,703.75342
0.0,250,704.230012
0.0,250,704.682815
0.0,250,705.147861
0.0,250,705.599307
0.0,250,706.062003
0.0,250,706.669716
0.0,250,707.069899
0.0,250,707.532427
0.0,250,707.933269
0.0,250,708.340803
0.0,250,708.773876
0.0,250,709.171164
0.0,250,709.593958
0.0,250,710.022981
0.0,250,710.434777
0.0,250,710.862269
0.0,250,711.289612
0.0,250,711.704711
0.0,250,712.141181
0.0,250,712.559881
0.0,250,712.98918
0.0,250,713.397875
0.0,250,713.839542
0.0,250,714.246726
0.0,250,714.719166
0.0,250,715.144693
0.0,250,715.565887
0.0,250,715.988999
0.0,250,716.40165
0.0,250,716.857539
0.0,250,717.31357
0.0,250,717.874318
0.0,250,718.682925
0.0,250,719.311508
0.0,250,719.740056
0.0,250,720.205638
0.0,250,720.657346
0.0,250,721.064967
0.0,250,721.552795
0.0,250,721.992175
0.0,250,722.489574
0.0,250,722.936184
0.0,250,723.360049
0.0,250,723.862749
0.0,250,724.359127
0.0,250,724.897394
0.0,250,725.438141
0.0,250,726.076857
0.0,250,726.639683
0.0,250,727.163942
0.0,250,727.606548
0.0,250,728.046371
0.0,250,728.522791
0.0,250,728.943191
0.0,250,729.371896
0.0,250,729.784716
0.0,250,730.235444
0.0,250,730.635278
0.0,250,731.078241
0.0,250,731.473628
0.0,250,731.948004
0.0,250,732.442464
0.0,250,733.096468
0.0,250,733.545797
0.0,250,733.95774
0.0,250,734.422185
0.0,250,734.901092
0.0,250,735.425354
0.0,250,735.902574
0.0,250,736.361501
0.0,250,736.878071
0.0,250,737.366813
0.0,250,737.871355
0.0,250,738.357968
0.0,250,738.855851
0.0,250,739.332136
0.0,250,739.807727
0.0,250,740.280639
0.0,250,740.707827
0.0,250,741.131999
0.0,250,741.553281
0.0,250,741.964451
0.0,250,742.372133
0.0,250,742.807388
0.0,250,743.251254
0.0,250,743.679408
0.0,250,744.077651
0.0,250,744.488993
0.0,250,744.944001
0.0,250,745.369218
0.0,250,745.770736
0.0,250,746.218802
0.0,250,746.718378
0.0,250,747.262697
0.0,250,747.766375
0.0,250,748.271052
0.0,250,748.767584
0.0,250,749.243039
0.0,250,749.78319
0.0,250,750.290403
0.0,250,750.790721
0.0,250,751.266381
0.0,250,751.764821
0.0,250,752.268048
0.0,250,752.76028
0.0,250,753.268207
0.0,250,753.790277
0.0,250,754.325694
0.0,250,754.812861
0.0,250,755.330798
0.0,250,755.823613
0.0,250,756.330817
0.0,250,756.865231
0.0,250,757.372526
0.0,250,757.867681
0.0,250,758.363368
0.0,250,758.881772
0.0,250,759.364354
0.0,250,759.855888
0.0,250,760.3165
0.0,250,760.795402
0.0,250,761.301882
0.0,250,761.76267
0.0,250,762.264335
0.0,250,762.761023
0.0,250,763.240675
0.0,250,763.739046
0.0,250,764.208981
0.0,250,764.653943
0.0,250,765.070977
0.0,250,765.484087
0.0,250,765.938447
0.0,250,766.353367
0.0,250,766.751528
0.0,250,767.185344
0.0,250,767.591072
0.0,250,768.032973
0.0,250,768.52629
0.0,250,769.004319
0.0,250,769.537351
0.0,250,770.041068
0.0,250,770.555709
0.0,250,771.033882
0.0,250,771.534759
0.0,250,772.000025
0.0,250,772.513579
0.0,250,773.031595
0.0,250,773.531968
0.0,250,774.055195
0.0,250,774.544136
0.0,250,775.036637
0.0,250,775.568219
0.0,250,776.098797
0.0,250,776.611492
0.0,250,777.107282
0.0,250,777.634186
0.0,250,778.156793
0.0,250,778.672899
0.0,250,779.165047
0.0,250,779.651675
0.0,250,780.216262
0.0,250,780.713716
0.0,250,781.234644
0.0,250,781.724461
0.0,250,782.272156
0.0,250,782.79576
0.0,250,783.290922
0.0,250,783.795083
0.0,250,784.285154
0.0,250,784.810401
0.0,250,785.274913
0.0,250,785.762756
0.0,250,786.230149
0.0,250,786.725285
0.0,250,787.197395
0.0,250,787.655383
0.0,250,788.136211
0.0,250,788.617965
0.0,250,789.060864
0.0,250,789.501494
0.0,250,789.938369
0.0,250,790.378103
0.0,250,790.781856
0.0,250,791.198205
0.0,250,791.636484
0.0,250,792.069802
0.0,250,792.57107
0.0,250,793.067501
0.0,250,793.614755
0.0,250,794.126158
0.0,250,794.642227
0.0,250,795.135086
0.0,250,795.598281
0.0,250,796.130635
0.0,250,796.603649
0.0,250,797.123621
0.0,250,797.606805
0.0,250,798.092347
0.0,250,798.66073
0.0,250,799.191671
0.0,250,799.739985
0.0,250,800.219702
0.0,250,800.701141
0.0,250,801.240726
0.0,250,801.758444
0.0,250,802.281879
0.0,250,802.793143
0.0,250,803.335046
0.0,250,803.857823
0.0,250,804.330666
0.0,250,804.815139
0.0,250,805.374983
0.0,250,805.888756
0.0,250,806.372024
0.0,250,806.864479
0.0,250,807.373215
0.0,250,807.920941
0.0,250,808.419845
0.0,250,808.924397
0.0,250,809.412891
0.0,250,809.894294
0.0,250,810.402215
0.0,250,810.887114
0.0,250,811.38814
0.0,250,811.895546
0.0,250,812.393516
0.0,250,812.881213
0.0,250,813.34767
0.0,250,813.839013
0.0,250,814.308091
0.0,250,814.80813
0.0,250,815.296396
0.0,250,815.807164
0.0,250,816.320569
0.0,250,816.822765
0.0,250,817.359252
0.0,250,817.844306
0.0,250,818.356589
0.0,250,818.838111
0.0,250,819.343613
0.0,250,819.845964
0.0,250,820.318982
0.0,250,820.822664
0.0,250,821.371068
0.0,250,821.901021
0.0,250,822.411549
0.0,250,822.920583
0.0,250,823.432273
0.0,250,823.944937
0.0,250,824.478254
0.0,250,824.969897
0.0,250,825.52071
0.0,250,825.982464
0.0,250,826.517545
0.0,250,826.996716
0.0,250,827.466524
0.0,250,827.979787
0.0,250,828.475409
0.0,250,829.015171
0.0,250,829.519287
0.0,250,830.03525
0.0,250,830.554169
0.0,250,831.077008
0.0,250,831.541603
0.0,250,832.031279
0.0,250,832.510066
0.0,250,832.966938
0.0,250,833.468151
0.0,250,833.955443
0.0,250,834.474381
0.0,250,834.98716
0.0,250,835.510024
0.0,250,836.037828
0.0,250,836.571684
0.0,250,837.107587
0.0,250,837.607095
0.0,250,838.130719
0.0,250,838.630776
0.0,250,839.102438
0.0,250,839.702503
0.0,250,840.19958
0.0,250,840.729978
0.0,250,841.189903
0.0,250,841.665212
0.0,250,842.132315
0.0,250,842.597711
0.0,250,843.108473
0.0,250,843.580216
0.0,250,844.057607
0.0,250,844.527601
0.0,250,845.019564
0.0,250,845.44055
0.0,250,845.857452
0.0,250,846.285268
0.0,250,846.68385
0.0,250,847.1149
0.0,250,847.608923
0.0,250,848.0875
0.0,250,848.589146
0.0,250,849.092376
0.0,250,849.590616
0.0,250,850.206417
0.0,250,850.745557
0.0,250,851.239395
0.0,250,851.768745
0.0,250,852.283071
0.0,250,852.841417
0.0,250,853.340866
0.0,250,853.841361
0.0,250,854.572445
0.0,250,855.11394
0.0,250,855.614059
0.0,250,856.106853
0.0,250,856.614605
0.0,250,857.149098
0.0,250,857.635917
0.0,250,858.110783
0.0,250,858.581247
0.0,250,859.067223
0.0,250,859.612409
0.0,250,860.104436
0.0,250,860.618457
0.0,250,861.131456
0.0,250,861.587045
0.0,250,861.993469
0.0,250,862.430126
0.0,250,862.885461
0.0,250,863.300962
0.0,250,863.809103
0.0,250,864.227467
0.0,250,864.687794
0.0,250,865.260508
0.0,250,865.74923
0.0,250,866.200682
0.0,250,866.657978
0.0,250,867.229983
0.0,250,867.718978
0.0,250,868.188807
0.0,250,868.758813
0.0,250,869.249528
0.0,250,869.782072
0.0,250,870.307994
0.0,250,870.859112
0.0,250,871.362651
0.0,250,871.88548
0.0,250,872.351824
0.0,250,872.837785
0.0,250,873.383126
0.0,250,873.875775
0.0,250,875.594547
0.0,250,876.129883
0.0,250,876.614068
0.0,250,877.082489
0.5068,137,877.344589
0.0,250,877.85815
0.0,250,878.325325
0.0,250,878.799063
0.0,250,879.270686
0.0,250,879.744957
0.0,250,880.249108
0.0,250,880.711349
0.0,250,881.106635
0.0,250,881.543796
0.0,250,881.972269
0.0,250,882.403736
0.0,250,882.825687
0.0,250,883.240912
0.0,250,883.67267
0.0,250,884.119974
0.0,250,884.516295
0.0,250,885.074973
0.0,250,885.584095
0.0,250,886.065635
0.0,250,886.52759
0.0,250,886.989814
0.0,250,887.488794
0.0,250,887.95514
0.0,250,888.457755
0.0,250,888.922739
0.0,250,889.444664
0.0,250,889.9531
0.0,250,890.442475
0.0,250,891.015072
0.0,250,891.529884
0.0,250,892.074085
0.0,250,892.585726
0.0,250,893.068475
0.0,250,893.538536
0.0,250,894.174901
0.0,250,894.701907
0.0,250,895.215603
0.0,250,895.697467
0.0,250,896.166826
0.0,250,896.665305
0.0,250,897.198947
0.0,250,897.857924
0.0,250,898.374846
0.0,250,898.986315
0.0,250,899.493499
0.0,250,900.015474
0.0,250,900.571846
0.0,250,901.033319
0.0,250,901.567782
0.0,250,902.035082
0.0,250,902.518935
0.0,250,903.004101
0.0,250,903.517789
0.0,250,904.034396
0.0,250,904.514095
0.0,250,905.061004
0.0,250,905.609823
0.0,250,906.172685
0.0,250,906.661908
0.0,250,907.163442
0.0,250,907.647968
0.0,250,908.199514
0.0,250,908.739175
0.0,250,909.227117
0.0,250,909.72025
0.0,250,910.237652
0.0,250,910.784771
0.0,250,911.258038
0.0,250,911.736715
0.0,250,912.218812
0.0,250,912.718873
0.0,250,913.266575
0.0,250,913.788265
0.0,250,914.285967
0.0,250,914.954333
0.0,250,915.554093
0.0,250,916.062826
0.0,250,916.587848
0.0,250,917.122147
0.0,250,917.669207
0.0,250,918.204674
0.0,250,918.682769
0.0,250,919.208044
0.0,250,919.714005
0.0,250,920.223357
0.0,250,920.699851
0.0,250,921.222996
0.0,250,921.684207
0.0,250,922.150519
0.0,250,922.643816
0.0,250,923.170706
0.0,250,923.707996
0.0,250,924.178101
0.0,250,924.712884
0.0,250,925.200949
0.0,250,925.687487
0.0,250,926.185844
0.0,250,926.675838
0.0,250,927.244407
0.0,250,927.74461
0.0,250,928.225309
0.0,250,928.68011
0.0,250,929.146214
0.0,250,929.666523
0.0,250,930.131335
0.0,250,930.608796
0.0,250,931.071441
0.0,250,931.602676
0.0,250,932.255779
0.0,250,932.76425
0.0,250,933.258179
0.0,250,933.813184
0.0,250,934.372216
0.0,250,934.850814
0.0,250,935.326828
0.0,250,935.821481
0.0,250,936.432536
0.0,250,936.920569
0.0,250,937.403
0.0,250,937.882639
0.0,250,938.371323
0.0,250,938.919483
0.0,250,939.418911
0.0,250,939.921347
0.0,250,940.406778
0.0,250,940.87671
0.0,250,941.380181
0.0,250,941.855971
0.0,250,942.333631
0.0,250,942.795764
0.0,250,943.280325
0.0,250,943.778285
0.0,250,944.251627
0.0,250,944.730253
0.0,250,945.203836
0.0,250,945.69164
0.0,250,946.186981
0.0,250,946.650028
0.0,250,947.138733
0.0,250,947.611813
0.0,250,948.145995
0.0,250,948.609436
0.0,250,949.133975
0.0,250,949.720518
0.0,250,950.195804
0.0,250,950.754327
0.0,250,951.262016
0.0,250,951.732026
0.0,250,952.232631
0.0,250,952.7867
0.0,250,953.27
0.0,250,953.76546
0.0,250,954.249176
0.0,250,954.744853
0.0,250,955.286243
0.0,250,955.758451
0.0,250,956.261137
0.0,250,956.758842
0.0,250,957.273584
0.0,250,957.802368
0.0,250,958.296426
0.0,250,958.759357
0.0,250,959.238057
0.0,250,959.762563
0.0,250,960.252946
0.0,250,960.769601
0.0,250,961.273274
0.0,250,961.766601
0.0,250,962.324771
0.0,250,962.825536
0.0,250,963.30151
0.0,250,963.761718
0.0,250,964.241317
0.0,250,964.755408
0.0,250,965.21713
0.0,250,965.694374
0.0,250,966.153524
0.0,250,966.642108
0.0,250,967.12959
0.0,250,967.571653
0.0,250,968.060686
0.0,250,968.52164
0.0,250,969.011456
0.0,250,969.517705
0.0,250,970.029458
0.0,250,970.448689
0.0,250,970.903003
0.0,250,971.397787
0.0,250,971.900457
0.0,250,972.382919
0.0,250,972.940387
0.0,250,973.421265
0.0,250,973.863133
0.0,250,974.268931
0.0,250,974.737782
0.0,250,975.201848
0.0,250,975.743948
0.0,250,976.269478
0.0,250,976.71051
0.0,250,977.20209
0.0,250,977.741072
0.0,250,978.204531
0.0,250,978.721023
0.0,250,979.205216
0.0,250,979.692535
0.0,250,980.159616
0.0,250,980.728338
0.0,250,981.241037
0.0,250,981.752558
0.0,250,982.277881
0.0,250,982.786966
0.0,250,983.303573
0.0,250,983.843473
0.0,250,984.323595
0.0,250,984.79979
0.0,250,985.276915
0.0,250,985.774235
0.0,250,986.25465
0.0,250,986.777698
0.0,250,987.293115
0.0,250,987.846945
0.0,250,988.331011
0.0,250,988.836807
0.0,250,989.351202
0.0,250,989.805021
0.0,250,990.408931
0.0,250,990.865373
0.0,250,991.394732
0.0,250,991.931042
0.0,250,992.560683
0.0,250,993.039133
0.0,250,993.554146
0.0,250,994.020551
0.0,250,994.498123
0.0,250,995.085445
0.0,250,995.561127
0.0,250,996.049953
0.0,250,996.501703
0.0,250,997.007603
0.0,250,997.579276
0.0,250,998.131676
0.0,250,998.628526
0.0,250,999.137272
0.0,250,999.666898
0.0,250,1000.198326
0.0,250,1000.691842
0.0,250,1001.27361
0.0,250,1001.929325
0.0,250,1002.464433
0.0,250,1002.989182
0.0,250,1003.479862
0.0,250,1003.991162
0.0,250,1004.532709
0.0,250,1004.992372
0.0,250,1005.474966
0.0,250,1005.963878
0.0,250,1006.473801
0.0,250,1006.984336
0.0,250,1007.485359
0.0,250,1008.011533
0.0,250,1008.523017
0.0,250,1009.043526
0.0,250,1009.573605
0.0,250,1010.09363
0.0,250,1010.645455
0.0,250,1011.138016
0.0,250,1011.674745
0.0,250,1012.175965
0.0,250,1012.662546
0.0,250,1013.157821
0.0,250,1013.692142
0.0,250,1014.230032
0.0,250,1014.754016
0.0,250,1015.254361
0.0,250,1015.751625
0.0,250,1016.293236
0.0,250,1016.781759
0.0,250,1017.251232
0.0,250,1017.735856
0.0,250,1018.241546
0.0,250,1018.744081
0.0,250,1019.264678
0.0,250,1019.781261
0.0,250,1020.311532
0.0,250,1020.882818
0.4096,164,1021.184159
0.0,250,1021.657327
0.0,250,1022.135522
0.0,250,1022.609879
0.0,250,1023.118162
0.0,250,1023.612752
0.0,250,1024.115196
0.0,250,1024.579436
0.0,250,1025.145438
0.0,250,1025.642124
0.0,250,1026.141382
0.0,250,1026.623561
0.0,250,1027.151094
0.0,250,1027.707146
0.0,250,1028.184864
0.0,250,1028.673348
0.0,250,1029.184683
0.0,250,1029.696309
0.0,250,1030.202318
0.0,250,1030.665182
0.0,250,1031.15822
0.0,250,1031.639472
0.0,250,1032.172463
0.0,250,1032.641038
0.0,250,1033.150035
0.0,250,1033.642421
0.0,250,1034.113108
0.0,250,1034.609799
0.0,250,1035.107605
0.0,250,1035.606678
0.0,250,1036.123146
0.0,250,1036.621919
0.0,250,1037.19042
0.0,250,1037.692297
0.0,250,1038.154141
0.0,250,1038.592551
0.0,250,1039.053988
0.0,250,1039.55191
0.0,250,1039.985723
0.0,250,1040.407999
0.0,250,1040.839573
0.0,250,1041.320354
0.0,250,1041.787517
0.0,250,1042.234273
0.0,250,1042.649872
0.0,250,1043.050783
0.0,250,1043.473267
0.0,250,1043.904347
0.0,250,1044.366667
0.0,250,1044.809524
0.0,250,1045.236519
0.0,250,1045.651362
0.0,250,1046.078132
0.0,250,1046.519162
0.0,250,1046.955171
0.0,250,1047.430517
0.0,250,1047.888604
0.0,250,1048.346817
0.0,250,1048.842947
0.0,250,1049.275093
0.0,250,1049.724729
0.0,250,1050.154823
0.0,250,1050.560187
0.0,250,1051.011626
0.0,250,1051.418224
0.0,250,1051.838468
0.0,250,1052.242443
0.0,250,1052.649676
0.0,250,1053.086541
0.0,250,1053.50003
0.0,250,1053.933294
0.0,250,1054.371687
0.0,250,1054.825325
0.0,250,1055.309372
0.0,250,1055.785778
0.0,250,1056.207621
0.0,250,1056.646676
0.0,250,1057.05786
0.0,250,1057.478813
0.0,250,1057.953906
0.0,250,1058.400663
0.0,250,1058.92253
0.0,250,1059.38148
0.0,250,1059.859429
0.0,250,1060.33457
0.0,250,1060.799199
0.0,250,1061.279959
0.0,250,1061.721762
0.0,250,1062.155794
0.0,250,1062.60487
0.0,250,1063.056087
0.0,250,1063.51773
0.0,250,1063.9765
0.0,250,1064.512857
0.0,250,1065.033649
0.0,250,1065.502023
0.0,250,1065.959641
0.0,250,1066.427771
0.0,250,1066.850185
0.0,250,1067.33323
0.0,250,1067.764356
0.0,250,1068.225381
0.0,250,1068.664705
0.0,250,1069.14533
0.0,250,1069.596703
0.0,250,1069.996327
0.0,250,1070.432177
0.0,250,1070.827939
0.0,250,1071.215261
0.0,250,1071.62327
0.0,250,1072.059473
0.0,250,1073.444951
0.0,250,1073.85009
0.0,250,1074.293397
0.0,250,1074.702379
0.0,250,1075.103228
0.0,250,1075.508423
0.0,250,1075.912036
0.0,250,1076.310438
0.0,250,1076.722478
0.0,250,1077.160475
0.0,250,1077.595005
0.0,250,1078.003888
0.0,250,1078.412677
0.0,250,1078.868679
0.0,250,1079.303555
0.0,250,1079.733479
0.0,250,1080.166712
0.0,250,1080.592271
0.0,250,1081.052003
0.0,250,1081.488342
0.0,250,1081.902397
0.0,250,1082.339664
0.0,250,1082.773764
0.0,250,1083.185953
0.0,250,1083.655646
0.0,250,1084.085962
0.0,250,1084.577231
0.0,250,1085.042411
0.0,250,1085.488407
0.0,250,1086.015631
0.0,250,1086.438158
0.0,250,1086.908003
0.0,250,1087.370055
0.0,250,1088.025082
0.0,250,1088.580826
0.0,250,1089.035586
0.0,250,1089.451128
0.0,250,1089.892867
0.0,250,1090.328147
0.0,250,1090.772373
0.0,250,1091.189262
0.0,250,1091.62551
0.0,250,1092.084247
0.0,250,1092.510237
0.0,250,1092.95866
0.0,250,1093.383356
0.0,250,1093.814086
0.0,250,1094.272341
0.0,250,1094.696079
0.0,250,1095.165607
0.7696,64,1095.293739
0.0,250,1095.746233
0.0,250,1096.230462
0.0,250,1096.682585
0.0,250,1097.175617
0.0,250,1097.667079
0.0,250,1098.121301
0.0,250,1098.59094
0.0,250,1099.059412
0.0,250,1099.510099
0.0,250,1100.120411
0.0,250,1100.645836
0.0,250,1101.090377
0.0,250,1101.522975
0.0,250,1102.055147
0.0,250,1102.582586
0.0,250,1103.160213
0.0,250,1103.676075
0.0,250,1104.208464
0.0,250,1104.779874
0.0,250,1105.326989
0.0,250,1105.86711
0.0,250,1106.393621
0.0,250,1106.952114
0.0,250,1107.497952
0.0,250,1108.00263
0.0,250,1108.475505
0.0,250,1108.967027
0.0,250,1109.528997
0.0,250,1110.043995
0.0,250,1110.608425
0.0,250,1111.130877
0.0,250,1111.671661
0.0,250,1112.167966
0.0,250,1112.693598
0.0,250,1113.21513
0.0,250,1113.734289
0.0,250,1114.271505
0.0,250,1114.81167
0.0,250,1115.331954
0.0,250,1115.856483
0.0,250,1116.375674
0.0,250,1116.859484
0.0,250,1117.373596
0.0,250,1117.869043
0.0,250,1118.44738
0.0,250,1119.001179
0.0,250,1119.503229
0.0,250,1119.996487
0.0,250,1120.472303
0.0,250,1120.983803
0.0,250,1121.461441
0.0,250,1122.000544
0.0,250,1122.506346
0.0,250,1123.040828
0.0,250,1123.572437
0.0,250,1124.088809
0.0,250,1124.610162
0.0,250,1125.095024
0.0,250,1125.6368
0.0,250,1126.124486
0.0,250,1126.59903
0.0,250,1127.089653
0.0,250,1127.571
0.0,250,1128.089329
0.0,250,1128.566073
0.0,250,1129.06396
0.0,250,1129.536986
0.0,250,1130.03088
0.0,250,1130.534603
0.0,250,1131.028889
0.0,250,1131.521436
0.0,250,1132.004317
0.0,250,1132.516392
0.0,250,1132.989824
0.0,250,1133.493893
0.0,250,1133.98772
0.0,250,1134.533468
0.0,250,1135.102117
0.0,250,1135.636022
0.0,250,1136.181259
0.0,250,1136.720535
0.0,250,1137.285452
0.0,250,1137.813273
0.0,250,1138.334395
0.0,250,1138.866108
0.0,250,1139.356609
0.0,250,1139.886293
0.0,250,1140.403827
0.0,250,1140.934173
0.0,250,1141.457234
0.0,250,1142.023339
0.0,250,1142.571002
0.0,250,1143.093484
0.0,250,1143.577804
0.0,250,1144.084292
0.0,250,1144.611881
0.0,250,1145.17194
0.0,250,1145.694978
0.0,250,1146.236086
0.0,250,1146.791272
0.0,250,1147.323889
0.0,250,1147.864368
0.0,250,1148.388107
0.0,250,1148.936013
0.0,250,1149.443646
0.0,250,1149.944881
0.0,250,1150.46417
0.0,250,1151.024158
0.0,250,1151.522249
0.0,250,1152.008695
0.0,250,1152.481808
0.0,250,1152.972121
0.0,250,1153.47355
0.0,250,1153.973739
0.0,250,1154.485363
0.0,250,1155.062192
0.0,250,1155.594191
0.0,250,1156.166304
0.0,250,1156.666685
0.0,250,1157.220036
0.0,250,1157.69107
0.0,250,1158.199789
0.0,250,1158.696605
0.0,250,1159.218871
0.0,250,1159.737699
0.0,250,1160.279643
0.0,250,1160.859661
0.0,250,1161.401865
0.0,250,1161.933016
0.0,250,1162.450992
0.0,250,1162.984131
0.0,250,1163.502948
0.0,250,1164.034819
0.0,250,1164.528416
0.0,250,1165.015149
0.0,250,1165.520194
0.0,250,1166.002892
0.0,250,1166.492154
0.0,250,1166.964053
0.0,250,1167.497962
0.0,250,1168.078882
0.0,250,1168.570617
0.0,250,1169.054039
0.0,250,1169.583222
0.0,250,1170.134878
0.0,250,1170.674126
0.0,250,1171.16344
0.0,250,1171.646554
0.0,250,1172.144823
0.0,250,1172.623483
0.0,250,1173.096801
0.0,250,1173.625448
0.0,250,1174.148902
0.0,250,1174.699376
0.0,250,1175.18952
0.0,250,1175.685817
0.0,250,1176.155134
0.0,250,1176.646515
0.0,250,1177.127901
0.0,250,1177.703364
0.0,250,1178.206536
0.0,250,1178.653977
0.0,250,1179.144484
0.0,250,1179.592199
0.0,250,1180.042665
0.0,250,1180.486301
0.0,250,1180.930038
0.0,250,1181.504274
0.0,250,1182.017227
0.0,250,1182.542175
0.0,250,1183.07902
0.0,250,1183.58859
0.0,250,1184.096046
0.0,250,1184.574662
0.0,250,1185.071673
0.0,250,1185.562947
0.0,250,1186.078126
0.0,250,1186.550285
0.0,250,1187.027606
0.0,250,1187.533135
0.0,250,1188.038126
0.0,250,1188.602428
0.0,250,1189.090184
0.0,250,1189.605071
0.0,250,1190.193901
0.0,250,1190.740514
0.0,250,1191.216082
0.0,250,1191.75877
0.0,250,1192.281831
0.0,250,1192.79396
0.0,250,1193.329347
0.0,250,1193.847835
0.0,250,1194.384667
0.0,250,1194.914414
0.0,250,1195.464614
0.0,250,1195.933423
0.0,250,1196.435098
0.0,250,1196.905794
0.0,250,1197.370008
0.0,250,1197.944103
0.0,250,1198.468777
0.0,250,1198.996899
0.0,250,1199.478002
0.0,250,1200.007622
0.0,250,1200.542214
0.0,250,1201.055461
0.0,250,1201.569893
0.0,250,1202.086849
0.0,250,1202.6708
0.0,250,1203.162818
0.0,250,1203.65636
0.0,250,1204.207813
0.0,250,1204.750108
0.0,250,1205.230802
0.0,250,1205.721277
0.0,250,1206.222056
0.0,250,1206.737956
0.0,250,1207.275922
0.0,250,1207.740276
0.0,250,1208.269143
0.0,250,1208.769001
0.0,250,1209.273591
0.0,250,1209.769888
0.0,250,1210.254199
0.0,250,1210.740418
0.0,250,1211.22283
0.0,250,1211.715747
0.0,250,1212.194933
0.0,250,1212.684544
0.0,250,1213.20705
0.0,250,1213.715374
0.0,250,1214.294436
0.0,250,1214.80227
0.0,250,1215.314765
0.0,250,1215.875381
0.0,250,1216.422802
0.0,250,1216.925724
0.0,250,1217.433798
0.0,250,1217.948436
0.0,250,1218.442008
0.0,250,1218.952912
0.0,250,1219.446306
0.0,250,1219.970709
0.0,250,1220.585982
0.0,250,1221.119269
0.0,250,1221.689304
0.0,250,1222.22161
0.0,250,1222.731732
0.0,250,1223.352674
0.0,250,1223.948209
0.0,250,1224.650383
0.0,250,1225.188591
0.0,250,1225.799985
0.0,250,1226.425619
0.0,250,1227.016816
0.0,250,1227.631839
0.0,250,1228.273046
0.0,250,1228.806872
0.0,250,1229.324009
0.0,250,1229.807223
0.0,250,1230.278277
0.0,250,1230.811568
0.0,250,1231.283449
0.0,250,1231.781757
0.0,250,1232.249759
0.0,250,1232.757613
0.0,250,1233.248128
0.0,250,1233.758185
0.0,250,1234.238212
0.0,250,1234.726869
0.0,250,1235.233202
0.0,250,1235.753982
0.0,250,1236.248639
0.0,250,1236.777402
0.0,250,1237.326663
0.0,250,1237.826242
0.0,250,1238.302246
0.0,250,1238.7924
0.0,250,1239.369245
0.0,250,1239.942676
0.0,250,1240.459965
0.0,250,1240.969363
0.0,250,1241.481446
0.0,250,1241.994339
0.0,250,1242.499303
0.0,250,1243.027439
0.0,250,1243.595224
0.0,250,1244.113326
0.0,250,1244.622871
0.0,250,1245.122173
0.0,250,1245.603802
0.0,250,1246.096246
0.0,250,1246.568067
0.0,250,1247.07023
0.0,250,1247.546447
0.0,250,1248.039519
0.0,250,1248.508208
0.0,250,1249.003445
0.0,250,1249.4929
0.0,250,1249.950885
0.0,250,1250.41865
0.0,250,1250.856443
0.0,250,1251.307655
0.0,250,1251.762182
0.0,250,1252.182955
0.0,250,1252.636114
0.0,250,1253.066925
0.0,250,1253.515621
0.0,250,1254.01739
0.0,250,1254.570105
0.0,250,1255.094022
0.0,250,1255.598347
0.0,250,1256.154549
0.0,250,1256.69856
0.0,250,1257.210978
0.0,250,1257.728387
0.0,250,1258.201346
0.0,250,1258.725538
0.0,250,1259.21535
0.0,250,1259.715098
0.0,250,1260.262956
0.0,250,1260.834635
0.0,250,1261.356198
0.0,250,1261.88722
0.0,250,1262.403816
0.0,250,1262.893603
0.0,250,1263.407034
0.0,250,1263.903743
0.0,250,1264.382819
0.0,250,1264.892529
0.0,250,1265.448806
0.0,250,1265.983184
0.0,250,1266.479429
0.0,250,1267.042746
0.0,250,1267.557625
0.0,250,1268.1006
0.0,250,1268.590943
0.0,250,1269.098376
0.0,250,1269.596569
0.0,250,1270.148975
0.0,250,1270.649331
0.0,250,1271.158705
0.0,250,1271.700361
0.0,250,1272.209101
0.0,250,1272.716783
0.0,250,1273.206472
0.0,250,1273.695913
0.0,250,1274.19963
0.0,250,1274.716842
0.0,250,1276.385336
0.0,250,1276.868896
0.0,250,1277.413784
0.0,250,1277.890368
0.0,250,1278.425678
0.0,250,1278.914673
0.0,250,1279.473282
0.0,250,1279.979526
0.0,250,1280.51376
0.0,250,1281.02588
0.0,250,1281.607636
0.0,250,1282.126907
0.0,250,1282.604322
0.0,250,1283.091396
0.0,250,1283.594209
0.0,250,1284.100332
0.0,250,1284.576239
0.0,250,1285.063123
0.0,250,1285.554736
0.0,250,1286.04494
0.0,250,1286.593402
0.0,250,1287.128639
0.0,250,1287.661227
0.0,250,1288.161764
0.0,250,1288.697935
0.0,250,1289.213523
0.0,250,1289.731857
0.0,250,1290.249504
0.0,250,1290.76669
0.0,250,1291.260489
0.0,250,1291.757101
0.0,250,1292.230812
0.0,250,1292.713189
0.0,250,1293.199095
0.0,250,1293.771313
0.0,250,1294.376369
0.0,250,1294.962427
0.0,250,1295.512396
0.0,250,1296.056809
0.0,250,1296.532334
0.0,250,1297.025857
0.0,250,1297.511269
0.0,250,1298.057593
0.0,250,1298.531899
0.0,250,1299.046541
0.0,250,1299.521649
0.0,250,1300.056213
0.0,250,1300.557862
0.0,250,1301.039332
0.0,250,1301.517745
0.0,250,1302.000887
0.0,250,1302.489634
0.0,250,1302.99475
0.0,250,1303.469667
0.0,250,1304.007587
0.0,250,1304.526338
0.0,250,1305.024534
0.0,250,1305.501409
0.0,250,1306.014
0.0,250,1306.527602
0.0,250,1307.040581
0.0,250,1307.599926
0.0,250,1308.182405
0.0,250,1308.7841
0.0,250,1309.381642
0.0,250,1310.128502
0.0,250,1310.786929
0.0,250,1311.387034
0.0,250,1311.980991
0.0,250,1312.563491
0.0,250,1313.184022
0.0,250,1313.746885
0.0,250,1314.263144
0.0,250,1314.7799
0.0,250,1315.26301
0.0,250,1315.736183
0.0,250,1316.193459
0.0,250,1316.681409
0.0,250,1317.121719
0.0,250,1317.608654
0.0,250,1318.098277
0.0,250,1318.58049
0.0,250,1319.088421
0.0,250,1319.56363
0.0,250,1320.052568
0.0,250,1320.542491
0.0,250,1320.993439
0.0,250,1321.463801
0.0,250,1322.021538
0.0,250,1322.913079
0.0,250,1323.41439
0.0,250,1323.995552
0.0,250,1324.453864
0.0,250,1324.972649
0.0,250,1325.460721
0.0,250,1325.985852
0.0,250,1326.472276
0.0,250,1326.994299
0.0,250,1327.46465
0.0,250,1327.901166
0.0,250,1328.348091
0.0,250,1328.793793
0.0,250,1329.221607
0.0,250,1329.645275
0.0,250,1330.065587
0.0,250,1330.466373
0.0,250,1330.921505
0.0,250,1331.305466
0.0,250,1331.707744
0.0,250,1332.111683
0.0,250,1332.531874
0.0,250,1332.937298
0.0,250,1333.354086
0.0,250,1333.758034
0.0,250,1334.21269
0.0,250,1334.622203
0.0,250,1335.083228
0.0,250,1335.565103
0.0,250,1336.182954
0.0,250,1336.674122
0.0,250,1337.128917
0.0,250,1337.629631
0.0,250,1338.097852
0.0,250,1338.569784
0.0,250,1339.033967
0.0,250,1339.46182
0.0,250,1339.91514
0.0,250,1340.370654
0.0,250,1340.824327
0.0,250,1341.306318
0.0,250,1341.771959
0.0,250,1342.215969
0.0,250,1342.703994
0.0,250,1343.126382
0.0,250,1343.588756
0.0,250,1344.017343
0.0,250,1344.44247
0.0,250,1344.89191
0.0,250,1345.335459
0.0,250,1345.78489
0.0,250,1346.207526
0.0,250,1346.6336
0.0,250,1347.099745
0.0,250,1347.52823
0.0,250,1348.12689
0.0,250,1348.583676
0.0,250,1349.026287
0.0,250,1349.542194
0.0,250,1349.971091
0.0,250,1350.407435
0.0,250,1350.850308
0.0,250,1351.272062
0.0,250,1351.733589
0.0,250,1352.170272
0.0,250,1352.62342
0.0,250,1353.080376
0.0,250,1353.514349
0.0,250,1353.997376
0.0,250,1354.442388
0.0,250,1354.865682
0.0,250,1355.302249
0.0,250,1355.740044
0.0,250,1356.177651
0.0,250,1356.62433
0.0,250,1357.048821
0.0,250,1357.49449
0.0,250,1357.934953
0.0,250,1358.35317
0.0,250,1358.812645
0.0,250,1359.240626
0.2044,221,1359.627362
0.0,250,1360.067272
0.0,250,1360.483694
0.0,250,1360.950311
0.0,250,1361.386907
0.0,250,1361.812412
0.0,250,1362.265003
0.0,250,1362.695009
0.0,250,1363.141028
0.0,250,1363.606681
0.0,250,1364.068488
0.0,250,1364.503917
0.0,250,1364.933127
0.0,250,1365.367786
0.0,250,1365.816195
0.0,250,1366.250059
0.0,250,1366.704287
0.0,250,1367.128958
0.0,250,1367.571299
0.0,250,1368.036982
0.0,250,1368.468641
0.0,250,1368.890752
0.0,250,1369.33347
0.0,250,1369.752663
0.0,250,1370.210232
0.0,250,1370.645972
0.0,250,1371.059814
0.0,250,1371.515371
0.0,250,1371.938772
0.0,250,1372.36459
0.0,250,1372.815896
0.0,250,1373.240144
0.0,250,1373.700181
0.0,250,1374.141634
0.0,250,1374.570832
0.0,250,1375.018344
0.0,250,1375.463283
0.0,250,1375.899096
0.0,250,1376.350511
0.0,250,1376.769752
0.0,250,1377.219766
0.0,250,1377.657917
0.0,250,1378.092034
0.0,250,1378.530442
0.0,250,1378.95949
0.0,250,1379.381123
0.0,250,1379.838529
0.0,250,1380.280201
0.0,250,1380.746829
0.0,250,1381.166265
0.0,250,1381.613606
0.0,250,1382.075897
0.0,250,1382.526204
0.0,250,1382.953799
0.0,250,1383.380825
0.0,250,1383.808422
0.0,250,1384.273561
0.0,250,1384.711064
0.0,250,1385.131871
0.0,250,1385.572684
0.0,250,1386.006588
0.0,250,1386.439498
0.0,250,1386.9145
0.0,250,1387.324703
0.0,250,1387.780936
0.0,250,1388.235893
0.0,250,1388.670068
0.0,250,1389.153139
0.0,250,1389.586031
0.0,250,1390.052227
0.0,250,1390.479666
0.0,250,1390.907554
0.0,250,1391.397259
0.0,250,1391.835598
0.0,250,1392.295586
0.0,250,1392.72893
0.0,250,1393.179098
0.0,250,1393.650957
0.0,250,1394.096699
0.0,250,1394.522209
0.0,250,1394.972558
0.0,250,1395.399042
0.0,250,1395.842914
0.0,250,1396.265488
0.0,250,1396.697674
0.0,250,1397.13661
0.0,250,1397.566765
0.0,250,1397.980442
0.0,250,1398.443702
0.0,250,1398.861463
0.0,250,1399.305943
0.0,250,1399.736925
0.0,250,1400.175094
0.0,250,1400.620976
0.0,250,1401.054518
0.0,250,1401.467782
0.0,250,1401.914458
0.0,250,1402.34145
0.0,250,1402.776988
0.0,250,1403.239395
0.0,250,1403.686272
0.0,250,1404.153032
0.0,250,1404.585209
0.0,250,1404.998929
0.0,250,1405.46679
0.0,250,1405.87674
0.0,250,1406.319989
0.0,250,1406.740075
0.0,250,1407.166274
0.0,250,1407.610972
0.0,250,1408.031625
0.0,250,1408.500407
0.0,250,1408.979646
0.0,250,1409.432355
0.0,250,1409.902531
0.0,250,1410.354939
0.0,250,1410.816466
0.0,250,1411.248512
0.0,250,1411.697774
0.0,250,1412.181349
0.0,250,1412.633621
0.0,250,1413.092261
0.0,250,1413.530935
0.0,250,1413.985713
0.0,250,1414.459351
0.0,250,1414.926124
0.0,250,1415.34401
0.0,250,1415.777009
0.0,250,1416.200208
0.0,250,1416.622387
0.0,250,1417.099941
0.0,250,1417.534434
0.0,250,1417.98563
0.0,250,1418.397054
0.0,250,1418.820707
0.0,250,1419.287419
0.0,250,1419.716782
0.1612,233,1420.099176
0.0,250,1420.539375
0.0,250,1420.971761
0.0,250,1421.433977
0.0,250,1421.871781
0.0,250,1422.307341
0.0,250,1422.768915
0.0,250,1423.222898
0.0,250,1423.710002
0.0,250,1424.15438
0.0,250,1424.573767
0.0,250,1425.020724
0.0,250,1425.434954
0.0,250,1425.87126
0.0,250,1426.333645
0.0,250,1426.762335
0.0,250,1427.200581
0.0,250,1427.614521
0.0,250,1428.053899
0.0,250,1428.516312
0.0,250,1428.938942
0.0,250,1429.387999
0.0,250,1429.826073
0.0,250,1430.278266
0.0,250,1430.722976
0.0,250,1431.166369
0.0,250,1431.619612
0.0,250,1432.093026
0.0,250,1432.617496
0.0,250,1433.180906
0.0,250,1433.679182
0.0,250,1434.15992
0.0,250,1434.765472
0.0,250,1435.236311
0.0,250,1435.747498
0.0,250,1436.190314
0.0,250,1436.655785
0.0,250,1437.075045
0.0,250,1437.505932
0.0,250,1437.976619
0.0,250,1438.452778
0.0,250,1438.905069
0.0,250,1439.375732
0.0,250,1439.817334
0.0,250,1440.27671
0.0,250,1440.716702
0.0,250,1441.144989
0.0,250,1441.670362
0.0,250,1442.162317
0.0,250,1442.687398
0.0,250,1443.160718
0.0,250,1443.629111
0.0,250,1444.054806
0.0,250,1444.482081
0.0,250,1444.934086
0.0,250,1445.383185
0.0,250,1445.820938
0.0,250,1446.266193
0.0,250,1446.7235
0.0,250,1447.204095
0.0,250,1447.703649
0.0,250,1448.179548
0.0,250,1448.662472
0.0,250,1449.172502
0.0,250,1449.718646
0.0,250,1450.183429
0.0,250,1450.677196
0.0,250,1451.115631
0.0,250,1451.535032
0.0,250,1452.004051
0.0,250,1452.441046
0.0,250,1452.904766
0.0,250,1453.335297
0.0,250,1453.755639
0.0,250,1454.245041
0.0,250,1454.721581
0.0,250,1455.19354
0.0,250,1455.6921
0.0,250,1456.168698
0.0,250,1456.683484
0.0,250,1457.156545
0.0,250,1457.635588
0.0,250,1458.133769
0.0,250,1458.63966
0.0,250,1459.120692
0.0,250,1459.836236
0.0,250,1460.454668
0.0,250,1461.078617
0.0,250,1461.554434
0.0,250,1462.07629
0.0,250,1462.58241
0.0,250,1463.02625
0.0,250,1463.530235
0.0,250,1464.00508
0.0,250,1465.623385
0.0,250,1466.106261
0.0,250,1466.611007
0.0,250,1467.066521
0.0,250,1467.493021
0.0,250,1467.945974
0.0,250,1468.417712
0.0,250,1468.833701
0.0,250,1469.312969
0.0,250,1469.748934
0.0,250,1470.171565
0.0,250,1470.661789
0.0,250,1471.0967
0.0,250,1471.556828
0.0,250,1471.976413
0.0,250,1472.404529
0.0,250,1472.880754
0.0,250,1473.322512
0.0,250,1473.770451
0.0,250,1474.190266
0.0,250,1474.625878
0.0,250,1475.091858
0.0,250,1475.528369
0.0,250,1475.953041
0.0,250,1476.412433
0.0,250,1476.853949
0.0,250,1477.306467
0.0,250,1477.74685
0.0,250,1478.175019
0.0,250,1478.630762
0.0,250,1479.060454
0.0,250,1479.487032
0.0,250,1479.945774
0.0,250,1480.370141
0.0,250,1480.808492
0.0,250,1481.245532
0.0,250,1481.671991
0.0,250,1482.141517
0.0,250,1482.566807
0.0,250,1483.005051
0.0,250,1483.432861
0.0,250,1483.885275
0.0,250,1484.348054
0.0,250,1484.757205
0.0,250,1485.206241
0.0,250,1485.650475
0.0,250,1486.086954
0.0,250,1486.532958
0.0,250,1486.979727
0.0,250,1487.408389
0.0,250,1487.896949
0.0,250,1488.378956
0.0,250,1488.882151
0.0,250,1489.369148
0.0,250,1489.79907
0.0,250,1490.232703
0.0,250,1490.667697
0.0,250,1491.135393
0.0,250,1491.660971
0.0,250,1492.134139
0.0,250,1492.644584
0.0,250,1493.160988
0.0,250,1493.670544
0.0,250,1494.102081
0.0,250,1494.529519
0.0,250,1495.04178
0.0,250,1495.511546
0.0,250,1496.009974
0.0,250,1496.486484
0.0,250,1496.958279
0.0,250,1497.461282
0.0,250,1497.939007
0.0,250,1498.480297
0.0,250,1498.993407
0.0,250,1499.534881
0.0,250,1499.987414
0.0,250,1500.451965
0.0,250,1500.91832
0.0,250,1501.373217
0.0,250,1501.836624
0.0,250,1502.305256
0.0,250,1502.810541
0.0,250,1503.270216
0.0,250,1503.726629
0.0,250,1504.176796
0.0,250,1504.617381
0.0,250,1505.234353
0.0,250,1505.67436
0.0,250,1506.121742
0.0,250,1506.582909
0.0,250,1507.010925
0.0,250,1507.441218
0.0,250,1507.895609
0.0,250,1508.325591
0.0,250,1508.79486
0.0,250,1509.246972
0.0,250,1509.721889
0.0,250,1510.22013
0.0,250,1510.709582
0.0,250,1511.176575
0.0,250,1511.614138
0.0,250,1512.055159
0.0,250,1512.526127
0.0,250,1512.965597
0.0,250,1513.42981
0.0,250,1513.939388
0.0,250,1514.414975
0.0,250,1514.915534
0.0,250,1515.359741
0.0,250,1515.818461
0.0,250,1516.261163
0.0,250,1516.706899
0.0,250,1517.199974
0.0,250,1517.623318
0.0,250,1518.07289
0.0,250,1518.508882
0.0,250,1518.971802
0.0,250,1519.462942
0.0,250,1519.909838
0.0,250,1520.371557
0.0,250,1520.797585
0.0,250,1521.25604
0.0,250,1521.717285
0.0,250,1522.185035
0.0,250,1522.672695
0.0,250,1523.127023
0.0,250,1523.57433
0.0,250,1524.082187
0.0,250,1524.531061
0.0,250,1525.013237
0.0,250,1525.473447
0.0,250,1525.930392
0.0,250,1526.456035
0.0,250,1526.916018
0.0,250,1527.388723
0.0,250,1527.818576
0.0,250,1528.262371
0.0,250,1528.755813
0.0,250,1529.213577
0.0,250,1529.65506
0.0,250,1530.111583
0.0,250,1530.556023
0.0,250,1531.095001
0.0,250,1531.54018
0.0,250,1532.008173
0.0,250,1532.447516
0.0,250,1532.915142
0.0,250,1533.427611
0.0,250,1533.881549
0.0,250,1534.354383
0.0,250,1534.791975
0.0,250,1535.211752
0.0,250,1535.673958
0.0,250,1536.101311
0.0,250,1536.567462
0.0,250,1537.006472
0.0,250,1537.434804
0.0,250,1537.869239
0.0,250,1538.310038
0.0,250,1538.735679
0.0,250,1539.192474
0.0,250,1539.692913
0.0,250,1540.123285
0.0,250,1540.633614
0.0,250,1541.065417
0.0,250,1541.540217
0.0,250,1541.98352
0.0,250,1542.423868
0.0,250,1542.950799
0.0,250,1543.370853
0.0,250,1543.813521
0.0,250,1544.248449
0.0,250,1544.681611
0.0,250,1545.167238
0.0,250,1545.612039
0.0,250,1546.053943
0.0,250,1546.513224
0.0,250,1547.037493
0.0,250,1547.567206
0.0,250,1548.049336
0.0,250,1548.579725
0.0,250,1549.05402
0.0,250,1549.612604
0.0,250,1550.133275
0.0,250,1550.626923
0.0,250,1551.132784
0.0,250,1551.646683
0.0,250,1552.139629
0.0,250,1552.622379
0.0,250,1553.111535
0.0,250,1553.595675
0.0,250,1554.062422
0.0,250,1554.528164
0.0,250,1554.958455
0.0,250,1555.413401
0.0,250,1555.860096
0.0,250,1556.314547
0.0,250,1556.801657
0.0,250,1557.250243
0.0,250,1557.689125
0.0,250,1558.149154
0.0,250,1558.585143
0.0,250,1559.06117
0.0,250,1559.53193
0.0,250,1560.028224
0.0,250,1560.512913
0.0,250,1560.953856
0.0,250,1561.416797
0.0,250,1561.851697
0.0,250,1562.361889
0.0,250,1562.863715
0.0,250,1563.333797
0.0,250,1563.877827
0.0,250,1564.369978
0.0,250,1564.902585
0.0,250,1565.428602
0.0,250,1565.873132
0.0,250,1566.326825
0.0,250,1566.777806
0.0,250,1567.202177
0.0,250,1567.631073
0.0,250,1568.075338
0.0,250,1568.576116
0.0,250,1569.004447
0.0,250,1569.447886
0.0,250,1569.873586
0.0,250,1570.296043
0.0,250,1570.743923
0.0,250,1571.175963
0.0,250,1571.595958
0.0,250,1572.044037
0.0,250,1572.469217
0.0,250,1572.912409
0.0,250,1573.360601
0.0,250,1573.787575
0.0,250,1574.223599
0.0,250,1574.64785
0.0,250,1575.074372
0.0,250,1575.528134
0.0,250,1575.945328
0.0,250,1576.367242
0.0,250,1576.816566
0.0,250,1577.26656
0.0,250,1577.760952
0.0,250,1578.223117
0.0,250,1579.09506
0.0,250,1579.576172
0.0,250,1580.145207
0.0,250,1580.600259
0.0,250,1581.158801
0.0,250,1581.698427
0.0,250,1582.320006
0.0,250,1582.798787
0.0,250,1583.318169
0.0,250,1583.767959
0.0,250,1584.22243
0.0,250,1584.679167
0.0,250,1585.163455
0.0,250,1585.591479
0.0,250,1586.094586
0.0,250,1586.545728
0.0,250,1587.060685
0.0,250,1587.585888
0.0,250,1588.072799
0.0,250,1588.550948
0.0,250,1589.076251
0.0,250,1589.587834
0.0,250,1590.049531
0.0,250,1590.550075
0.0,250,1590.979247
0.0,250,1591.418211
0.0,250,1591.881057
0.0,250,1592.305078
0.0,250,1592.781369
0.0,250,1593.197101
0.0,250,1593.635697
0.0,250,1594.092538
0.0,250,1594.525351
0.0,250,1594.976847
0.0,250,1595.419185
0.0,250,1595.889301
0.0,250,1596.36679
0.0,250,1596.932594
0.0,250,1597.436203
0.0,250,1597.861724
0.0,250,1598.320922
0.0,250,1598.805596
0.0,250,1599.266732
0.0,250,1599.723198
0.0,250,1600.165699
0.0,250,1600.612431
0.0,250,1601.114263
0.0,250,1601.567616
0.0,250,1602.115606
0.0,250,1602.668564
0.0,250,1603.26947
0.0,250,1603.819875
0.0,250,1604.336565
0.0,250,1604.777005
0.0,250,1605.238506
0.0,250,1605.750228
0.0,250,1606.204635
0.0,250,1606.67501
0.0,250,1607.107728
0.0,250,1607.551957
0.0,250,1608.052611
0.0,250,1608.491307
0.0,250,1608.915187
0.0,250,1609.369794
0.0,250,1609.784474
0.0,250,1610.256551
0.0,250,1610.67436
0.0,250,1611.108122
0.0,250,1611.550432
0.0,250,1612.011417
0.0,250,1612.4604
0.0,250,1612.917031
0.0,250,1613.469455
0.0,250,1613.939351
0.0,250,1614.399701
0.0,250,1614.933186
0.0,250,1615.422391
0.0,250,1615.916622
0.0,250,1616.386122
0.0,250,1616.845458
0.0,250,1617.327891
0.0,250,1617.857627
0.0,250,1618.445918
0.0,250,1618.951607
0.0,250,1619.416589
0.0,250,1619.89256
0.0,250,1620.373831
0.0,250,1620.857186
0.0,250,1621.308426
0.0,250,1621.764986
0.0,250,1622.208048
0.0,250,1622.696785
0.0,250,1623.15904
0.0,250,1623.638566
0.0,250,1624.092309
0.0,250,1624.611401
0.0,250,1625.3165
0.0,250,1625.820771
0.0,250,1626.279221
0.0,250,1626.796409
0.0,250,1627.274061
0.0,250,1627.746886
0.0,250,1628.207866
0.0,250,1628.657342
0.0,250,1629.248067
0.0,250,1629.750822
0.0,250,1630.222882
0.0,250,1630.691707
0.0,250,1631.196007
0.0,250,1631.665025
0.0,250,1632.090486
0.0,250,1632.529311
0.0,250,1633.030143
0.0,250,1633.506349
0.0,250,1634.012502
0.0,250,1634.541356
0.0,250,1635.04459
0.0,250,1635.506071
0.0,250,1635.994731
0.0,250,1636.422439
0.0,250,1636.885515
0.0,250,1637.311056
0.0,250,1637.718962
0.0,250,1638.18503
0.0,250,1638.637372
0.0,250,1639.077634
0.0,250,1639.503096
0.0,250,1639.916189
0.0,250,1640.365751
0.0,250,1640.804453
0.0,250,1641.257257
0.0,250,1641.704817
0.0,250,1642.14369
0.0,250,1642.611665
0.0,250,1643.066547
0.0,250,1643.50439
0.0,250,1643.959314
0.0,250,1644.408324
0.0,250,1644.876225
0.0,250,1645.406615
0.0,250,1645.862105
0.0,250,1646.34253
0.0,250,1646.818169
0.0,250,1647.300461
0.0,250,1647.831921
0.0,250,1648.279402
0.0,250,1648.727807
0.0,250,1649.188495
0.0,250,1649.613607
0.0,250,1650.104503
0.0,250,1650.53317
0.0,250,1651.039879
0.0,250,1651.590406
0.0,250,1652.075652
0.0,250,1652.574878
