r,l,t
1.0,2501,0.989224
0.0,2501,1.156227
1.0,2501,1.321657
0.0,2501,1.487376
1.0,2501,1.653958
1.0,2501,1.820558
0.0,2501,1.987168
0.0,2501,2.153633
0.0,2501,2.320334
2.0,2501,2.486584
0.0,2501,2.652918
0.0,2501,2.822484
1.0,2501,2.990108
0.0,2501,3.156241
0.0,2501,3.321055
1.0,2501,3.486654
0.0,2501,3.652308
0.0,2501,3.817594
1.0,2501,3.982093
0.0,2501,4.678697
0.0,2501,6.691354
0.0,2501,8.625873
0.0,2501,10.578052
0.0,2501,12.549093
0.0,2501,14.547478
1.0,2501,16.52633
0.0,2501,18.489887
1.0,2501,20.467554
0.0,2501,22.483846
1.0,2501,24.510063
0.0,2501,26.490323
0.0,2501,28.486987
0.0,2501,30.572718
0.0,2501,32.600931
0.0,2501,34.623029
0.0,2501,36.636587
1.0,2501,38.669633
0.0,2501,40.734299
0.0,2501,42.785988
1.0,2501,51.415303
0.0,2501,53.295258
1.0,2501,55.221775
1.0,2501,57.171996
0.0,2501,59.110681
1.0,2501,61.012597
1.0,2501,62.91907
2.0,2501,64.860068
1.0,2501,66.810793
1.0,2501,68.736166
0.0,2501,70.645947
1.0,2501,72.615552
0.0,2501,74.59824
0.0,2501,76.567946
0.0,2501,78.479004
4.0,2501,80.418642
1.0,2501,82.394261
2.0,2501,84.372261
0.0,2501,86.376494
2.0,2501,88.280058
3.0,2501,90.277671
0.0,2501,92.259293
0.0,2501,94.213882
0.0,2501,96.144266
1.0,2501,98.089412
0.0,2501,100.098487
1.0,2501,102.099889
1.0,2501,104.029134
0.0,2501,105.979681
1.0,2501,108.040435
0.0,2501,110.048655
1.0,2501,112.003976
1.0,2501,113.980566
1.0,2501,115.9977
1.0,2501,118.028944
0.0,2501,120.031262
0.0,2501,122.01878
0.0,2501,124.040955
0.0,2501,126.089265
0.0,2501,128.134181
0.0,2501,136.681406
0.0,2501,138.669346
1.0,2501,140.78001
2.0,2501,142.851033
2.0,2501,144.910541
1.0,2501,146.902976
1.0,2501,148.919075
2.0,2501,150.963789
0.0,2501,153.019303
2.0,2501,155.027528
1.0,2501,157.045516
3.0,2501,159.125422
1.0,2501,161.19996
1.0,2501,163.257374
1.0,2501,165.295447
1.0,2501,167.38948
2.0,2501,169.477686
0.0,2501,171.545308
2.0,2501,173.583086
2.0,2501,175.666898
3.0,2501,177.760166
0.0,2501,179.839671
1.0,2501,181.891191
0.0,2501,183.985282
2.0,2501,186.092449
1.0,2501,188.185608
0.0,2501,190.23338
2.0,2501,192.296186
2.0,2501,194.408616
2.0,2501,196.629181
0.0,2501,199.229152
3.0,2501,201.954704
4.0,2501,204.696665
2.0,2501,207.393607
1.0,2501,210.129087
2.0,2501,212.850676
2.0,2501,215.567836
1.0,2501,218.237883
2.0,2501,220.669567
2.0,2501,223.129866
0.0,2501,232.890069
5.0,2501,235.571639
2.0,2501,238.368713
2.0,2501,241.110459
4.0,2501,243.845014
1.0,2501,246.640041
2.0,2501,249.379603
2.0,2501,252.103951
3.0,2501,254.921632
6.0,2501,257.715731
2.0,2501,260.46983
1.0,2501,263.287944
3.0,2501,266.13366
2.0,2501,268.900254
0.0,2501,271.7057
4.0,2501,274.54804
4.0,2501,277.332245
2.0,2501,280.157122
4.0,2501,282.988149
3.0,2501,285.773404
2.0,2501,288.647453
3.0,2501,291.514952
6.0,2501,294.330054
0.0,2501,297.185077
3.0,2501,300.050755
1.0,2501,302.901422
2.0,2501,305.802475
1.0,2501,308.690685
3.0,2501,311.547044
5.0,2501,314.304678
6.0,2501,316.56274
1.0,2501,318.772116
1.0,2501,320.990338
0.0,2501,323.26519
5.0,2501,325.537683
7.0,2501,327.763952
3.0,2501,329.963483
7.0,2501,332.228443
4.0,2501,334.507818
7.0,2501,336.725225
2.0,2501,345.550297
6.0,2501,347.830279
4.0,2501,350.12711
8.0,2501,352.428425
5.0,2501,354.679064
4.0,2501,356.939327
5.0,2501,359.229277
0.0,2501,361.478235
3.0,2501,363.739242
9.0,2501,366.048176
8.0,2501,368.335206
6.0,2501,370.673418
4.0,2501,372.941184
4.0,2501,375.190002
6.0,2501,377.487831
2.0,2501,379.686157
4.0,2501,381.924335
3.0,2501,384.234811
6.0,2501,386.504016
6.0,2501,388.750707
5.0,2501,391.050465
7.0,2501,393.383133
5.0,2501,395.679204
7.0,2501,397.959952
5.0,2501,400.325226
7.0,2501,402.69305
3.0,2501,405.002396
3.0,2501,407.333664
9.0,2501,409.673373
4.0,2501,412.006584
9.0,2501,414.30865
0.0,2501,416.682399
4.0,2501,419.068307
6.0,2501,421.399414
5.0,2501,423.761026
4.0,2501,426.14631
2.0,2501,428.565879
8.0,2501,430.875097
9.0,2501,433.240935
11.0,2501,435.615353
3.0,2501,444.588811
9.0,2501,446.900197
5.0,2501,449.259785
10.0,2501,451.679991
9.0,2501,454.055761
4.0,2501,456.394659
5.0,2501,458.808002
9.0,2501,461.219714
12.0,2501,463.577856
5.0,2501,465.964185
2.0,2501,468.410562
8.0,2501,470.798935
10.0,2501,473.174877
3.0,2501,475.601911
11.0,2501,478.030929
5.0,2501,480.391601
10.0,2501,482.815933
4.0,2501,485.330387
10.0,2501,487.74118
6.0,2501,490.145533
5.0,2501,492.573961
4.0,2501,495.007975
6.0,2501,497.418908
3.0,2501,499.879018
7.0,2501,502.317917
12.0,2501,504.737627
7.0,2501,507.156142
12.0,2501,509.636699
13.0,2501,512.08545
10.0,2501,514.503053
9.0,2501,516.992403
5.0,2501,519.486148
9.0,2501,521.936224
10.0,2501,524.383392
11.0,2501,526.876335
9.0,2501,529.326267
10.0,2501,531.735615
13.0,2501,534.200906
1.0,2501,536.650758
11.0,2501,539.066399
9.0,2501,548.145475
8.0,2501,550.616679
7.0,2501,553.122446
12.0,2501,555.57532
14.0,2501,558.032075
8.0,2501,560.520297
14.0,2501,562.979946
15.0,2501,565.421902
12.0,2501,567.897183
14.0,2501,570.400333
7.0,2501,572.828691
10.0,2501,575.282618
7.0,2501,577.779103
9.0,2501,580.272687
10.0,2501,582.743882
13.0,2501,585.269734
2.0,2501,587.820144
5.0,2501,590.298921
9.0,2501,592.832799
6.0,2501,595.34955
12.0,2501,597.923561
12.0,2501,600.432517
14.0,2501,602.944476
11.0,2501,605.492135
14.0,2501,607.959761
9.0,2501,610.471748
10.0,2501,612.956052
23.0,2501,615.448749
14.0,2501,617.946382
10.0,2501,620.490279
13.0,2501,623.008126
19.0,2501,625.516145
10.0,2501,628.086285
15.0,2501,630.649144
18.0,2501,633.159586
8.0,2501,635.704545
15.0,2501,638.263824
14.0,2501,640.786127
22.0,2501,643.359156
13.0,2501,645.900738
16.0,2501,655.033814
18.0,2501,657.587372
20.0,2501,660.144861
14.0,2501,662.724532
11.0,2501,665.280025
15.0,2501,667.818641
10.0,2501,670.389087
16.0,2501,672.991285
14.0,2501,675.501698
18.0,2501,678.096845
18.0,2501,680.673134
21.0,2501,683.237262
18.0,2501,685.82534
11.0,2501,688.421108
17.0,2501,690.996807
22.0,2501,693.569923
20.0,2501,696.188835
21.0,2501,698.82794
19.0,2501,701.41835
16.0,2501,704.038618
18.0,2501,706.678183
15.0,2501,709.358972
12.0,2501,711.965528
14.0,2501,714.595657
26.0,2501,717.206308
16.0,2501,719.833749
18.0,2501,722.469548
20.0,2501,725.097107
22.0,2501,727.703785
19.0,2501,730.364791
25.0,2501,733.026146
21.0,2501,735.652239
22.0,2501,738.323337
27.0,2501,741.009155
27.0,2501,743.614021
21.0,2501,746.266026
17.0,2501,748.936919
24.0,2501,751.565311
21.0,2501,754.220761
26.0,2501,756.897999
19.0,2501,766.202172
29.0,2501,768.86258
27.0,2501,771.524158
27.0,2501,774.183245
22.0,2501,776.815969
27.0,2501,779.486682
30.0,2501,782.195121
25.0,2501,784.890946
23.0,2501,787.565547
33.0,2501,790.286087
24.0,2501,793.021031
36.0,2501,795.679943
28.0,2501,798.381976
23.0,2501,801.104131
30.0,2501,803.769164
31.0,2501,806.489062
26.0,2501,809.249964
32.0,2501,811.93999
30.0,2501,814.649188
27.0,2501,817.389056
27.0,2501,820.076142
24.0,2501,822.830666
30.0,2501,825.578412
29.0,2501,828.357536
26.0,2501,831.06956
33.0,2501,833.827111
34.0,2501,836.58477
33.0,2501,839.312478
30.0,2501,842.076739
33.0,2501,844.836514
37.0,2501,847.527336
28.0,2501,850.264642
28.0,2501,853.040175
32.0,2501,855.74776
29.0,2501,858.496839
36.0,2501,861.262452
34.0,2501,863.989377
26.0,2501,866.737169
29.0,2501,869.5424
30.0,2501,872.281232
28.0,2501,881.666017
40.0,2501,884.462141
35.0,2501,887.286002
44.0,2501,890.044989
34.0,2501,892.854258
38.0,2501,895.676833
40.0,2501,898.450815
34.0,2501,901.249783
38.0,2501,904.052361
39.0,2501,906.822978
36.0,2501,909.629637
40.0,2501,912.449875
37.0,2501,915.232359
39.0,2501,918.031032
35.0,2501,920.866187
39.0,2501,923.673771
43.0,2501,926.487395
41.0,2501,929.311404
46.0,2501,932.130847
35.0,2501,934.940673
34.0,2501,937.854316
44.0,2501,940.684196
46.0,2501,943.521901
45.0,2501,946.379817
43.0,2501,949.284215
38.0,2501,952.149274
39.0,2501,955.065346
41.0,2501,957.936327
36.0,2501,960.811614
40.0,2501,963.725204
49.0,2501,966.620936
43.0,2501,969.505118
48.0,2501,972.42877
41.0,2501,975.328207
42.0,2501,978.213123
43.0,2501,981.159745
40.0,2501,984.076508
47.0,2501,986.966954
45.0,2501,989.908635
44.0,2501,993.348171
52.0,2501,1005.874639
50.0,2501,1009.633024
36.0,2501,1013.404598
48.0,2501,1017.231737
43.0,2501,1020.985932
39.0,2501,1024.795127
34.0,2501,1028.568798
48.0,2501,1032.380983
48.0,2501,1036.16062
48.0,2501,1039.936045
40.0,2501,1043.733141
49.0,2501,1047.478173
53.0,2501,1051.291615
44.0,2501,1055.031259
47.0,2501,1058.803181
48.0,2501,1062.404989
41.0,2501,1065.637312
49.0,2501,1068.995011
39.0,2501,1072.705447
43.0,2501,1076.542619
54.0,2501,1080.34392
41.0,2501,1084.133597
49.0,2501,1087.939673
40.0,2501,1091.729591
49.0,2501,1095.547487
44.0,2501,1099.321623
50.0,2501,1103.153983
41.0,2501,1106.974007
43.0,2501,1110.330408
46.0,2501,1113.24803
51.0,2501,1116.148838
56.0,2501,1119.093852
47.0,2501,1121.994038
51.0,2501,1124.908796
49.0,2501,1127.856191
49.0,2501,1130.747247
45.0,2501,1133.67435
43.0,2501,1136.619352
46.0,2501,1139.512958
51.0,2501,1142.430738
42.0,2501,1152.002079
49.0,2501,1154.907715
46.0,2501,1157.80081
52.0,2501,1160.740904
53.0,2501,1163.656332
49.0,2501,1166.653011
49.0,2501,1169.602085
53.0,2501,1172.489482
46.0,2501,1175.401415
50.0,2501,1178.325043
52.0,2501,1181.200352
54.0,2501,1184.136397
49.0,2501,1187.094097
50.0,2501,1189.996433
51.0,2501,1192.929088
45.0,2501,1195.836181
46.0,2501,1198.747584
55.0,2501,1201.703511
51.0,2501,1204.615952
50.0,2501,1207.524488
49.0,2501,1210.451785
54.0,2501,1213.366728
50.0,2501,1216.265807
56.0,2501,1219.196814
42.0,2501,1222.155912
55.0,2501,1225.065235
54.0,2501,1227.979912
50.0,2501,1230.864268
45.0,2501,1233.788856
48.0,2501,1236.746517
44.0,2501,1239.642003
50.0,2501,1242.560637
55.0,2501,1245.491628
49.0,2501,1248.382632
48.0,2501,1251.297977
53.0,2501,1254.226057
48.0,2501,1257.113097
50.0,2501,1260.06358
54.0,2501,1262.97976
53.0,2501,1265.878327
51.0,2501,1275.435941
48.0,2501,1278.441937
47.0,2501,1281.311166
44.0,2501,1284.225856
47.0,2501,1287.159979
44.0,2501,1290.044701
52.0,2501,1292.974013
47.0,2501,1295.929368
58.0,2501,1298.815915
51.0,2501,1301.743987
52.0,2501,1304.688762
52.0,2501,1307.604529
43.0,2501,1310.513702
54.0,2501,1313.418048
53.0,2501,1316.270917
54.0,2501,1319.165411
55.0,2501,1322.050765
48.0,2501,1324.911728
54.0,2501,1327.795915
47.0,2501,1330.679005
51.0,2501,1333.585942
54.0,2501,1336.49408
54.0,2501,1339.419933
48.0,2501,1342.323082
45.0,2501,1345.2725
54.0,2501,1348.196229
55.0,2501,1351.1097
47.0,2501,1354.076506
48.0,2501,1356.99791
48.0,2501,1359.914635
55.0,2501,1362.86287
49.0,2501,1365.749496
47.0,2501,1368.680991
46.0,2501,1371.619781
51.0,2501,1374.503553
51.0,2501,1377.436321
53.0,2501,1380.376348
52.0,2501,1383.269538
47.0,2501,1386.221234
49.0,2501,1389.233839
49.0,2501,1398.735029
52.0,2501,1401.653647
44.0,2501,1404.593724
47.0,2501,1407.491107
54.0,2501,1410.418298
55.0,2501,1413.349655
52.0,2501,1416.228727
51.0,2501,1419.165236
53.0,2501,1422.079942
54.0,2501,1424.964281
54.0,2501,1427.933445
47.0,2501,1430.860649
50.0,2501,1433.765974
54.0,2501,1436.718665
54.0,2501,1439.636942
50.0,2501,1442.545125
52.0,2501,1445.590069
57.0,2501,1448.49924
41.0,2501,1451.44147
55.0,2501,1454.402653
55.0,2501,1457.289438
54.0,2501,1460.234377
57.0,2501,1463.170327
52.0,2501,1466.04332
56.0,2501,1468.995233
54.0,2501,1471.93327
53.0,2501,1474.81811
49.0,2501,1477.755777
54.0,2501,1480.702357
52.0,2501,1483.626795
55.0,2501,1486.597072
50.0,2501,1489.514999
55.0,2501,1492.439417
44.0,2501,1495.395819
42.0,2501,1498.301036
50.0,2501,1501.289489
3.0,2501,1504.221643
58.0,2501,1507.101624
57.0,2501,1510.030724
49.0,2501,1512.967659
56.0,2501,1522.418725
55.0,2501,1525.322072
50.0,2501,1528.286555
50.0,2501,1531.214712
54.0,2501,1534.138283
46.0,2501,1537.094448
57.0,2501,1540.012672
53.0,2501,1542.939869
55.0,2501,1545.878637
54.0,2501,1548.79836
51.0,2501,1551.710218
57.0,2501,1554.652414
60.0,2501,1557.598454
53.0,2501,1560.537537
54.0,2501,1563.450843
53.0,2501,1566.335245
55.0,2501,1569.26089
50.0,2501,1572.174544
54.0,2501,1575.080347
55.0,2501,1578.016195
57.0,2501,1580.918319
54.0,2501,1583.818078
50.0,2501,1586.761174
51.0,2501,1589.6788
51.0,2501,1592.610082
56.0,2501,1595.561053
51.0,2501,1598.451018
52.0,2501,1601.375372
56.0,2501,1604.31678
50.0,2501,1607.206959
50.0,2501,1610.13507
52.0,2501,1613.164085
50.0,2501,1616.047568
50.0,2501,1618.994173
51.0,2501,1621.944959
51.0,2501,1624.841524
50.0,2501,1627.781156
51.0,2501,1630.714926
53.0,2501,1633.612143
55.0,2501,1636.556421
54.0,2501,1646.099253
53.0,2501,1648.976554
48.0,2501,1651.900677
61.0,2501,1654.828403
54.0,2501,1657.709659
52.0,2501,1660.656081
50.0,2501,1663.584212
57.0,2501,1666.497973
52.0,2501,1669.553433
52.0,2501,1672.474746
50.0,2501,1675.383813
55.0,2501,1678.350963
59.0,2501,1681.266588
47.0,2501,1684.186562
52.0,2501,1687.144826
52.0,2501,1690.042776
53.0,2501,1692.975655
52.0,2501,1695.930713
55.0,2501,1698.810442
56.0,2501,1701.760506
51.0,2501,1704.701712
49.0,2501,1707.583694
52.0,2501,1710.532104
54.0,2501,1713.464854
54.0,2501,1716.352707
55.0,2501,1719.290007
53.0,2501,1722.193601
53.0,2501,1725.185906
54.0,2501,1728.120394
59.0,2501,1731.021063
52.0,2501,1733.919976
51.0,2501,1736.852702
49.0,2501,1739.751997
55.0,2501,1742.667123
57.0,2501,1745.598653
56.0,2501,1748.482892
50.0,2501,1751.417982
51.0,2501,1754.351763
48.0,2501,1757.220032
54.0,2501,1760.153927
49.0,2501,1769.703604
56.0,2501,1772.614348
53.0,2501,1775.526865
58.0,2501,1778.480124
58.0,2501,1782.067289
53.0,2501,1785.898653
60.0,2501,1789.693699
55.0,2501,1793.48928
52.0,2501,1797.300606
54.0,2501,1801.111393
49.0,2501,1804.925579
53.0,2501,1808.719853
57.0,2501,1812.528547
51.0,2501,1816.329527
55.0,2501,1819.888329
50.0,2501,1823.215522
59.0,2501,1826.593398
50.0,2501,1829.893416
56.0,2501,1833.163484
51.0,2501,1836.421072
55.0,2501,1839.66347
54.0,2501,1842.924528
54.0,2501,1846.187731
55.0,2501,1849.451759
51.0,2501,1852.719059
53.0,2501,1855.961391
55.0,2501,1859.227468
54.0,2501,1862.486713
55.0,2501,1865.765424
55.0,2501,1869.064616
52.0,2501,1872.321719
57.0,2501,1875.59535
60.0,2501,1878.857528
55.0,2501,1882.081818
57.0,2501,1885.354914
54.0,2501,1888.60129
59.0,2501,1891.863736
55.0,2501,1895.150671
55.0,2501,1898.313993
55.0,2501,1901.271318
56.0,2501,1910.819481
51.0,2501,1913.716145
52.0,2501,1916.660005
56.0,2501,1919.588519
51.0,2501,1922.446992
47.0,2501,1925.363173
61.0,2501,1928.264087
59.0,2501,1931.189352
49.0,2501,1934.100275
53.0,2501,1936.969743
54.0,2501,1939.850235
51.0,2501,1942.737993
45.0,2501,1945.657894
51.0,2501,1948.569848
50.0,2501,1951.481922
58.0,2501,1954.394889
55.0,2501,1957.326463
52.0,2501,1960.249507
47.0,2501,1963.169592
51.0,2501,1966.134548
49.0,2501,1969.082644
52.0,2501,1971.930775
50.0,2501,1974.827496
54.0,2501,1977.714539
59.0,2501,1980.586449
51.0,2501,1983.48965
52.0,2501,1986.37131
54.0,2501,1989.236154
54.0,2501,1992.155775
55.0,2501,1995.043368
51.0,2501,1997.921159
53.0,2501,2000.833616
48.0,2501,2003.717899
51.0,2501,2006.606986
51.0,2501,2009.561233
52.0,2501,2012.450528
58.0,2501,2015.366237
54.0,2501,2018.284669
57.0,2501,2021.22987
56.0,2501,2024.142367
54.0,2501,2033.64523
54.0,2501,2036.521086
50.0,2501,2039.414218
58.0,2501,2042.322063
53.0,2501,2045.22282
52.0,2501,2048.142238
54.0,2501,2051.066295
58.0,2501,2053.974924
51.0,2501,2056.955916
51.0,2501,2059.921768
53.0,2501,2062.858059
56.0,2501,2065.850522
58.0,2501,2068.789882
45.0,2501,2071.674215
57.0,2501,2074.543362
46.0,2501,2077.478596
49.0,2501,2080.381264
50.0,2501,2083.256933
57.0,2501,2086.1463
54.0,2501,2089.07635
51.0,2501,2091.981888
55.0,2501,2094.872434
55.0,2501,2097.778286
60.0,2501,2100.708011
49.0,2501,2103.594761
52.0,2501,2106.550005
50.0,2501,2109.479792
51.0,2501,2112.36631
53.0,2501,2115.307014
56.0,2501,2118.186974
54.0,2501,2121.100632
52.0,2501,2124.106543
59.0,2501,2126.968758
52.0,2501,2129.850146
52.0,2501,2132.76596
54.0,2501,2135.611525
58.0,2501,2138.518194
55.0,2501,2141.415245
57.0,2501,2144.260738
51.0,2501,2147.136569
53.0,2501,2156.683348
60.0,2501,2159.647002
52.0,2501,2162.509673
56.0,2501,2165.40253
58.0,2501,2168.307132
52.0,2501,2171.188271
55.0,2501,2174.064403
55.0,2501,2177.007231
56.0,2501,2179.960904
59.0,2501,2182.840987
58.0,2501,2185.797136
55.0,2501,2188.735516
46.0,2501,2191.703739
54.0,2501,2194.641973
55.0,2501,2197.513377
52.0,2501,2200.469086
57.0,2501,2203.426547
51.0,2501,2206.351529
52.0,2501,2209.294194
52.0,2501,2212.20724
54.0,2501,2215.19122
59.0,2501,2218.121328
54.0,2501,2221.069035
50.0,2501,2223.955433
55.0,2501,2226.838932
53.0,2501,2229.715856
59.0,2501,2232.594066
51.0,2501,2235.499433
55.0,2501,2238.356305
55.0,2501,2241.275788
56.0,2501,2244.206485
58.0,2501,2247.116489
60.0,2501,2249.983607
45.0,2501,2252.837561
58.0,2501,2255.726612
55.0,2501,2258.649784
58.0,2501,2261.595068
57.0,2501,2264.508289
53.0,2501,2267.475271
58.0,2501,2270.373483
57.0,2501,2279.851182
51.0,2501,2282.720343
55.0,2501,2285.64179
51.0,2501,2288.54761
60.0,2501,2291.459321
56.0,2501,2294.36577
54.0,2501,2297.283884
53.0,2501,2300.26333
54.0,2501,2303.175274
51.0,2501,2306.058176
54.0,2501,2308.95119
56.0,2501,2311.813469
51.0,2501,2314.660546
50.0,2501,2317.570196
54.0,2501,2320.500966
54.0,2501,2323.439356
59.0,2501,2326.307204
51.0,2501,2329.174618
51.0,2501,2332.071437
51.0,2501,2334.99817
49.0,2501,2337.848729
55.0,2501,2340.786798
51.0,2501,2343.718
49.0,2501,2346.668218
54.0,2501,2349.522296
56.0,2501,2352.386966
56.0,2501,2355.247057
55.0,2501,2358.173453
58.0,2501,2361.046134
53.0,2501,2364.000829
51.0,2501,2366.900538
54.0,2501,2369.802684
56.0,2501,2372.688785
54.0,2501,2375.577579
53.0,2501,2378.448306
52.0,2501,2381.317802
56.0,2501,2384.241386
51.0,2501,2387.168238
56.0,2501,2390.008434
50.0,2501,2392.85473
56.0,2501,2402.291508
52.0,2501,2405.150144
53.0,2501,2408.004242
57.0,2501,2410.846604
54.0,2501,2413.701669
51.0,2501,2416.567905
57.0,2501,2419.410188
56.0,2501,2422.253274
57.0,2501,2425.090877
55.0,2501,2427.932054
52.0,2501,2430.775878
59.0,2501,2433.612077
47.0,2501,2436.461282
50.0,2501,2439.314791
56.0,2501,2442.147321
50.0,2501,2444.976998
51.0,2501,2447.819543
57.0,2501,2450.663917
54.0,2501,2453.517534
60.0,2501,2456.35858
54.0,2501,2459.23167
63.0,2501,2462.099318
52.0,2501,2464.94136
57.0,2501,2467.793843
51.0,2501,2470.641376
58.0,2501,2473.479827
58.0,2501,2476.329319
51.0,2501,2479.178045
51.0,2501,2482.014648
53.0,2501,2484.871622
55.0,2501,2487.716382
51.0,2501,2490.546822
53.0,2501,2493.39826
54.0,2501,2496.255569
49.0,2501,2499.111824
51.0,2501,2501.96344
58.0,2501,2504.810813
52.0,2501,2507.726561
54.0,2501,2510.579864
57.0,2501,2513.474777
54.0,2501,2522.892018
56.0,2501,2525.761183
51.0,2501,2528.602288
55.0,2501,2531.447825
59.0,2501,2534.303732
55.0,2501,2537.143337
51.0,2501,2539.982213
55.0,2501,2542.833394
54.0,2501,2545.677209
50.0,2501,2548.538211
52.0,2501,2551.370393
59.0,2501,2554.214353
52.0,2501,2557.06425
57.0,2501,2559.912003
58.0,2501,2562.768594
53.0,2501,2565.641311
53.0,2501,2568.499227
51.0,2501,2571.722772
53.0,2501,2574.958873
52.0,2501,2578.177406
58.0,2501,2581.420226
55.0,2501,2584.653018
54.0,2501,2587.892864
56.0,2501,2591.143461
55.0,2501,2594.407866
51.0,2501,2597.660146
56.0,2501,2600.902176
59.0,2501,2604.146039
53.0,2501,2607.369761
53.0,2501,2610.600064
56.0,2501,2613.821431
59.0,2501,2617.073907
53.0,2501,2620.28927
55.0,2501,2623.528456
50.0,2501,2626.747576
57.0,2501,2630.412417
56.0,2501,2634.165968
54.0,2501,2637.877067
56.0,2501,2641.123659
58.0,2501,2644.358641
57.0,2501,2655.05889
55.0,2501,2658.313149
57.0,2501,2661.56087
54.0,2501,2664.795485
56.0,2501,2668.031436
55.0,2501,2671.268342
51.0,2501,2674.502238
58.0,2501,2677.773592
57.0,2501,2681.017625
59.0,2501,2684.314593
56.0,2501,2687.425106
55.0,2501,2690.281337
62.0,2501,2693.14376
54.0,2501,2695.990747
55.0,2501,2698.844918
56.0,2501,2701.717147
61.0,2501,2704.55741
55.0,2501,2707.404962
52.0,2501,2710.231844
56.0,2501,2713.074205
58.0,2501,2715.932857
55.0,2501,2718.799487
58.0,2501,2721.652147
59.0,2501,2724.508573
56.0,2501,2727.374682
57.0,2501,2730.24278
55.0,2501,2733.106569
52.0,2501,2735.944871
59.0,2501,2738.814838
51.0,2501,2741.680313
54.0,2501,2744.567226
52.0,2501,2747.474227
55.0,2501,2750.31823
52.0,2501,2753.155901
57.0,2501,2755.986654
55.0,2501,2758.840343
56.0,2501,2761.689705
57.0,2501,2764.552495
54.0,2501,2767.402647
55.0,2501,2770.25172
54.0,2501,2779.670703
58.0,2501,2782.532621
49.0,2501,2785.39394
59.0,2501,2788.264063
45.0,2501,2791.107994
57.0,2501,2793.962249
55.0,2501,2796.813033
55.0,2501,2799.708395
52.0,2501,2802.573326
58.0,2501,2805.4442
55.0,2501,2808.28228
54.0,2501,2811.124866
53.0,2501,2813.96385
54.0,2501,2816.806827
59.0,2501,2819.673381
52.0,2501,2822.519738
56.0,2501,2825.37611
56.0,2501,2828.235131
56.0,2501,2831.09243
55.0,2501,2833.956222
58.0,2501,2836.817899
53.0,2501,2839.656542
54.0,2501,2842.504278
60.0,2501,2845.354199
53.0,2501,2848.205123
56.0,2501,2851.059507
55.0,2501,2853.89506
58.0,2501,2856.775126
49.0,2501,2859.616094
57.0,2501,2862.449273
52.0,2501,2865.29453
54.0,2501,2868.187565
56.0,2501,2871.021012
54.0,2501,2873.863239
55.0,2501,2876.708285
52.0,2501,2879.556394
55.0,2501,2882.407495
59.0,2501,2885.258462
49.0,2501,2888.093008
49.0,2501,2890.936939
54.0,2501,2900.306468
55.0,2501,2903.144766
56.0,2501,2905.993656
52.0,2501,2908.830105
50.0,2501,2911.734432
47.0,2501,2914.602412
53.0,2501,2917.438926
53.0,2501,2920.287775
52.0,2501,2923.159644
52.0,2501,2926.0143
57.0,2501,2928.871772
56.0,2501,2931.712564
54.0,2501,2934.559036
55.0,2501,2937.414808
49.0,2501,2940.247561
58.0,2501,2943.093109
52.0,2501,2945.925895
52.0,2501,2948.75342
55.0,2501,2951.600367
54.0,2501,2954.445723
57.0,2501,2957.295073
52.0,2501,2960.163957
55.0,2501,2963.008479
54.0,2501,2965.857353
59.0,2501,2968.784864
50.0,2501,2971.653314
49.0,2501,2974.508067
57.0,2501,2977.360173
56.0,2501,2980.196464
55.0,2501,2983.039373
51.0,2501,2985.891029
58.0,2501,2988.756858
61.0,2501,2991.603131
48.0,2501,2994.447624
57.0,2501,2997.300723
53.0,2501,3000.183077
48.0,2501,3003.0506
50.0,2501,3005.918911
53.0,2501,3008.77945
50.0,2501,3011.619669
53.0,2501,3021.033455
57.0,2501,3023.944131
49.0,2501,3026.778354
50.0,2501,3029.622655
53.0,2501,3032.470384
54.0,2501,3035.305851
52.0,2501,3038.156129
54.0,2501,3041.012434
56.0,2501,3043.872638
60.0,2501,3046.733956
59.0,2501,3049.602162
58.0,2501,3052.454374
52.0,2501,3055.309594
54.0,2501,3058.149461
51.0,2501,3061.014808
51.0,2501,3063.873415
50.0,2501,3066.715908
57.0,2501,3069.567496
52.0,2501,3072.417922
57.0,2501,3075.255626
52.0,2501,14598.297482
55.0,2501,14612.721402
62.0,2501,14623.619838
55.0,2501,14634.919796
58.0,2501,14648.327104
52.0,2501,14663.125774
50.0,2501,14678.282787
53.0,2501,14693.794816
65.0,2501,14721.864623
57.0,2501,14734.260856
56.0,2501,14746.826417
55.0,2501,14759.595263
59.0,2501,14773.7241
54.0,2501,14784.349198
54.0,2501,14797.439633
51.0,2501,14811.861582
53.0,2501,14826.744151
51.0,2501,14841.916684
57.0,2501,14854.432472
50.0,2501,14867.750919
50.0,2501,14880.300238
53.0,2501,14895.32346
56.0,2501,14908.441931
54.0,2501,14924.149614
55.0,2501,14939.359947
47.0,2501,14950.126492
54.0,2501,14962.222273
53.0,2501,14976.982621
59.0,2501,14991.559136
48.0,2501,15007.052853
51.0,2501,15023.038898
49.0,2501,15036.167642
57.0,2501,15049.154546
54.0,2501,15061.616488
54.0,2501,15074.269801
59.0,2501,15091.630796
48.0,2501,15104.464246
50.0,2501,15116.621176
54.0,2501,15129.310825
56.0,2501,15144.002085
54.0,2501,15157.123009
54.0,2501,15169.66805
58.0,2501,15184.358417
48.0,2501,15197.623199
54.0,2501,15210.588897
55.0,2501,15224.261148
54.0,2501,15236.295021
54.0,2501,15249.174731
52.0,2501,15285.980265
49.0,2501,15298.064046
53.0,2501,15311.156874
58.0,2501,15326.705198
51.0,2501,15341.89174
55.0,2501,15354.415114
56.0,2501,15366.162636
50.0,2501,15377.331541
51.0,2501,15390.774812
60.0,2501,15402.252997
48.0,2501,15414.950167
52.0,2501,15429.937712
56.0,2501,15443.798394
48.0,2501,15456.213965
54.0,2501,15469.09746
55.0,2501,15484.224669
55.0,2501,15499.293707
53.0,2501,15514.583958
54.0,2501,15527.56163
53.0,2501,15540.208666
49.0,2501,15554.729067
56.0,2501,15569.440943
57.0,2501,15584.721296
53.0,2501,15601.339521
48.0,2501,15614.495719
55.0,2501,15626.594241
60.0,2501,15639.942982
46.0,2501,15653.955286
50.0,2501,15669.263354
57.0,2501,15683.981851
56.0,2501,15696.42737
58.0,2501,15709.606428
53.0,2501,15725.283722
52.0,2501,15740.315173
60.0,2501,15755.031057
50.0,2501,15769.474855
60.0,2501,15782.293553
53.0,2501,15796.449606
56.0,2501,15811.314662
59.0,2501,15826.466866
58.0,2501,15865.826893
59.0,2501,15877.881708
54.0,2501,15892.538303
50.0,2501,15906.027712
59.0,2501,15918.235015
50.0,2501,15932.316568
52.0,2501,15945.371302
53.0,2501,15956.947435
53.0,2501,15969.494965
53.0,2501,15985.315415
57.0,2501,15999.171233
55.0,2501,16014.867457
48.0,2501,16030.437421
57.0,2501,16042.601308
51.0,2501,16054.791145
51.0,2501,16068.192982
52.0,2501,16084.064482
50.0,2501,16099.974199
54.0,2501,16114.035289
56.0,2501,16125.383499
52.0,2501,16140.932891
51.0,2501,16157.595328
58.0,2501,16171.66877
57.0,2501,16186.295451
57.0,2501,16197.918968
57.0,2501,16208.537623
56.0,2501,16218.172189
60.0,2501,16232.040991
55.0,2501,16243.798487
51.0,2501,16256.34662
55.0,2501,16271.649266
55.0,2501,16284.799466
52.0,2501,16296.911742
56.0,2501,16309.840411
52.0,2501,16324.221621
58.0,2501,16340.211061
50.0,2501,16355.675278
54.0,2501,16367.250108
52.0,2501,16379.399705
55.0,2501,16393.144489
59.0,2501,16425.47372
53.0,2501,16438.8288
61.0,2501,16449.868466
56.0,2501,16461.311729
50.0,2501,16475.857192
58.0,2501,16490.908455
58.0,2501,16504.4066
57.0,2501,16518.212112
48.0,2501,16529.921844
52.0,2501,16542.671313
51.0,2501,16556.271656
56.0,2501,16569.989137
39.0,2501,16583.820058
54.0,2501,16598.770824
50.0,2501,16612.83831
56.0,2501,16625.182456
51.0,2501,16637.676992
56.0,2501,16651.736715
60.0,2501,16666.274807
51.0,2501,16681.032426
51.0,2501,16693.389218
48.0,2501,16705.666788
55.0,2501,16719.763381
54.0,2501,16733.837932
61.0,2501,16749.634749
58.0,2501,16764.673617
55.0,2501,16777.569946
53.0,2501,16790.497227
49.0,2501,16807.048127
55.0,2501,16822.308465
52.0,2501,16837.071354
52.0,2501,16851.750978
56.0,2501,16864.716188
54.0,2501,16878.337065
57.0,2501,16893.376015
55.0,2501,16906.275645
50.0,2501,16920.102764
50.0,2501,16934.15568
53.0,2501,16947.993802
49.0,2501,16963.109834
55.0,2501,16997.599823
61.0,2501,17011.609891
50.0,2501,17022.89762
55.0,2501,17034.166406
48.0,2501,17048.732677
57.0,2501,17064.646405
55.0,2501,17078.907774
52.0,2501,17095.010519
58.0,2501,17107.859668
55.0,2501,17119.932186
56.0,2501,17133.108924
49.0,2501,17147.374153
56.0,2501,17164.611246
55.0,2501,17179.676472
52.0,2501,17191.534327
55.0,2501,17204.444158
54.0,2501,17217.541895
54.0,2501,17232.91302
54.0,2501,17247.560316
57.0,2501,17260.710789
57.0,2501,17273.772201
58.0,2501,17286.261363
53.0,2501,17299.809615
52.0,2501,17314.513542
57.0,2501,17329.240087
49.0,2501,17345.429346
53.0,2501,17357.56222
50.0,2501,17369.297479
56.0,2501,17383.777703
51.0,2501,17396.549354
53.0,2501,17410.56355
54.0,2501,17425.09986
53.0,2501,17436.915989
56.0,2501,17450.169142
60.0,2501,17466.130419
56.0,2501,17483.305532
56.0,2501,17497.611346
53.0,2501,17511.918348
58.0,2501,17523.47216
53.0,2501,17536.368713
54.0,2501,17568.282978
56.0,2501,17582.126897
56.0,2501,17594.010378
52.0,2501,17604.765049
51.0,2501,17617.003516
49.0,2501,17633.95737
59.0,2501,17649.163143
45.0,2501,17665.440012
57.0,2501,17679.651427
51.0,2501,17693.771713
55.0,2501,17707.530695
52.0,2501,17720.518916
54.0,2501,17732.457828
57.0,2501,17747.313325
51.0,2501,17759.628793
57.0,2501,17771.886501
46.0,2501,17785.988041
53.0,2501,17799.760605
55.0,2501,17814.075607
54.0,2501,17829.12519
54.0,2501,17841.103706
53.0,2501,17852.719743
50.0,2501,17866.141287
53.0,2501,17879.304486
54.0,2501,17892.453202
52.0,2501,17906.736368
54.0,2501,17919.41864
53.0,2501,17931.162067
61.0,2501,17945.456778
53.0,2501,17959.798657
54.0,2501,17973.769386
53.0,2501,17986.110363
56.0,2501,17996.836194
59.0,2501,18009.960967
55.0,2501,18026.480694
53.0,2501,18041.446813
54.0,2501,18055.112781
48.0,2501,18069.201275
50.0,2501,18081.756186
49.0,2501,18095.409526
55.0,2501,18130.962166
54.0,2501,18145.493897
51.0,2501,18159.389769
52.0,2501,18171.280276
60.0,2501,18182.115439
55.0,2501,18194.532637
57.0,2501,18209.20764
54.0,2501,18223.765698
58.0,2501,18237.999881
57.0,2501,18250.832854
52.0,2501,18263.534767
55.0,2501,18277.125282
54.0,2501,18290.746348
55.0,2501,18304.382642
59.0,2501,18317.406948
55.0,2501,18330.002508
53.0,2501,18341.96974
54.0,2501,18357.328749
55.0,2501,18373.129468
53.0,2501,18387.451261
53.0,2501,18400.432164
59.0,2501,18414.026049
61.0,2501,18427.436747
50.0,2501,18442.463728
58.0,2501,18458.510618
57.0,2501,18474.383254
54.0,2501,18491.096495
52.0,2501,18503.233531
53.0,2501,18517.076861
56.0,2501,18531.250565
54.0,2501,18545.487766
59.0,2501,18560.004956
51.0,2501,18571.569849
51.0,2501,18584.188386
51.0,2501,18597.347949
54.0,2501,18612.267213
53.0,2501,18627.107035
52.0,2501,18642.17252
49.0,2501,18654.240415
51.0,2501,18666.323628
52.0,2501,18698.699576
59.0,2501,18711.901063
55.0,2501,18726.257696
52.0,2501,18738.679438
59.0,2501,18752.383636
54.0,2501,18766.66595
56.0,2501,18780.732565
56.0,2501,18794.640804
52.0,2501,18808.97033
58.0,2501,18821.453361
53.0,2501,18835.379388
53.0,2501,18849.871239
49.0,2501,18862.14784
54.0,2501,18874.965161
56.0,2501,18889.281711
54.0,2501,18901.917932
54.0,2501,18914.970646
56.0,2501,18929.789122
51.0,2501,18944.938918
61.0,2501,18960.539894
56.0,2501,18973.558636
54.0,2501,18985.364758
56.0,2501,18997.894976
54.0,2501,19012.718497
53.0,2501,19027.459464
54.0,2501,19041.861905
55.0,2501,19056.071898
51.0,2501,19068.505605
49.0,2501,19081.292207
59.0,2501,19097.875298
53.0,2501,19113.705039
55.0,2501,19129.110201
55.0,2501,19142.308652
54.0,2501,19154.932771
52.0,2501,19169.022954
56.0,2501,19184.332731
60.0,2501,19197.047868
54.0,2501,19212.137602
52.0,2501,19224.735314
57.0,2501,19240.242013
54.0,2501,19271.402556
54.0,2501,19285.663128
50.0,2501,19298.62309
50.0,2501,19310.890242
52.0,2501,19322.842894
45.0,2501,19337.308542
55.0,2501,19350.943673
58.0,2501,19365.423917
59.0,2501,19378.571906
57.0,2501,19391.362733
58.0,2501,19405.567147
46.0,2501,19421.38642
55.0,2501,19435.619886
51.0,2501,19447.353269
55.0,2501,19460.381916
56.0,2501,19471.787263
52.0,2501,19484.461884
54.0,2501,19499.056859
51.0,2501,19511.815475
53.0,2501,19525.281949
56.0,2501,19539.787422
59.0,2501,19553.572658
53.0,2501,19566.332772
56.0,2501,19580.25573
57.0,2501,19593.674078
60.0,2501,19608.482291
54.0,2501,19623.255771
49.0,2501,19633.676689
51.0,2501,19645.123074
54.0,2501,19657.975716
60.0,2501,19670.366852
54.0,2501,19685.291813
57.0,2501,19699.78534
50.0,2501,19712.201078
51.0,2501,19725.072074
54.0,2501,19739.926384
43.0,2501,19754.056123
55.0,2501,19769.182402
54.0,2501,19783.529421
51.0,2501,19795.660092
56.0,2501,19827.443837
56.0,2501,19839.928046
56.0,2501,19853.300754
54.0,2501,19867.382061
56.0,2501,19878.771148
53.0,2501,19890.009094
56.0,2501,19904.634039
53.0,2501,19918.758675
53.0,2501,19934.974617
60.0,2501,19949.607231
51.0,2501,19961.465853
56.0,2501,19972.977806
56.0,2501,19986.29447
56.0,2501,19998.164597
54.0,2501,20010.693554
56.0,2501,20025.246983
51.0,2501,20038.532326
56.0,2501,20051.492306
54.0,2501,20064.966307
55.0,2501,20080.787521
59.0,2501,20095.785596
55.0,2501,20111.573467
61.0,2501,20123.825266
50.0,2501,20135.840183
59.0,2501,20148.637887
53.0,2501,20162.071971
53.0,2501,20177.420347
60.0,2501,20191.592795
49.0,2501,20204.486581
57.0,2501,20216.372856
56.0,2501,20229.534623
53.0,2501,20243.312896
57.0,2501,20257.359355
53.0,2501,20272.585088
54.0,2501,20284.705165
54.0,2501,20297.679401
53.0,2501,20311.318276
55.0,2501,20327.883869
50.0,2501,20341.530447
51.0,2501,20356.484734
56.0,2501,20391.826194
54.0,2501,20406.446824
55.0,2501,20421.455603
56.0,2501,20436.802115
58.0,2501,20452.348983
53.0,2501,20464.116783
48.0,2501,20476.072042
63.0,2501,20489.409336
53.0,2501,20504.955363
56.0,2501,20522.07706
57.0,2501,20537.763946
55.0,2501,20549.062327
54.0,2501,20560.770941
61.0,2501,20575.165268
52.0,2501,20589.389189
47.0,2501,20602.857972
60.0,2501,20617.580206
53.0,2501,20629.777223
51.0,2501,20641.861167
58.0,2501,20656.887793
57.0,2501,20671.882375
49.0,2501,20688.941369
54.0,2501,20702.478714
53.0,2501,20714.888145
59.0,2501,20728.971551
54.0,2501,20742.835821
54.0,2501,20756.479236
55.0,2501,20770.649791
54.0,2501,20782.123994
55.0,2501,20793.513152
51.0,2501,20806.230187
57.0,2501,20820.711735
48.0,2501,20834.067414
53.0,2501,20849.777252
57.0,2501,20862.465515
54.0,2501,20875.342596
53.0,2501,20889.496888
56.0,2501,20903.205841
55.0,2501,20917.946735
54.0,2501,20931.606108
56.0,2501,20965.33697
54.0,2501,20980.929418
52.0,2501,20995.190417
59.0,2501,21007.557638
54.0,2501,21021.15471
53.0,2501,21034.073636
52.0,2501,21047.454478
55.0,2501,21061.103571
55.0,2501,21076.674217
53.0,2501,21092.143973
61.0,2501,21106.282055
61.0,2501,21118.758205
54.0,2501,21130.872509
52.0,2501,21145.091756
53.0,2501,21159.270854
53.0,2501,21171.100642
52.0,2501,21185.101292
50.0,2501,21197.895813
61.0,2501,21209.879584
57.0,2501,21223.905359
59.0,2501,21238.26419
61.0,2501,21252.085994
55.0,2501,21265.235359
53.0,2501,21279.726517
53.0,2501,21291.8201
55.0,2501,21305.042701
53.0,2501,21320.445335
56.0,2501,21333.908632
55.0,2501,21349.185803
52.0,2501,21361.813055
52.0,2501,21374.786285
52.0,2501,21389.09802
54.0,2501,21404.364952
57.0,2501,21420.351689
61.0,2501,21434.976596
59.0,2501,21447.471161
52.0,2501,21460.223919
60.0,2501,21475.39464
54.0,2501,21489.802005
51.0,2501,21502.150157
53.0,2501,21538.599486
56.0,2501,21553.402487
54.0,2501,21567.939212
53.0,2501,21583.83952
54.0,2501,21597.51755
56.0,2501,21610.025702
59.0,2501,21621.410921
50.0,2501,21636.833961
51.0,2501,21651.036182
52.0,2501,21662.999984
53.0,2501,21678.456046
56.0,2501,21689.682953
54.0,2501,21700.196135
56.0,2501,21714.634199
53.0,2501,21729.179908
57.0,2501,21742.153638
55.0,2501,21756.11024
58.0,2501,21768.313079
49.0,2501,21781.260575
55.0,2501,21796.362118
52.0,2501,21811.286001
52.0,2501,21827.085734
59.0,2501,21839.050942
57.0,2501,21852.102813
57.0,2501,21863.568053
54.0,2501,21879.727218
54.0,2501,21894.741309
55.0,2501,21910.768952
58.0,2501,21923.882468
58.0,2501,21936.508823
54.0,2501,21950.281501
58.0,2501,21964.242781
55.0,2501,21979.772262
54.0,2501,21993.702551
55.0,2501,22005.569192
59.0,2501,22017.323905
54.0,2501,22030.413406
47.0,2501,22045.697411
56.0,2501,22063.40746
56.0,2501,22078.898652
53.0,2501,22104.361867
52.0,2501,22118.71969
54.0,2501,22132.618184
52.0,2501,22147.078961
51.0,2501,22163.759662
52.0,2501,22176.261012
60.0,2501,22187.913439
57.0,2501,22201.81429
61.0,2501,22215.9842
54.0,2501,22229.651225
53.0,2501,22244.508842
46.0,2501,22257.927575
53.0,2501,22271.62491
56.0,2501,22285.093645
55.0,2501,22299.088161
51.0,2501,22312.952064
54.0,2501,22326.042448
53.0,2501,22339.173323
56.0,2501,22352.235448
57.0,2501,22365.089671
56.0,2501,22380.483477
56.0,2501,22395.657588
48.0,2501,22410.456705
53.0,2501,22422.823751
55.0,2501,22435.22471
53.0,2501,22449.35923
58.0,2501,22464.913394
53.0,2501,22478.392605
53.0,2501,22491.299592
58.0,2501,22502.904361
49.0,2501,22514.942815
48.0,2501,22530.56768
53.0,2501,22547.607888
59.0,2501,22562.083735
49.0,2501,22575.711659
55.0,2501,22588.152437
52.0,2501,22601.359482
55.0,2501,22615.452469
49.0,2501,22630.09121
52.0,2501,22642.756
55.0,2501,22667.79194
51.0,2501,22681.239732
54.0,2501,22695.025112
56.0,2501,22710.833589
55.0,2501,22725.95242
53.0,2501,22739.568428
57.0,2501,22752.168234
54.0,2501,22763.401905
50.0,2501,22775.289832
55.0,2501,22789.588292
57.0,2501,22807.445956
50.0,2501,22820.415051
50.0,2501,22833.411522
55.0,2501,22846.008524
56.0,2501,22861.586795
55.0,2501,22875.742286
54.0,2501,22890.816794
52.0,2501,22903.612251
56.0,2501,22918.4293
54.0,2501,22930.929271
58.0,2501,22943.941344
56.0,2501,22960.599378
55.0,2501,22976.472529
58.0,2501,22992.023226
54.0,2501,23006.092182
55.0,2501,23019.422588
59.0,2501,23032.931352
52.0,2501,23048.721712
58.0,2501,23065.137448
48.0,2501,23080.279187
53.0,2501,23093.881365
58.0,2501,23107.06313
57.0,2501,23121.910548
58.0,2501,23136.813598
54.0,2501,23151.199074
55.0,2501,23167.147595
56.0,2501,23180.221009
51.0,2501,23194.208401
54.0,2501,23210.678802
56.0,2501,23225.849226
63.0,2501,23265.321489
52.0,2501,23280.405478
47.0,2501,23296.732867
54.0,2501,23310.641199
53.0,2501,23327.053897
48.0,2501,23342.079297
54.0,2501,23355.589261
58.0,2501,23369.336765
61.0,2501,23385.127301
54.0,2501,23400.896611
58.0,2501,23418.224306
51.0,2501,23432.437561
55.0,2501,23445.691983
56.0,2501,23459.700047
59.0,2501,23473.145818
56.0,2501,23489.346688
59.0,2501,23505.215028
56.0,2501,23517.667058
51.0,2501,23531.394664
53.0,2501,23548.646836
63.0,2501,23564.147721
46.0,2501,23581.07886
48.0,2501,23596.288229
55.0,2501,23609.764631
54.0,2501,23622.680087
63.0,2501,23639.917059
55.0,2501,23656.322533
56.0,2501,23672.269913
54.0,2501,23686.406234
53.0,2501,23700.5962
50.0,2501,23714.677118
58.0,2501,23729.819046
55.0,2501,23744.120949
55.0,2501,23758.424423
55.0,2501,23769.401721
54.0,2501,23777.525294
58.0,2501,23791.006848
56.0,2501,23803.676025
52.0,2501,23817.170665
51.0,2501,23832.159028
51.0,2501,23864.361441
53.0,2501,23877.389852
58.0,2501,23892.982131
53.0,2501,23909.823527
55.0,2501,23923.719869
53.0,2501,23935.820425
51.0,2501,23948.335219
53.0,2501,23963.678561
52.0,2501,23980.540752
53.0,2501,23995.045004
57.0,2501,24007.768482
54.0,2501,24020.478892
49.0,2501,24035.175043
57.0,2501,24051.885166
55.0,2501,24067.658257
49.0,2501,24082.103668
53.0,2501,24094.450349
58.0,2501,24107.279519
50.0,2501,24121.834868
56.0,2501,24136.861073
48.0,2501,24152.876993
53.0,2501,24166.025491
49.0,2501,24179.47586
54.0,2501,24194.04591
56.0,2501,24209.522817
57.0,2501,24226.875009
49.0,2501,24242.236332
58.0,2501,24255.723508
59.0,2501,24267.427709
52.0,2501,24281.228725
51.0,2501,24297.386936
50.0,2501,24311.06146
54.0,2501,24326.052462
58.0,2501,24339.13348
52.0,2501,24351.535438
54.0,2501,24364.927574
54.0,2501,24382.292414
55.0,2501,24397.309003
50.0,2501,24412.06702
60.0,2501,24422.927609
56.0,2501,24458.632199
50.0,2501,24476.781419
57.0,2501,24493.4689
53.0,2501,24506.999082
50.0,2501,24520.466864
60.0,2501,24535.090454
55.0,2501,24550.4376
56.0,2501,24566.337488
56.0,2501,24580.79118
49.0,2501,24592.700701
56.0,2501,24607.217308
49.0,2501,24622.29024
57.0,2501,24636.499382
54.0,2501,24651.744054
52.0,2501,24664.826315
54.0,2501,24676.987344
49.0,2501,24691.607423
57.0,2501,24707.499615
58.0,2501,24722.618521
57.0,2501,24737.020911
52.0,2501,24749.162765
52.0,2501,24761.996251
51.0,2501,24777.397826
54.0,2501,24793.574833
56.0,2501,24809.223708
59.0,2501,24823.337145
52.0,2501,24837.052594
54.0,2501,24851.411246
58.0,2501,24867.92837
52.0,2501,24885.112786
54.0,2501,24900.201195
54.0,2501,24912.737649
60.0,2501,24925.272894
58.0,2501,24939.270302
53.0,2501,24955.981999
54.0,2501,24970.990466
53.0,2501,24985.12319
52.0,2501,24999.604789
52.0,2501,25012.588721
55.0,2501,25027.488231
55.0,2501,25066.805292
51.0,2501,25078.884024
58.0,2501,25090.035416
51.0,2501,25103.964621
56.0,2501,25120.079412
56.0,2501,25135.597082
58.0,2501,25149.378177
51.0,2501,25160.949765
56.0,2501,25173.143892
54.0,2501,25187.087022
55.0,2501,25201.942069
54.0,2501,25217.572738
52.0,2501,25230.952119
61.0,2501,25243.400933
49.0,2501,25255.709026
59.0,2501,25267.974605
55.0,2501,25282.264882
52.0,2501,25295.573266
57.0,2501,25311.413738
53.0,2501,25324.309427
56.0,2501,25337.011528
59.0,2501,25351.675854
51.0,2501,25367.419768
51.0,2501,25380.277298
50.0,2501,25394.14451
61.0,2501,25406.31957
56.0,2501,25416.902528
51.0,2501,25431.875434
54.0,2501,25446.716326
57.0,2501,25462.658027
52.0,2501,25476.457262
54.0,2501,25490.271405
59.0,2501,25503.955372
56.0,2501,25519.256682
58.0,2501,25532.820313
55.0,2501,25547.601051
49.0,2501,25561.764586
57.0,2501,25574.447872
56.0,2501,25588.147312
60.0,2501,25600.995758
52.0,2501,25628.307229
55.0,2501,25641.569544
54.0,2501,25655.378673
55.0,2501,25667.555025
60.0,2501,25682.718507
60.0,2501,25697.056479
56.0,2501,25711.469126
53.0,2501,25724.619368
52.0,2501,25736.445866
54.0,2501,25748.541401
54.0,2501,25761.252629
55.0,2501,25775.252454
50.0,2501,25790.112909
53.0,2501,25803.714019
56.0,2501,25815.846859
51.0,2501,25828.678902
55.0,2501,25843.122746
52.0,2501,25857.056521
53.0,2501,25872.037806
54.0,2501,25885.688565
56.0,2501,25898.097858
55.0,2501,25910.808418
53.0,2501,25925.3712
54.0,2501,25939.378272
51.0,2501,25951.76772
56.0,2501,25965.441332
54.0,2501,25978.135464
57.0,2501,25989.794734
54.0,2501,26003.209599
55.0,2501,26017.111808
55.0,2501,26030.872975
57.0,2501,26045.139297
52.0,2501,26057.32416
55.0,2501,26069.329982
61.0,2501,26084.517245
52.0,2501,26097.939978
53.0,2501,26112.239318
52.0,2501,26124.724123
58.0,2501,26136.817859
50.0,2501,26150.308735
51.0,2501,26189.988929
58.0,2501,26203.840423
57.0,2501,26216.806175
53.0,2501,26229.567261
51.0,2501,26245.241771
53.0,2501,26259.567647
53.0,2501,26274.385602
48.0,2501,26288.151374
58.0,2501,26298.980916
52.0,2501,26311.334412
53.0,2501,26325.321032
56.0,2501,26340.467245
52.0,2501,26356.043356
55.0,2501,26368.597923
56.0,2501,26380.625877
57.0,2501,26393.624427
55.0,2501,26407.00159
57.0,2501,26421.234208
51.0,2501,26436.261296
55.0,2501,26448.762694
57.0,2501,26462.269503
56.0,2501,26478.461762
52.0,2501,26497.296542
59.0,2501,26512.214108
56.0,2501,26525.603577
55.0,2501,26539.520498
58.0,2501,26552.085077
55.0,2501,26566.802663
62.0,2501,26581.700226
50.0,2501,26596.34068
54.0,2501,26607.299309
52.0,2501,26620.866858
53.0,2501,26633.596342
57.0,2501,26646.242253
51.0,2501,26661.161086
59.0,2501,26675.58336
60.0,2501,26691.523764
53.0,2501,26704.856728
55.0,2501,26717.200593
58.0,2501,26732.347526
55.0,2501,26770.070598
51.0,2501,26782.893225
55.0,2501,26795.427741
57.0,2501,26809.521208
55.0,2501,26824.277528
55.0,2501,26838.228391
58.0,2501,26853.758281
55.0,2501,26866.636534
54.0,2501,26878.528687
52.0,2501,26892.892961
56.0,2501,26906.20699
55.0,2501,26920.338638
51.0,2501,26935.722686
53.0,2501,26949.051603
54.0,2501,26960.742095
53.0,2501,26974.329625
60.0,2501,26987.228023
50.0,2501,27001.948481
51.0,2501,27015.425588
56.0,2501,27028.012992
50.0,2501,27041.550819
53.0,2501,27055.201547
56.0,2501,27067.348289
51.0,2501,27080.594605
56.0,2501,27092.826184
58.0,2501,27104.708951
53.0,2501,27115.979929
59.0,2501,27128.91733
50.0,2501,27143.485071
55.0,2501,27157.664248
52.0,2501,27171.885839
53.0,2501,27186.265985
56.0,2501,27199.589488
58.0,2501,27213.359246
55.0,2501,27229.083665
49.0,2501,27244.122407
52.0,2501,27260.003578
53.0,2501,27272.368766
53.0,2501,27284.868656
54.0,2501,27299.432024
54.0,2501,27332.074818
53.0,2501,27345.31653
54.0,2501,27356.961945
56.0,2501,27369.330995
56.0,2501,27381.991782
56.0,2501,27397.137924
56.0,2501,27411.151655
57.0,2501,27423.542785
51.0,2501,27436.115898
55.0,2501,27447.66952
53.0,2501,27463.533834
53.0,2501,27478.228408
43.0,2501,27493.043653
54.0,2501,27506.810706
53.0,2501,27521.055986
56.0,2501,27535.636313
55.0,2501,27552.331739
54.0,2501,27568.228685
57.0,2501,27583.857198
52.0,2501,27596.652277
53.0,2501,27609.269423
53.0,2501,27623.128742
53.0,2501,27637.019423
54.0,2501,27650.970955
47.0,2501,27664.187038
55.0,2501,27675.79691
57.0,2501,27688.525503
58.0,2501,27703.893854
51.0,2501,27718.800255
59.0,2501,27732.928784
54.0,2501,27745.972419
54.0,2501,27759.067322
58.0,2501,27772.113316
52.0,2501,27790.756973
51.0,2501,27805.072446
54.0,2501,27820.918892
61.0,2501,27834.23965
52.0,2501,27847.687774
54.0,2501,27860.619085
50.0,2501,27876.458236
55.0,2501,27904.99061
59.0,2501,27920.128653
50.0,2501,27933.237226
51.0,2501,27947.0792
55.0,2501,27962.511191
49.0,2501,27977.828993
59.0,2501,27993.631484
52.0,2501,28007.019161
53.0,2501,28019.808914
48.0,2501,28034.097845
54.0,2501,28049.191124
52.0,2501,28065.918931
57.0,2501,28080.104383
56.0,2501,28092.857754
55.0,2501,28107.164201
55.0,2501,28120.85151
56.0,2501,28135.373214
55.0,2501,28148.875401
61.0,2501,28162.173378
53.0,2501,28176.342224
54.0,2501,28189.158306
51.0,2501,28203.244817
58.0,2501,28217.951959
52.0,2501,28232.635116
52.0,2501,28246.208595
60.0,2501,28259.437419
56.0,2501,28273.413158
54.0,2501,28290.310265
58.0,2501,28305.1548
55.0,2501,28318.348766
56.0,2501,28333.273724
54.0,2501,28345.255436
53.0,2501,28358.301681
57.0,2501,28373.121085
52.0,2501,28388.238212
52.0,2501,28403.555791
52.0,2501,28415.551932
52.0,2501,28429.021949
52.0,2501,28443.002417
54.0,2501,28458.543404
64.0,2501,28498.608804
53.0,2501,28511.314282
54.0,2501,28526.118997
56.0,2501,28541.429216
54.0,2501,28557.240642
50.0,2501,28570.769291
56.0,2501,28585.53667
50.0,2501,28597.844879
50.0,2501,28611.14465
53.0,2501,28625.503591
52.0,2501,28638.690549
57.0,2501,28654.685667
48.0,2501,28667.384458
59.0,2501,28679.620807
42.0,2501,28694.333923
61.0,2501,28710.951543
56.0,2501,28725.166408
47.0,2501,28736.671962
51.0,2501,28748.962925
48.0,2501,28761.306025
57.0,2501,28776.120617
54.0,2501,28790.228937
59.0,2501,28805.403661
56.0,2501,28819.546467
54.0,2501,28833.024937
56.0,2501,28845.916889
57.0,2501,28861.138003
54.0,2501,28876.959741
61.0,2501,28892.462196
63.0,2501,28905.473161
60.0,2501,28915.685922
43.0,2501,28928.896523
53.0,2501,28944.339915
51.0,2501,28959.202648
54.0,2501,28974.801742
54.0,2501,28987.39957
55.0,2501,28999.271144
50.0,2501,29013.42136
58.0,2501,29028.663847
56.0,2501,29042.71099
55.0,2501,29076.127767
58.0,2501,29089.120118
56.0,2501,29104.437199
55.0,2501,29119.263232
53.0,2501,29134.425473
51.0,2501,29148.405021
58.0,2501,29160.834361
53.0,2501,29173.72815
50.0,2501,29188.875807
53.0,2501,29204.411823
53.0,2501,29219.141711
54.0,2501,29230.990506
57.0,2501,29243.748437
59.0,2501,29257.136315
53.0,2501,29271.640351
53.0,2501,29287.377617
53.0,2501,29302.579001
57.0,2501,29314.192996
58.0,2501,29327.26169
55.0,2501,29341.487636
53.0,2501,29355.716432
52.0,2501,29370.709304
54.0,2501,29386.021294
52.0,2501,29397.614898
57.0,2501,29411.172823
50.0,2501,29426.649957
55.0,2501,29442.843385
57.0,2501,29458.434337
50.0,2501,29472.805571
61.0,2501,29486.217078
57.0,2501,29500.538589
55.0,2501,29515.555349
50.0,2501,29530.472649
49.0,2501,29545.123491
54.0,2501,29559.895491
60.0,2501,29572.736879
54.0,2501,29586.618153
51.0,2501,29602.296874
56.0,2501,29616.149135
56.0,2501,29633.101111
61.0,2501,29673.585606
53.0,2501,29689.479677
55.0,2501,29706.124996
60.0,2501,29721.467207
56.0,2501,29735.852385
58.0,2501,29746.494056
54.0,2501,29759.665423
56.0,2501,29775.254691
53.0,2501,29790.788061
56.0,2501,29805.388359
55.0,2501,29818.437754
54.0,2501,29831.495108
55.0,2501,29844.727865
56.0,2501,29860.064935
56.0,2501,29875.102077
49.0,2501,29889.649996
63.0,2501,29905.596249
59.0,2501,29919.093286
57.0,2501,29932.132952
56.0,2501,29947.645653
53.0,2501,29962.093988
61.0,2501,29977.596045
50.0,2501,29991.82426
54.0,2501,30005.504143
59.0,2501,30018.733541
56.0,2501,30032.79763
52.0,2501,30048.851632
54.0,2501,30063.649436
57.0,2501,30077.517941
57.0,2501,30090.902643
56.0,2501,30104.271411
56.0,2501,30117.857347
54.0,2501,30132.743121
55.0,2501,30148.278266
55.0,2501,30161.9366
52.0,2501,30174.8482
62.0,2501,30190.128906
59.0,2501,30204.348042
53.0,2501,30219.845994
49.0,2501,30234.459662
58.0,2501,30269.41291
49.0,2501,30282.711422
59.0,2501,30296.681667
51.0,2501,30310.798262
50.0,2501,30324.159506
54.0,2501,30336.018638
50.0,2501,30348.314603
57.0,2501,30361.563958
51.0,2501,30375.970945
54.0,2501,30389.970149
59.0,2501,30403.925295
57.0,2501,30416.306972
55.0,2501,30428.147573
52.0,2501,30441.672143
59.0,2501,30457.395404
54.0,2501,30471.014699
55.0,2501,30485.842466
54.0,2501,30498.635936
55.0,2501,30512.178532
59.0,2501,30525.877426
57.0,2501,30540.20907
57.0,2501,30555.738464
60.0,2501,30570.362439
49.0,2501,30582.40473
56.0,2501,30595.243872
58.0,2501,30610.277121
51.0,2501,30624.880359
54.0,2501,30638.499274
53.0,2501,30652.905573
61.0,2501,30665.053698
55.0,2501,30677.742317
54.0,2501,30691.254276
57.0,2501,30705.241961
59.0,2501,30719.682325
57.0,2501,30734.453818
51.0,2501,30746.998342
55.0,2501,30760.929325
51.0,2501,30777.388804
58.0,2501,30791.618036
56.0,2501,30805.922846
56.0,2501,30843.514831
53.0,2501,30856.481279
55.0,2501,30870.925194
58.0,2501,30886.528139
53.0,2501,30901.631833
56.0,2501,30914.376658
60.0,2501,30926.209907
60.0,2501,30942.329971
54.0,2501,30957.576101
54.0,2501,30971.545811
57.0,2501,30983.498357
56.0,2501,30997.118051
54.0,2501,31008.652939
60.0,2501,31021.068916
55.0,2501,31034.743937
54.0,2501,31047.982482
54.0,2501,31061.917768
51.0,2501,31074.827606
58.0,2501,31087.810167
62.0,2501,31101.151058
56.0,2501,31114.947864
53.0,2501,31129.249382
58.0,2501,31141.689954
58.0,2501,31155.51604
60.0,2501,31166.855729
55.0,2501,31179.753695
58.0,2501,31191.974151
55.0,2501,31205.423169
53.0,2501,31218.499711
55.0,2501,31231.384233
52.0,2501,31243.67849
53.0,2501,31255.853852
58.0,2501,31270.562098
53.0,2501,31284.561485
53.0,2501,31298.654337
54.0,2501,31312.676256
51.0,2501,31325.579437
54.0,2501,31337.274273
57.0,2501,31348.921427
49.0,2501,31363.327392
58.0,2501,31399.224022
55.0,2501,31412.286247
59.0,2501,31425.081597
56.0,2501,31439.612059
55.0,2501,31454.724926
58.0,2501,31469.62544
57.0,2501,31483.977384
59.0,2501,31496.745134
54.0,2501,31509.150912
52.0,2501,31523.665805
57.0,2501,31538.831945
52.0,2501,31553.500983
57.0,2501,31565.792016
58.0,2501,31576.720093
60.0,2501,31589.151095
59.0,2501,31601.537987
53.0,2501,31615.198174
53.0,2501,31629.046389
51.0,2501,31643.718129
53.0,2501,31656.796051
55.0,2501,31667.715592
57.0,2501,31681.584836
53.0,2501,31696.4328
49.0,2501,31711.453474
57.0,2501,31725.777487
58.0,2501,31738.912456
58.0,2501,31752.441104
56.0,2501,31767.970632
50.0,2501,31782.90801
56.0,2501,31798.077843
55.0,2501,31810.999401
53.0,2501,31823.222803
44.0,2501,31835.874731
51.0,2501,31849.186133
53.0,2501,31863.609747
57.0,2501,31878.805005
57.0,2501,31891.317977
59.0,2501,31902.810004
56.0,2501,31915.569284
58.0,2501,31928.807269
53.0,2501,31971.908382
54.0,2501,31981.749157
56.0,2501,31994.705741
58.0,2501,32010.853053
51.0,2501,32027.037997
52.0,2501,32042.074485
57.0,2501,32055.109784
59.0,2501,32068.216499
54.0,2501,32081.539026
51.0,2501,32095.79376
58.0,2501,32109.741069
55.0,2501,32123.185297
56.0,2501,32136.337794
58.0,2501,32148.039084
56.0,2501,32160.122445
60.0,2501,32174.46712
55.0,2501,32189.725307
54.0,2501,32203.06573
58.0,2501,32217.61436
59.0,2501,32230.315665
54.0,2501,32242.545075
51.0,2501,32256.959805
51.0,2501,32273.438018
53.0,2501,32287.795614
53.0,2501,32301.033265
52.0,2501,32311.530827
59.0,2501,32324.938099
59.0,2501,32340.416377
54.0,2501,32354.304806
54.0,2501,32368.205399
51.0,2501,32382.089991
59.0,2501,32396.36851
55.0,2501,32410.649737
52.0,2501,32425.684445
56.0,2501,32439.372024
56.0,2501,32454.636433
50.0,2501,32468.992215
53.0,2501,32482.153123
54.0,2501,32496.729973
53.0,2501,32511.919108
57.0,2501,32544.391751
60.0,2501,32557.031125
56.0,2501,32569.358213
56.0,2501,32583.837585
54.0,2501,32598.367767
54.0,2501,32613.364623
53.0,2501,32624.03916
53.0,2501,32636.036905
53.0,2501,32649.186389
49.0,2501,32664.329526
55.0,2501,32677.90886
52.0,2501,32690.894789
58.0,2501,32701.396355
49.0,2501,32714.248385
57.0,2501,32729.897348
57.0,2501,32744.370036
57.0,2501,32758.299978
52.0,2501,32772.21926
51.0,2501,32785.911797
51.0,2501,32798.43614
53.0,2501,32811.179925
57.0,2501,32824.542612
52.0,2501,32839.300888
58.0,2501,32854.259942
54.0,2501,32867.64151
59.0,2501,32879.793512
56.0,2501,32893.267093
55.0,2501,32908.748705
54.0,2501,32922.526299
58.0,2501,32938.203825
51.0,2501,32949.625364
53.0,2501,32961.566628
57.0,2501,32975.516817
50.0,2501,32990.055722
58.0,2501,33005.232725
54.0,2501,33020.285694
56.0,2501,33032.274917
55.0,2501,33045.263945
57.0,2501,33059.669656
51.0,2501,33074.151587
53.0,2501,33112.074536
58.0,2501,33125.646746
55.0,2501,33140.210381
52.0,2501,33154.77175
55.0,2501,33169.073482
53.0,2501,33183.24111
56.0,2501,33196.065795
62.0,2501,33207.36604
56.0,2501,33219.98244
52.0,2501,33233.53429
48.0,2501,33248.014361
59.0,2501,33260.626722
57.0,2501,33273.384731
51.0,2501,33285.98093
53.0,2501,33299.225175
50.0,2501,33313.543187
57.0,2501,33328.625967
57.0,2501,33342.24933
57.0,2501,33355.599819
52.0,2501,33368.475104
56.0,2501,33381.173078
57.0,2501,33394.395533
56.0,2501,33410.069477
52.0,2501,33424.534876
57.0,2501,33438.648722
55.0,2501,33450.902924
50.0,2501,33464.202411
47.0,2501,33477.653412
51.0,2501,33493.024595
55.0,2501,33507.735791
51.0,2501,33521.978728
60.0,2501,33534.654581
52.0,2501,33548.738367
56.0,2501,33566.47967
57.0,2501,33581.181265
51.0,2501,33594.077748
55.0,2501,33606.251785
56.0,2501,33618.085631
58.0,2501,33631.465814
53.0,2501,33644.960337
57.0,2501,33683.871433
57.0,2501,33696.159779
55.0,2501,33709.116027
54.0,2501,33723.622111
49.0,2501,33736.918782
53.0,2501,33749.780167
50.0,2501,33763.074259
58.0,2501,33774.924353
54.0,2501,33787.781782
51.0,2501,33801.901391
56.0,2501,33816.949987
52.0,2501,33830.81931
54.0,2501,33844.384264
56.0,2501,33857.282691
56.0,2501,33870.885324
53.0,2501,33885.117422
54.0,2501,33899.455272
49.0,2501,33911.662149
52.0,2501,33923.325076
55.0,2501,33935.849037
60.0,2501,33947.411443
51.0,2501,33960.581992
52.0,2501,33975.274455
57.0,2501,33989.398149
55.0,2501,34003.316467
46.0,2501,34015.820697
56.0,2501,34028.673002
54.0,2501,34042.133838
52.0,2501,34056.286944
50.0,2501,34071.141546
58.0,2501,34083.981516
51.0,2501,34095.881988
54.0,2501,34109.749682
54.0,2501,34124.01056
54.0,2501,34138.876574
55.0,2501,34154.186602
58.0,2501,34168.346935
57.0,2501,34180.158241
53.0,2501,34192.910606
51.0,2501,34207.362555
52.0,2501,34243.40484
48.0,2501,34255.936141
54.0,2501,34268.309153
54.0,2501,34283.471084
57.0,2501,34300.084057
46.0,2501,34313.502493
52.0,2501,34327.735947
51.0,2501,34340.851121
58.0,2501,34354.54518
54.0,2501,34370.795764
57.0,2501,34386.300607
54.0,2501,34400.003757
51.0,2501,34412.800282
57.0,2501,34426.456294
56.0,2501,34440.150916
56.0,2501,34454.849261
49.0,2501,34468.691471
56.0,2501,34480.54415
58.0,2501,34492.789486
53.0,2501,34505.77188
58.0,2501,34518.379952
47.0,2501,34532.974891
53.0,2501,34547.49995
59.0,2501,34561.874316
58.0,2501,34574.383517
59.0,2501,34585.527793
57.0,2501,34597.146681
55.0,2501,34611.834373
60.0,2501,34626.343651
48.0,2501,34640.250263
57.0,2501,34655.469183
48.0,2501,34669.322808
53.0,2501,34682.436073
57.0,2501,34695.840819
52.0,2501,34710.653273
55.0,2501,34724.421259
56.0,2501,34737.928127
54.0,2501,34751.546387
60.0,2501,34763.928043
52.0,2501,34777.740025
49.0,2501,34808.647775
57.0,2501,34822.016237
51.0,2501,34836.945882
51.0,2501,34849.011456
55.0,2501,34862.901072
56.0,2501,34878.483329
55.0,2501,34893.039589
55.0,2501,34907.531148
57.0,2501,34922.408586
56.0,2501,34935.769283
51.0,2501,34948.088321
55.0,2501,34960.67139
58.0,2501,34973.111258
55.0,2501,34987.172481
53.0,2501,35002.449741
55.0,2501,35016.934082
56.0,2501,35029.728713
57.0,2501,35042.644742
57.0,2501,35055.489753
52.0,2501,35071.93542
62.0,2501,35086.654124
57.0,2501,35100.314858
56.0,2501,35115.137879
52.0,2501,35129.194168
52.0,2501,35142.638262
57.0,2501,35156.189562
50.0,2501,35171.051036
54.0,2501,35185.200703
52.0,2501,35200.101704
54.0,2501,35213.092832
53.0,2501,35224.61747
54.0,2501,35238.168325
59.0,2501,35251.734773
62.0,2501,35265.62523
55.0,2501,35281.489021
56.0,2501,35294.437834
54.0,2501,35308.59101
55.0,2501,35326.257454
59.0,2501,35344.693372
57.0,2501,35358.898789
56.0,2501,35393.383877
56.0,2501,35405.701698
62.0,2501,35418.365468
38.0,2501,35431.946922
55.0,2501,35445.469797
52.0,2501,35460.236896
57.0,2501,35472.751544
54.0,2501,35485.878415
55.0,2501,35501.326267
58.0,2501,35516.124557
53.0,2501,35531.429399
55.0,2501,35544.871635
51.0,2501,35556.078566
56.0,2501,35569.157421
54.0,2501,35584.114014
57.0,2501,35597.794275
57.0,2501,35613.138974
58.0,2501,35626.469262
52.0,2501,35638.758234
50.0,2501,35650.954033
52.0,2501,35665.330929
56.0,2501,35682.041202
54.0,2501,35697.53541
57.0,2501,35711.056905
50.0,2501,35723.211731
52.0,2501,35737.39676
48.0,2501,35749.96162
56.0,2501,35762.452042
55.0,2501,35776.492961
59.0,2501,35790.954271
53.0,2501,35803.699388
60.0,2501,35816.035521
55.0,2501,35831.063493
56.0,2501,35846.19714
55.0,2501,35861.364918
60.0,2501,35876.624115
58.0,2501,35888.887843
49.0,2501,35901.504793
49.0,2501,35915.387496
60.0,2501,35956.316706
52.0,2501,35968.821275
55.0,2501,35981.026488
54.0,2501,35994.706249
56.0,2501,36009.372905
48.0,2501,36024.538848
50.0,2501,36039.30477
56.0,2501,36052.707997
54.0,2501,36065.639015
54.0,2501,36078.385609
54.0,2501,36094.008691
56.0,2501,36108.906476
58.0,2501,36122.102383
58.0,2501,36133.602447
54.0,2501,36146.772239
62.0,2501,36161.606065
59.0,2501,36175.708085
57.0,2501,36188.768675
55.0,2501,36201.042159
54.0,2501,36213.583965
58.0,2501,36225.559774
50.0,2501,36239.301853
57.0,2501,36253.308523
53.0,2501,36267.53623
54.0,2501,36283.591059
51.0,2501,36295.581761
50.0,2501,36305.522403
54.0,2501,36318.177306
56.0,2501,36331.899041
60.0,2501,36346.61689
54.0,2501,36359.888503
57.0,2501,36373.150817
55.0,2501,36385.076232
58.0,2501,36397.815943
52.0,2501,36412.172565
54.0,2501,36427.215069
54.0,2501,36440.807527
57.0,2501,36453.58108
57.0,2501,36466.272827
58.0,2501,36479.660838
52.0,2501,36515.428347
56.0,2501,36531.358654
53.0,2501,36543.097915
56.0,2501,36557.389261
56.0,2501,36570.690583
51.0,2501,36585.321358
57.0,2501,36599.932511
56.0,2501,36615.161871
58.0,2501,36628.505383
55.0,2501,36642.453191
57.0,2501,36655.693459
54.0,2501,36670.049537
55.0,2501,36683.845822
60.0,2501,36696.637928
53.0,2501,36710.207933
53.0,2501,36723.266839
54.0,2501,36737.660662
54.0,2501,36749.83832
54.0,2501,36762.110043
58.0,2501,36775.313655
57.0,2501,36787.586659
57.0,2501,36800.879988
55.0,2501,36815.324846
55.0,2501,36829.821342
55.0,2501,36845.06279
59.0,2501,36858.463474
54.0,2501,36873.460963
56.0,2501,36887.385579
54.0,2501,36902.736257
56.0,2501,36917.457559
51.0,2501,36931.917768
49.0,2501,36944.441795
52.0,2501,36956.449406
56.0,2501,36970.907745
57.0,2501,36989.007509
61.0,2501,37004.344547
50.0,2501,37017.410515
55.0,2501,37030.727852
58.0,2501,37042.527293
55.0,2501,37055.965708
55.0,2501,37089.850668
53.0,2501,37103.780913
53.0,2501,37117.031229
54.0,2501,37128.565518
55.0,2501,37141.546222
56.0,2501,37156.095763
59.0,2501,37170.585066
54.0,2501,37185.815262
56.0,2501,37198.292378
61.0,2501,37210.836555
55.0,2501,37224.824757
56.0,2501,37238.756587
59.0,2501,37252.37068
59.0,2501,37265.888102
55.0,2501,37278.419537
53.0,2501,37290.590298
53.0,2501,37306.123678
55.0,2501,37320.35007
58.0,2501,37333.004502
60.0,2501,37346.264873
52.0,2501,37360.346159
51.0,2501,37372.554728
45.0,2501,37387.683744
53.0,2501,37403.13725
52.0,2501,37416.642861
57.0,2501,37429.387448
52.0,2501,37441.718561
55.0,2501,37453.948294
55.0,2501,37468.323396
53.0,2501,37482.498365
55.0,2501,37495.705527
58.0,2501,37508.7056
59.0,2501,37520.267147
64.0,2501,37532.003363
57.0,2501,37545.854275
58.0,2501,37559.839528
53.0,2501,37571.955115
55.0,2501,37585.394999
53.0,2501,37598.442977
58.0,2501,37610.691076
58.0,2501,37645.39767
56.0,2501,37657.938397
58.0,2501,37672.981337
56.0,2501,37685.861486
54.0,2501,37698.088831
58.0,2501,37711.705405
57.0,2501,37725.996882
55.0,2501,37739.90725
55.0,2501,37754.743008
57.0,2501,37765.898554
59.0,2501,37778.554721
53.0,2501,37792.87664
52.0,2501,37808.702814
51.0,2501,37821.90513
61.0,2501,37836.075646
56.0,2501,37848.451811
56.0,2501,37859.850604
54.0,2501,37872.585658
55.0,2501,37886.322695
60.0,2501,37899.630672
60.0,2501,37915.222411
53.0,2501,37927.188083
55.0,2501,37939.585532
56.0,2501,37954.993136
57.0,2501,37969.87683
54.0,2501,37984.871911
53.0,2501,37999.542671
55.0,2501,38011.739291
52.0,2501,38024.783332
55.0,2501,38038.35645
54.0,2501,38054.149183
57.0,2501,38068.284453
61.0,2501,38082.729032
57.0,2501,38093.943657
51.0,2501,38105.503291
60.0,2501,38118.89996
52.0,2501,38133.698011
55.0,2501,38149.158943
59.0,2501,38163.019315
56.0,2501,38174.324547
61.0,2501,38209.502161
56.0,2501,38223.901302
55.0,2501,38237.64801
57.0,2501,38250.319151
52.0,2501,38262.505326
55.0,2501,38275.800076
57.0,2501,38289.984349
49.0,2501,38304.21232
54.0,2501,38319.319157
60.0,2501,38331.126983
54.0,2501,38343.861069
54.0,2501,38357.396272
56.0,2501,38371.690613
55.0,2501,38384.812182
53.0,2501,38399.051232
57.0,2501,38412.973915
53.0,2501,38424.933217
45.0,2501,38437.887522
53.0,2501,38450.664436
58.0,2501,38463.929622
54.0,2501,38477.681189
49.0,2501,38490.934861
53.0,2501,38503.820221
56.0,2501,38516.705632
55.0,2501,38533.517034
57.0,2501,38548.024425
55.0,2501,38563.359906
60.0,2501,38576.71071
57.0,2501,38588.06383
54.0,2501,38602.613905
49.0,2501,38618.472921
58.0,2501,38633.685695
54.0,2501,38649.351329
60.0,2501,38662.772028
57.0,2501,38675.689971
57.0,2501,38689.71976
53.0,2501,38702.993924
62.0,2501,38717.908391
57.0,2501,38732.267799
55.0,2501,38744.150083
57.0,2501,38773.399277
57.0,2501,38788.356753
59.0,2501,38805.456301
52.0,2501,38822.022284
54.0,2501,38833.835715
58.0,2501,38846.365832
57.0,2501,38861.176149
51.0,2501,38877.341637
52.0,2501,38892.263703
50.0,2501,38906.500563
50.0,2501,38918.628024
60.0,2501,38934.236637
54.0,2501,38948.364626
55.0,2501,38961.998416
52.0,2501,38975.544803
56.0,2501,38987.890571
50.0,2501,39000.320055
57.0,2501,39011.931209
55.0,2501,39025.997867
54.0,2501,39040.348498
57.0,2501,39055.698815
61.0,2501,39068.548366
57.0,2501,39079.718922
57.0,2501,39090.870331
50.0,2501,39106.710716
55.0,2501,39121.914687
57.0,2501,39135.398038
58.0,2501,39147.566771
56.0,2501,39159.927027
51.0,2501,39173.403796
56.0,2501,39187.450605
54.0,2501,39203.655236
55.0,2501,39218.366931
56.0,2501,39229.733483
53.0,2501,39240.922551
56.0,2501,39253.949775
55.0,2501,39268.387628
53.0,2501,39281.876117
54.0,2501,39295.913488
57.0,2501,39308.385912
55.0,2501,39337.948632
52.0,2501,39353.162072
51.0,2501,39367.296849
56.0,2501,39380.890564
52.0,2501,39392.072046
57.0,2501,39404.450445
59.0,2501,39417.090236
58.0,2501,39430.18067
51.0,2501,39444.084423
56.0,2501,39458.899461
52.0,2501,39472.092742
53.0,2501,39485.645812
50.0,2501,39500.30196
51.0,2501,39516.230748
53.0,2501,39529.573712
56.0,2501,39543.01978
57.0,2501,39553.495051
59.0,2501,39566.102697
55.0,2501,39580.314675
54.0,2501,39597.955696
57.0,2501,39612.318152
56.0,2501,39627.218964
55.0,2501,39639.473599
59.0,2501,39652.188584
54.0,2501,39667.006447
60.0,2501,39680.376389
55.0,2501,39695.099878
57.0,2501,39709.801493
54.0,2501,39721.223489
55.0,2501,39733.642905
56.0,2501,39747.148739
55.0,2501,39761.303537
58.0,2501,39776.676573
53.0,2501,39791.094253
57.0,2501,39803.177084
55.0,2501,39814.723302
54.0,2501,39827.891289
57.0,2501,39841.550396
56.0,2501,39854.68881
56.0,2501,39868.781599
54.0,2501,39897.583606
52.0,2501,39910.872059
53.0,2501,39923.60753
55.0,2501,39937.973388
51.0,2501,39950.90311
50.0,2501,39963.548061
57.0,2501,39976.291368
58.0,2501,39990.09628
56.0,2501,40003.799844
55.0,2501,40018.354807
53.0,2501,40031.217533
53.0,2501,40043.055454
57.0,2501,40056.935134
55.0,2501,40070.469451
55.0,2501,40083.223751
59.0,2501,40096.593818
55.0,2501,40110.27692
56.0,2501,40122.513143
57.0,2501,40134.450277
58.0,2501,40146.282005
50.0,2501,40161.206921
57.0,2501,40175.964317
59.0,2501,40188.935207
51.0,2501,40198.84946
50.0,2501,40209.522141
50.0,2501,40222.222925
57.0,2501,40235.196791
51.0,2501,40247.516668
55.0,2501,40260.572225
57.0,2501,40273.809349
60.0,2501,40286.633586
53.0,2501,40299.866864
58.0,2501,40313.427762
54.0,2501,40328.88886
54.0,2501,40343.112305
56.0,2501,40356.178376
53.0,2501,40368.192358
57.0,2501,40379.744618
56.0,2501,40393.092314
54.0,2501,40406.426763
48.0,2501,40436.207203
59.0,2501,40447.523485
54.0,2501,40460.682424
52.0,2501,40473.837641
51.0,2501,40489.498402
50.0,2501,40504.251125
55.0,2501,40517.466677
57.0,2501,40529.942205
59.0,2501,40541.487415
52.0,2501,40556.51536
52.0,2501,40571.086279
55.0,2501,40586.202965
59.0,2501,40599.440694
58.0,2501,40611.2337
54.0,2501,40625.037634
54.0,2501,40636.85003
54.0,2501,40650.570843
59.0,2501,40665.190272
60.0,2501,40678.671477
49.0,2501,40690.372728
58.0,2501,40702.703479
56.0,2501,40715.787275
46.0,2501,40729.078506
49.0,2501,40743.355904
54.0,2501,40756.397961
53.0,2501,40768.377458
53.0,2501,40781.846646
57.0,2501,40796.289229
55.0,2501,40810.142869
53.0,2501,40823.159658
53.0,2501,40836.918421
50.0,2501,40848.489847
54.0,2501,40859.245255
55.0,2501,40871.863965
57.0,2501,40884.63448
51.0,2501,40898.626913
58.0,2501,40911.584945
51.0,2501,40924.742034
54.0,2501,40937.165379
54.0,2501,40950.110389
57.0,2501,40989.454607
53.0,2501,41003.402316
52.0,2501,41015.171714
57.0,2501,41029.308588
59.0,2501,41043.592527
59.0,2501,41057.939374
56.0,2501,41072.056747
50.0,2501,41084.727606
62.0,2501,41097.418839
54.0,2501,41109.855895
52.0,2501,41125.822805
60.0,2501,41141.394136
57.0,2501,41155.693025
53.0,2501,41169.288391
52.0,2501,41181.381176
53.0,2501,41193.275469
59.0,2501,41207.548759
53.0,2501,41221.764557
54.0,2501,41234.35362
57.0,2501,41246.353859
51.0,2501,41257.450891
52.0,2501,41269.553995
56.0,2501,41283.125487
54.0,2501,41297.410176
56.0,2501,41311.890135
60.0,2501,41325.119857
51.0,2501,41337.344931
57.0,2501,41351.051497
58.0,2501,41365.917786
51.0,2501,41378.681584
57.0,2501,41393.983831
59.0,2501,41408.457576
50.0,2501,41421.738577
55.0,2501,41434.537442
55.0,2501,41448.863331
58.0,2501,41463.546777
59.0,2501,41479.001376
55.0,2501,41491.5812
55.0,2501,41503.621754
58.0,2501,41517.16257
61.0,2501,41554.323717
50.0,2501,41567.103395
56.0,2501,41578.836668
54.0,2501,41590.839706
60.0,2501,41601.958628
53.0,2501,41614.358676
57.0,2501,41628.852616
50.0,2501,41643.164847
53.0,2501,41655.874176
55.0,2501,41667.806292
57.0,2501,41681.568362
51.0,2501,41696.804823
57.0,2501,41710.710431
55.0,2501,41723.563595
49.0,2501,41735.229935
50.0,2501,41746.213412
56.0,2501,41758.000335
56.0,2501,41771.925656
52.0,2501,41785.632345
59.0,2501,41798.408702
58.0,2501,41810.633973
54.0,2501,41823.275512
49.0,2501,41834.395145
57.0,2501,41848.726772
49.0,2501,41864.70812
55.0,2501,41879.286638
53.0,2501,41893.771601
51.0,2501,41906.277775
57.0,2501,41917.959111
59.0,2501,41932.422072
52.0,2501,41947.087469
53.0,2501,41960.746928
55.0,2501,41973.59151
55.0,2501,41986.652102
57.0,2501,42000.596071
62.0,2501,42014.528594
58.0,2501,42028.607881
56.0,2501,42043.612367
54.0,2501,42059.383162
48.0,2501,42071.856597
57.0,2501,42107.062139
55.0,2501,42122.63425
57.0,2501,42135.816898
52.0,2501,42148.202263
52.0,2501,42160.926392
54.0,2501,42174.451176
53.0,2501,42189.194685
54.0,2501,42203.950962
57.0,2501,42219.395857
56.0,2501,42231.559022
53.0,2501,42244.283919
58.0,2501,42257.827763
61.0,2501,42272.509179
53.0,2501,42287.676869
51.0,2501,42301.809437
53.0,2501,42313.920964
62.0,2501,42325.472437
54.0,2501,42338.655019
54.0,2501,42351.981371
55.0,2501,42367.990228
52.0,2501,42382.486943
50.0,2501,42398.280919
56.0,2501,42411.641937
57.0,2501,42424.825517
56.0,2501,42440.47227
55.0,2501,42455.579576
61.0,2501,42471.617977
51.0,2501,42483.516846
58.0,2501,42495.369849
51.0,2501,42509.489142
55.0,2501,42525.606749
58.0,2501,42540.7721
57.0,2501,42554.270643
56.0,2501,42567.215076
55.0,2501,42581.042573
58.0,2501,42597.018537
53.0,2501,42610.647305
55.0,2501,42623.885566
55.0,2501,42638.655558
53.0,2501,42651.272612
51.0,2501,42686.59054
54.0,2501,42701.219441
58.0,2501,42716.851413
54.0,2501,42730.519149
57.0,2501,42743.74696
53.0,2501,42756.891929
53.0,2501,42770.957963
57.0,2501,42784.86441
52.0,2501,42800.394569
55.0,2501,42813.738987
60.0,2501,42827.013663
49.0,2501,42840.693668
60.0,2501,42856.040504
53.0,2501,42870.203836
58.0,2501,42885.051735
52.0,2501,42898.269942
56.0,2501,42908.987261
51.0,2501,42921.631594
55.0,2501,42936.044782
56.0,2501,42951.381938
56.0,2501,42965.588109
58.0,2501,42978.629184
52.0,2501,42989.822596
58.0,2501,43000.984701
57.0,2501,43013.064006
53.0,2501,43024.016294
56.0,2501,43037.001364
55.0,2501,43050.319101
50.0,2501,43062.237357
59.0,2501,43072.885045
54.0,2501,43084.600362
56.0,2501,43097.345696
52.0,2501,43110.838063
55.0,2501,43124.669312
53.0,2501,43136.168246
56.0,2501,43149.146391
57.0,2501,43160.866965
55.0,2501,43174.769375
48.0,2501,43190.19779
53.0,2501,43203.529644
51.0,2501,43236.447086
52.0,2501,43249.465151
57.0,2501,43265.509702
50.0,2501,43279.448033
52.0,2501,43292.814301
56.0,2501,43305.582898
52.0,2501,43318.298128
56.0,2501,43332.445601
59.0,2501,43347.090918
57.0,2501,43361.543972
50.0,2501,43377.468564
49.0,2501,43389.510875
51.0,2501,43400.94261
60.0,2501,43414.376573
59.0,2501,43428.243172
57.0,2501,43441.39974
52.0,2501,43454.26415
60.0,2501,43466.111978
52.0,2501,43477.261212
63.0,2501,43489.214481
58.0,2501,43502.507053
55.0,2501,43517.690198
56.0,2501,43533.14877
54.0,2501,43545.484682
59.0,2501,43556.942428
50.0,2501,43570.497755
56.0,2501,43584.476919
55.0,2501,43599.008032
57.0,2501,43613.01027
52.0,2501,43626.716453
59.0,2501,43640.498988
52.0,2501,43654.225864
51.0,2501,43669.671399
60.0,2501,43682.563306
53.0,2501,43698.281215
57.0,2501,43711.131857
49.0,2501,43722.60043
56.0,2501,43736.881339
55.0,2501,43752.38861
49.0,2501,43766.174314
62.0,2501,43790.400316
54.0,2501,43801.77762
52.0,2501,43815.224087
53.0,2501,43829.038021
58.0,2501,43844.300289
53.0,2501,43857.865443
54.0,2501,43869.829485
57.0,2501,43881.73367
51.0,2501,43894.331981
51.0,2501,43908.168683
52.0,2501,43920.268936
62.0,2501,43935.762487
58.0,2501,43948.901795
59.0,2501,43959.535146
50.0,2501,43971.728561
55.0,2501,43985.834877
54.0,2501,44000.660116
50.0,2501,44012.213992
54.0,2501,44023.302163
55.0,2501,44034.043396
52.0,2501,44045.997102
52.0,2501,44060.723187
58.0,2501,44075.115341
53.0,2501,44091.212402
59.0,2501,44105.367326
56.0,2501,44118.044858
49.0,2501,44130.349207
55.0,2501,44144.253298
57.0,2501,44156.99453
54.0,2501,44169.176856
57.0,2501,44181.917029
55.0,2501,44194.577318
59.0,2501,44207.415733
57.0,2501,44219.872258
52.0,2501,44233.987936
54.0,2501,44248.367813
43.0,2501,44261.699755
53.0,2501,44275.86334
56.0,2501,44287.432377
59.0,2501,44300.567829
51.0,2501,44341.902694
55.0,2501,44354.131545
54.0,2501,44364.469202
57.0,2501,44375.325988
44.0,2501,44389.56952
55.0,2501,44402.627352
57.0,2501,44416.060808
55.0,2501,44428.860492
53.0,2501,44441.144611
59.0,2501,44453.730536
55.0,2501,44467.816603
56.0,2501,44482.451202
60.0,2501,44496.83867
59.0,2501,44509.419294
57.0,2501,44520.785292
55.0,2501,44533.598222
55.0,2501,44545.74461
55.0,2501,44558.534856
53.0,2501,44571.507364
51.0,2501,44586.565747
53.0,2501,44600.39072
55.0,2501,44611.640975
56.0,2501,44624.414354
53.0,2501,44639.165911
59.0,2501,44651.45193
56.0,2501,44664.151592
49.0,2501,44678.97032
49.0,2501,44690.902946
55.0,2501,44703.962286
56.0,2501,44718.17507
53.0,2501,44732.585393
52.0,2501,44747.415252
55.0,2501,44760.842811
55.0,2501,44772.574235
52.0,2501,44784.403287
52.0,2501,44798.533088
54.0,2501,44813.575231
53.0,2501,44827.663994
58.0,2501,44840.693209
54.0,2501,44852.179329
52.0,2501,44890.423245
55.0,2501,44904.828095
52.0,2501,44918.514414
60.0,2501,44931.553762
60.0,2501,44945.386849
55.0,2501,44957.318403
62.0,2501,44970.941247
55.0,2501,44984.695533
58.0,2501,44999.803043
56.0,2501,45012.119658
52.0,2501,45022.228299
59.0,2501,45035.055208
52.0,2501,45049.182452
54.0,2501,45062.799724
57.0,2501,45076.225317
54.0,2501,45089.688281
54.0,2501,45101.599788
49.0,2501,45113.919351
59.0,2501,45125.540675
56.0,2501,45141.020704
56.0,2501,45156.312611
51.0,2501,45169.862409
58.0,2501,45182.160755
47.0,2501,45194.557522
54.0,2501,45207.531146
54.0,2501,45221.762547
55.0,2501,45237.350319
60.0,2501,45250.359867
58.0,2501,45261.438424
61.0,2501,45273.103845
56.0,2501,45285.56305
47.0,2501,45299.141927
59.0,2501,45312.507215
51.0,2501,45327.124316
57.0,2501,45340.604419
57.0,2501,45353.026792
53.0,2501,45367.741071
55.0,2501,45381.030704
55.0,2501,45394.209126
50.0,2501,45406.009097
57.0,2501,45437.089247
47.0,2501,45452.600765
58.0,2501,45465.885988
53.0,2501,45481.519755
56.0,2501,45494.717029
55.0,2501,45506.862336
51.0,2501,45520.117656
51.0,2501,45534.412444
66.0,2501,45550.365368
53.0,2501,45564.333895
52.0,2501,45576.998499
50.0,2501,45590.087827
53.0,2501,45602.889372
56.0,2501,45616.777325
46.0,2501,45631.351835
54.0,2501,45644.004267
52.0,2501,45656.582425
52.0,2501,45667.998334
52.0,2501,45679.398216
50.0,2501,45693.262947
55.0,2501,45709.141539
54.0,2501,45723.975832
54.0,2501,45736.067044
56.0,2501,45746.510504
54.0,2501,45759.602408
48.0,2501,45774.233252
57.0,2501,45790.028802
51.0,2501,45804.043262
57.0,2501,45818.490194
52.0,2501,45830.279038
54.0,2501,45842.444895
54.0,2501,45856.426837
56.0,2501,45870.490035
56.0,2501,45883.363138
55.0,2501,45896.265394
57.0,2501,45911.490698
54.0,2501,45923.989766
51.0,2501,45938.559139
55.0,2501,45952.565508
54.0,2501,45966.441296
55.0,2501,46000.298319
58.0,2501,46013.260221
56.0,2501,46027.842091
57.0,2501,46042.608734
49.0,2501,46055.73177
58.0,2501,46068.238155
51.0,2501,46079.097506
41.0,2501,46091.772692
53.0,2501,46105.946876
54.0,2501,46120.204528
62.0,2501,46134.208821
56.0,2501,46145.874566
56.0,2501,46157.994588
56.0,2501,46171.586218
59.0,2501,46184.817643
57.0,2501,46199.33657
53.0,2501,46212.08796
57.0,2501,46223.612515
58.0,2501,46235.929315
53.0,2501,46247.922799
54.0,2501,46262.508792
57.0,2501,46276.153616
54.0,2501,46289.431764
49.0,2501,46302.264301
59.0,2501,46314.224932
55.0,2501,46327.113353
54.0,2501,46340.712899
55.0,2501,46356.06818
60.0,2501,46369.965198
53.0,2501,46383.217618
56.0,2501,46394.993957
57.0,2501,46406.728656
56.0,2501,46421.090128
56.0,2501,46434.599632
49.0,2501,46449.297417
60.0,2501,46461.688688
54.0,2501,46473.148983
56.0,2501,46485.589137
49.0,2501,46500.716847
51.0,2501,46515.056524
55.0,2501,46548.541739
54.0,2501,46560.679055
59.0,2501,46573.975671
58.0,2501,46587.106258
56.0,2501,46599.66981
53.0,2501,46611.992652
52.0,2501,46623.760091
51.0,2501,46635.225693
59.0,2501,46646.927125
52.0,2501,46659.590186
55.0,2501,46671.849461
51.0,2501,46683.35423
52.0,2501,46696.301785
55.0,2501,46707.786216
63.0,2501,46719.363687
51.0,2501,46732.905892
57.0,2501,46745.483493
56.0,2501,46757.051751
57.0,2501,46770.476323
54.0,2501,46782.967844
54.0,2501,46795.465102
52.0,2501,46809.193707
51.0,2501,46823.607078
62.0,2501,46837.906477
53.0,2501,46852.828707
59.0,2501,46864.120308
54.0,2501,46877.229323
54.0,2501,46890.813248
54.0,2501,46905.331039
49.0,2501,46919.513929
60.0,2501,46931.005061
60.0,2501,46941.017864
60.0,2501,46952.37768
53.0,2501,46965.753034
52.0,2501,46979.3333
52.0,2501,46994.09514
54.0,2501,47009.000331
56.0,2501,47020.540088
50.0,2501,47031.948512
53.0,2501,47045.465913
60.0,2501,47081.621178
58.0,2501,47092.59156
54.0,2501,47103.21551
53.0,2501,47114.72257
54.0,2501,47128.44714
59.0,2501,47141.275358
53.0,2501,47155.004882
58.0,2501,47168.357825
58.0,2501,47181.50676
53.0,2501,47192.578902
58.0,2501,47206.346721
52.0,2501,47220.806299
53.0,2501,47234.277835
52.0,2501,47248.038612
56.0,2501,47260.556405
58.0,2501,47271.692227
52.0,2501,47283.49451
62.0,2501,47296.320608
54.0,2501,47309.007073
56.0,2501,47320.99167
50.0,2501,47334.301144
58.0,2501,47345.887289
49.0,2501,47357.226575
56.0,2501,47371.153949
56.0,2501,47385.359962
57.0,2501,47399.973805
58.0,2501,47412.235639
57.0,2501,47423.249043
60.0,2501,47434.65869
62.0,2501,47449.796007
58.0,2501,47462.920938
54.0,2501,47476.35066
56.0,2501,47488.867195
53.0,2501,47501.107294
57.0,2501,47513.344528
58.0,2501,47528.32031
51.0,2501,47542.377044
55.0,2501,47555.791702
58.0,2501,47568.231059
54.0,2501,47580.106646
55.0,2501,47610.550408
57.0,2501,47623.918241
58.0,2501,47638.514184
58.0,2501,47651.142921
60.0,2501,47662.588773
53.0,2501,47675.276037
54.0,2501,47688.392171
52.0,2501,47702.001945
62.0,2501,47716.731709
54.0,2501,47728.334273
57.0,2501,47740.061292
59.0,2501,47752.377424
56.0,2501,47766.317473
53.0,2501,47780.530333
61.0,2501,47795.088373
50.0,2501,47806.878602
57.0,2501,47817.051699
52.0,2501,47827.501246
57.0,2501,47841.268587
58.0,2501,47853.646178
56.0,2501,47866.907918
54.0,2501,47881.500785
55.0,2501,47894.707195
53.0,2501,47906.546058
55.0,2501,47920.395292
50.0,2501,47935.062628
51.0,2501,47947.839202
50.0,2501,47961.636618
50.0,2501,47972.942455
50.0,2501,47985.918641
57.0,2501,48000.684559
56.0,2501,48015.598462
55.0,2501,48029.646598
52.0,2501,48041.511694
54.0,2501,48052.284866
56.0,2501,48064.097748
60.0,2501,48076.56387
54.0,2501,48088.270246
52.0,2501,48102.417325
56.0,2501,48113.362184
55.0,2501,48143.366747
60.0,2501,48157.803232
53.0,2501,48171.715882
58.0,2501,48186.908487
57.0,2501,48198.605262
52.0,2501,48210.585288
63.0,2501,48224.550157
53.0,2501,48238.30925
60.0,2501,48252.531926
54.0,2501,48267.064987
61.0,2501,48278.291416
60.0,2501,48289.732484
55.0,2501,48303.731622
57.0,2501,48318.286352
52.0,2501,48333.043248
59.0,2501,48346.633961
57.0,2501,48357.723173
53.0,2501,48369.28098
58.0,2501,48378.877478
56.0,2501,48391.193561
59.0,2501,48405.406435
51.0,2501,48419.24292
56.0,2501,48431.616631
55.0,2501,48441.756391
60.0,2501,48454.314644
51.0,2501,48467.659112
55.0,2501,48480.178568
55.0,2501,48492.792428
61.0,2501,48505.258316
47.0,2501,48516.27158
55.0,2501,48528.650619
58.0,2501,48543.499419
56.0,2501,48558.304314
57.0,2501,48572.08801
54.0,2501,48583.716275
52.0,2501,48595.321944
51.0,2501,48606.358562
57.0,2501,48616.834357
51.0,2501,48629.845601
53.0,2501,48643.613209
53.0,2501,48670.381873
55.0,2501,48683.418889
54.0,2501,48694.625835
53.0,2501,48706.89035
52.0,2501,48720.491186
55.0,2501,48735.507048
53.0,2501,48749.952452
52.0,2501,48761.509713
54.0,2501,48772.471377
58.0,2501,48783.083763
55.0,2501,48794.631629
51.0,2501,48808.196938
53.0,2501,48823.272184
57.0,2501,48836.359896
55.0,2501,48847.688926
58.0,2501,48861.255406
56.0,2501,48875.362583
55.0,2501,48888.958107
51.0,2501,48901.493992
57.0,2501,48912.305721
59.0,2501,48923.689503
51.0,2501,48935.413284
58.0,2501,48950.016284
61.0,2501,48962.765206
53.0,2501,48976.27998
57.0,2501,48991.882585
61.0,2501,49004.168582
58.0,2501,49015.658803
54.0,2501,49029.953481
52.0,2501,49043.46086
47.0,2501,49057.627423
56.0,2501,49070.467092
55.0,2501,49081.936564
54.0,2501,49094.05069
54.0,2501,49107.489651
59.0,2501,49121.071803
57.0,2501,49133.352218
57.0,2501,49145.799829
59.0,2501,49157.650481
52.0,2501,49168.148346
51.0,2501,49207.281032
50.0,2501,49222.025653
56.0,2501,49234.166065
49.0,2501,49246.207456
56.0,2501,49257.595223
50.0,2501,49271.317754
59.0,2501,49285.110294
56.0,2501,49297.251245
51.0,2501,49308.401865
48.0,2501,49319.833668
55.0,2501,49331.688498
53.0,2501,49345.063363
52.0,2501,49358.98007
58.0,2501,49372.230094
53.0,2501,49387.775971
57.0,2501,49399.796508
48.0,2501,49409.891668
56.0,2501,49420.815832
52.0,2501,49432.708581
55.0,2501,49446.009495
53.0,2501,49460.450898
56.0,2501,49475.405191
52.0,2501,49486.875329
55.0,2501,49500.109934
56.0,2501,49513.60155
53.0,2501,49527.326931
52.0,2501,49540.721381
51.0,2501,49553.061713
57.0,2501,49563.245442
60.0,2501,49574.783677
54.0,2501,49588.365871
59.0,2501,49601.922783
54.0,2501,49616.750302
57.0,2501,49629.015277
61.0,2501,49640.060922
53.0,2501,49651.230723
64.0,2501,49664.686958
60.0,2501,49678.468092
59.0,2501,49692.506512
58.0,2501,49706.254045
57.0,2501,49738.212682
58.0,2501,49751.562687
57.0,2501,49764.783936
55.0,2501,49779.55969
47.0,2501,49791.063959
49.0,2501,49801.275888
54.0,2501,49812.33412
55.0,2501,49826.189546
54.0,2501,49841.493695
54.0,2501,49855.811882
57.0,2501,49867.634996
51.0,2501,49878.417418
56.0,2501,49889.637717
54.0,2501,49903.640507
54.0,2501,49917.370064
50.0,2501,49930.346819
55.0,2501,49942.53227
51.0,2501,49953.319672
58.0,2501,49964.416903
60.0,2501,49975.908357
58.0,2501,49990.332828
58.0,2501,50003.805466
56.0,2501,50016.554629
54.0,2501,50028.509358
47.0,2501,50040.756221
55.0,2501,50055.562528
56.0,2501,50070.092563
55.0,2501,50086.011755
57.0,2501,50099.486377
49.0,2501,50110.080638
50.0,2501,50122.244028
56.0,2501,50134.071712
52.0,2501,50146.679552
55.0,2501,50160.233632
57.0,2501,50173.681418
46.0,2501,50184.721921
61.0,2501,50195.434602
52.0,2501,50209.182895
57.0,2501,50222.312694
53.0,2501,50235.265903
54.0,2501,50266.537566
53.0,2501,50278.795217
59.0,2501,50291.997003
53.0,2501,50306.385134
56.0,2501,50317.415246
57.0,2501,50329.123834
54.0,2501,50340.765199
55.0,2501,50355.581772
55.0,2501,50368.280415
49.0,2501,50381.782686
56.0,2501,50395.565406
55.0,2501,50407.397067
53.0,2501,50419.018436
61.0,2501,50432.166922
55.0,2501,50445.036448
59.0,2501,50458.032629
54.0,2501,50471.149883
55.0,2501,50480.660345
59.0,2501,50489.675123
51.0,2501,50500.53293
56.0,2501,50512.953866
53.0,2501,50525.314878
53.0,2501,50540.194175
56.0,2501,50554.470349
55.0,2501,50565.89212
57.0,2501,50577.078562
58.0,2501,50589.818209
57.0,2501,50604.601126
53.0,2501,50617.575273
52.0,2501,50629.65671
59.0,2501,50641.405997
53.0,2501,50652.986967
55.0,2501,50664.478433
52.0,2501,50675.549961
52.0,2501,50688.652929
59.0,2501,50705.016784
56.0,2501,50716.476464
53.0,2501,50726.698923
54.0,2501,50737.557165
61.0,2501,50750.308776
56.0,2501,50785.082543
56.0,2501,50796.98211
50.0,2501,50808.24468
48.0,2501,50819.58667
63.0,2501,50833.546465
56.0,2501,50847.160555
53.0,2501,50860.730136
56.0,2501,50872.718651
54.0,2501,50883.961418
59.0,2501,50897.410522
54.0,2501,50911.607437
59.0,2501,50924.421204
56.0,2501,50937.763182
57.0,2501,50948.921459
58.0,2501,50959.928559
52.0,2501,50972.489837
59.0,2501,50986.394098
51.0,2501,50998.353606
52.0,2501,51009.755252
58.0,2501,51021.939673
52.0,2501,51032.944023
57.0,2501,51043.322585
55.0,2501,51056.626152
60.0,2501,51070.199224
54.0,2501,51083.104879
53.0,2501,51096.178949
55.0,2501,51107.388687
60.0,2501,51118.786353
52.0,2501,51131.70558
52.0,2501,51144.990469
49.0,2501,51157.539458
53.0,2501,51170.986641
51.0,2501,51182.253675
62.0,2501,51192.00781
51.0,2501,51204.321208
59.0,2501,51216.989265
56.0,2501,51231.680969
53.0,2501,51246.730306
49.0,2501,51258.294507
56.0,2501,51269.964017
54.0,2501,51299.813516
59.0,2501,51313.795047
56.0,2501,51327.720642
57.0,2501,51338.504665
59.0,2501,51347.487303
55.0,2501,51360.032178
57.0,2501,51371.79322
50.0,2501,51385.94299
56.0,2501,51401.749475
52.0,2501,51418.189722
57.0,2501,51430.95393
61.0,2501,51442.401021
55.0,2501,51456.311331
59.0,2501,51470.483607
61.0,2501,51485.021519
54.0,2501,51496.069906
58.0,2501,51506.971694
54.0,2501,51519.411257
55.0,2501,51529.779974
58.0,2501,51541.28138
55.0,2501,51555.082845
51.0,2501,51568.943542
46.0,2501,51580.265176
59.0,2501,51591.203146
54.0,2501,51602.811389
57.0,2501,51616.215892
55.0,2501,51631.168687
59.0,2501,51644.233421
57.0,2501,51655.266221
57.0,2501,51666.434998
57.0,2501,51679.56324
61.0,2501,51692.098043
54.0,2501,51706.417209
57.0,2501,51719.201523
62.0,2501,51730.509746
54.0,2501,51741.317697
54.0,2501,51753.274649
59.0,2501,51767.352654
51.0,2501,51780.062884
53.0,2501,51793.525942
61.0,2501,51822.262095
58.0,2501,51833.835654
54.0,2501,51847.070973
51.0,2501,51860.723418
56.0,2501,51875.014229
60.0,2501,51887.153415
55.0,2501,51898.864224
56.0,2501,51910.66144
56.0,2501,51924.62786
56.0,2501,51938.699714
59.0,2501,51952.781314
58.0,2501,51966.471011
59.0,2501,51977.583695
54.0,2501,51989.02373
50.0,2501,52001.760048
58.0,2501,52015.290248
59.0,2501,52028.366323
60.0,2501,52044.241123
56.0,2501,52054.942732
63.0,2501,52066.62802
55.0,2501,52078.242484
62.0,2501,52091.389009
54.0,2501,52105.671515
53.0,2501,52120.931023
59.0,2501,52132.142114
60.0,2501,52143.999146
51.0,2501,52157.380963
56.0,2501,52169.783966
51.0,2501,52181.273693
57.0,2501,52194.802739
55.0,2501,52207.224236
53.0,2501,52217.144792
56.0,2501,52227.817902
55.0,2501,52240.984012
54.0,2501,52254.683847
60.0,2501,52268.128634
59.0,2501,52280.982751
59.0,2501,52291.922149
53.0,2501,52302.680016
53.0,2501,52315.483827
55.0,2501,52350.583085
57.0,2501,52362.468721
60.0,2501,52372.863219
59.0,2501,52384.89445
58.0,2501,52399.274177
51.0,2501,52412.606181
54.0,2501,52426.21488
58.0,2501,52438.806072
58.0,2501,52450.106708
52.0,2501,52461.697114
56.0,2501,52473.45168
59.0,2501,52488.189053
58.0,2501,52502.269882
55.0,2501,52514.193325
57.0,2501,52524.480643
59.0,2501,52536.107321
54.0,2501,52547.920039
56.0,2501,52559.083731
59.0,2501,52571.353063
58.0,2501,52582.398451
54.0,2501,52594.151627
52.0,2501,52605.505691
55.0,2501,52617.519223
54.0,2501,52629.821842
59.0,2501,52643.258039
57.0,2501,52656.084219
61.0,2501,52670.296472
57.0,2501,52681.5649
54.0,2501,52691.668196
55.0,2501,52705.056352
57.0,2501,52718.113007
49.0,2501,52731.909583
61.0,2501,52746.701454
58.0,2501,52757.673897
55.0,2501,52769.400563
58.0,2501,52782.747677
58.0,2501,52796.561341
55.0,2501,52810.766403
59.0,2501,52823.733671
61.0,2501,52834.474838
60.0,2501,52866.965966
54.0,2501,52883.08402
53.0,2501,52898.990571
58.0,2501,52912.534185
56.0,2501,52923.991156
53.0,2501,52935.243194
62.0,2501,52949.03419
52.0,2501,52962.891373
51.0,2501,52977.694351
58.0,2501,52991.273464
56.0,2501,53004.290158
57.0,2501,53015.969562
57.0,2501,53030.048107
57.0,2501,53045.156083
54.0,2501,53058.485485
59.0,2501,53070.766443
54.0,2501,53082.354508
53.0,2501,53093.44559
49.0,2501,53104.700349
55.0,2501,53114.352575
54.0,2501,53127.013971
54.0,2501,53140.70532
54.0,2501,53152.331318
46.0,2501,53164.225533
51.0,2501,53176.209352
56.0,2501,53190.055765
55.0,2501,53202.440268
48.0,2501,53216.465312
55.0,2501,53229.499676
48.0,2501,53240.185915
52.0,2501,53250.745651
53.0,2501,53262.269171
54.0,2501,53272.630996
54.0,2501,53283.819417
54.0,2501,53297.829738
60.0,2501,53309.526476
54.0,2501,53319.775271
54.0,2501,53330.511077
52.0,2501,53343.772545
50.0,2501,53358.086004
59.0,2501,53387.155586
57.0,2501,53397.986492
51.0,2501,53409.036111
53.0,2501,53423.057849
61.0,2501,53435.687706
60.0,2501,53447.255041
58.0,2501,53459.60505
53.0,2501,53470.677314
55.0,2501,53481.184395
52.0,2501,53492.619664
55.0,2501,53505.224002
51.0,2501,53517.343286
54.0,2501,53528.776812
58.0,2501,53542.252789
57.0,2501,53553.501068
60.0,2501,53564.670907
54.0,2501,53576.067987
55.0,2501,53590.057152
50.0,2501,53603.359758
51.0,2501,53615.81384
54.0,2501,53626.453426
57.0,2501,53636.845972
60.0,2501,53648.569635
55.0,2501,53661.686568
55.0,2501,53675.437365
58.0,2501,53688.460837
50.0,2501,53702.456827
53.0,2501,53713.453762
61.0,2501,53724.412973
52.0,2501,53736.529326
54.0,2501,53749.737995
53.0,2501,53761.55195
55.0,2501,53775.133396
60.0,2501,53786.319395
56.0,2501,53796.984858
56.0,2501,53808.524889
57.0,2501,53821.941959
50.0,2501,53836.035853
58.0,2501,53848.017048
63.0,2501,53860.03152
56.0,2501,53892.078772
54.0,2501,53903.652092
56.0,2501,53914.452776
58.0,2501,53926.62542
52.0,2501,53940.8122
51.0,2501,53951.229741
52.0,2501,53962.823123
62.0,2501,53975.586292
53.0,2501,53989.311833
54.0,2501,54002.051604
60.0,2501,54014.962131
51.0,2501,54025.245436
57.0,2501,54035.591196
51.0,2501,54047.156969
60.0,2501,54060.234716
56.0,2501,54073.034236
59.0,2501,54086.525104
53.0,2501,54098.318202
53.0,2501,54109.268549
56.0,2501,54120.473695
53.0,2501,54131.290132
56.0,2501,54141.526282
58.0,2501,54156.053516
58.0,2501,54169.051813
51.0,2501,54179.948378
53.0,2501,54189.997827
60.0,2501,54202.236749
53.0,2501,54214.105567
49.0,2501,54226.718898
57.0,2501,54239.425347
60.0,2501,54251.877966
55.0,2501,54261.611723
58.0,2501,54271.851176
59.0,2501,54283.825052
61.0,2501,54297.96436
59.0,2501,54311.106406
55.0,2501,54323.929414
58.0,2501,54335.613563
56.0,2501,54345.700279
59.0,2501,54356.16986
54.0,2501,54387.890375
59.0,2501,54400.288542
54.0,2501,54412.16858
55.0,2501,54422.090082
55.0,2501,54433.435623
54.0,2501,54446.611068
55.0,2501,54459.215787
56.0,2501,54471.965546
53.0,2501,54484.655205
58.0,2501,54495.763431
52.0,2501,54506.181283
60.0,2501,54518.963815
61.0,2501,54530.148137
50.0,2501,54541.559226
56.0,2501,54553.387228
56.0,2501,54565.094973
56.0,2501,54575.899569
50.0,2501,54587.063771
57.0,2501,54598.652763
52.0,2501,54610.482279
52.0,2501,54622.151845
61.0,2501,54634.468644
54.0,2501,54646.863687
54.0,2501,54657.075806
55.0,2501,54666.773293
58.0,2501,54679.257322
54.0,2501,54691.752392
62.0,2501,54704.067526
54.0,2501,54717.166829
56.0,2501,54728.110272
53.0,2501,54738.969594
53.0,2501,54750.256118
55.0,2501,54763.771671
58.0,2501,54775.130055
56.0,2501,54786.186328
61.0,2501,54797.558488
53.0,2501,54809.736898
58.0,2501,54823.551624
55.0,2501,54838.96852
59.0,2501,54852.049617
58.0,2501,54886.226584
50.0,2501,54896.543239
56.0,2501,54908.593889
58.0,2501,54919.46369
58.0,2501,54929.429898
52.0,2501,54940.539407
48.0,2501,54952.339766
49.0,2501,54963.84481
57.0,2501,54973.901543
51.0,2501,54985.766837
58.0,2501,54998.188129
59.0,2501,55011.420783
52.0,2501,55023.847764
53.0,2501,55037.496726
50.0,2501,55048.625138
51.0,2501,55059.908314
50.0,2501,55070.497993
56.0,2501,55082.967837
55.0,2501,55096.141992
60.0,2501,55107.660644
60.0,2501,55117.635478
62.0,2501,55126.786671
59.0,2501,55136.328379
57.0,2501,55147.661278
52.0,2501,55159.915078
57.0,2501,55173.10608
54.0,2501,55186.736472
57.0,2501,55198.85058
61.0,2501,55209.909596
56.0,2501,55221.528675
52.0,2501,55233.146886
54.0,2501,55245.865379
60.0,2501,55258.499517
62.0,2501,55269.222661
41.0,2501,55279.765972
59.0,2501,55290.525193
56.0,2501,55301.879805
59.0,2501,55314.227083
53.0,2501,55325.773228
56.0,2501,55336.97146
54.0,2501,55366.716198
58.0,2501,55376.215601
54.0,2501,55387.267453
57.0,2501,55400.058527
56.0,2501,55412.082407
58.0,2501,55423.047807
60.0,2501,55433.305159
59.0,2501,55443.350051
56.0,2501,55452.92618
55.0,2501,55463.748804
56.0,2501,55475.985785
56.0,2501,55488.013715
60.0,2501,55498.777888
53.0,2501,55511.263098
54.0,2501,55521.967844
54.0,2501,55531.949158
58.0,2501,55543.317751
53.0,2501,55554.975166
56.0,2501,55566.060638
52.0,2501,55577.899359
45.0,2501,55589.685604
55.0,2501,55600.171977
52.0,2501,55611.172709
61.0,2501,55622.601124
56.0,2501,55636.741555
56.0,2501,55648.984268
55.0,2501,55663.179
57.0,2501,55673.658196
53.0,2501,55684.124684
60.0,2501,55694.361212
56.0,2501,55706.847024
55.0,2501,55719.575581
54.0,2501,55731.021095
53.0,2501,55742.938399
57.0,2501,55754.374507
59.0,2501,55764.837631
64.0,2501,55776.818352
55.0,2501,55789.637264
55.0,2501,55801.231961
58.0,2501,55813.802894
