#{"t_start": 1708305272.3897572, "env_id": "MinAtar/Freeway-v1"}
r,l,t
0.0,2501,4.608361
0.0,2501,9.040141
0.0,2501,14.135198
0.0,2501,18.52356
0.0,2501,23.595318
0.0,2501,28.000833
0.0,2501,33.037165
5.0,2501,37.581967
2.0,2501,42.196515
2.0,2501,47.332418
0.0,2501,51.849512
4.0,2501,57.017023
0.0,2501,61.473473
3.0,2501,66.582319
3.0,2501,71.096232
2.0,2501,76.148249
4.0,2501,80.56271
7.0,2501,85.018462
6.0,2501,90.001659
8.0,2501,94.394088
6.0,2501,99.36879
9.0,2501,103.705411
6.0,2501,108.791398
7.0,2501,113.173096
1.0,2501,118.229309
2.0,2501,122.639374
4.0,2501,127.01376
6.0,2501,132.0104
6.0,2501,136.41164
4.0,2501,141.400312
6.0,2501,145.752033
6.0,2501,150.658007
7.0,2501,154.923987
5.0,2501,159.807001
3.0,2501,164.083468
9.0,2501,168.34868
2.0,2501,173.202574
6.0,2501,177.526824
5.0,2501,182.404808
0.0,2501,186.725074
2.0,2501,191.651645
7.0,2501,195.933671
0.0,2501,200.823862
3.0,2501,205.159083
8.0,2501,209.487209
5.0,2501,214.397412
5.0,2501,218.799989
3.0,2501,223.806252
1.0,2501,228.258385
8.0,2501,233.245615
9.0,2501,237.715635
8.0,2501,242.774109
5.0,2501,247.187816
6.0,2501,251.613934
3.0,2501,256.668432
2.0,2501,261.098699
6.0,2501,266.078454
1.0,2501,270.521735
2.0,2501,275.567177
0.0,2501,280.042838
1.0,2501,284.486162
6.0,2501,289.505818
0.0,2501,293.896396
9.0,2501,298.958688
12.0,2501,303.39577
11.0,2501,308.48672
6.0,2501,312.945332
8.0,2501,317.94147
12.0,2501,322.40167
3.0,2501,326.804023
14.0,2501,331.911353
8.0,2501,336.434787
7.0,2501,341.486021
7.0,2501,345.860359
16.0,2501,350.911579
15.0,2501,355.3322
13.0,2501,360.399257
15.0,2501,364.762
18.0,2501,369.188147
23.0,2501,374.288255
16.0,2501,378.697543
13.0,2501,383.685332
11.0,2501,388.053396
14.0,2501,393.110909
16.0,2501,397.515357
11.0,2501,402.570137
14.0,2501,406.957262
16.0,2501,411.380626
18.0,2501,416.33665
10.0,2501,420.686095
20.0,2501,425.678807
10.0,2501,430.078531
8.0,2501,434.994802
13.0,2501,439.364625
7.0,2501,444.361809
9.0,2501,448.786574
3.0,2501,453.202487
16.0,2501,458.178866
17.0,2501,462.565643
25.0,2501,467.541827
13.0,2501,471.937779
15.0,2501,476.942306
15.0,2501,481.373002
12.0,2501,486.548829
19.0,2501,490.821363
16.0,2501,495.201679
19.0,2501,500.233056
18.0,2501,504.726578
5.0,2501,509.693009
16.0,2501,514.122174
17.0,2501,519.172683
17.0,2501,523.503962
16.0,2501,527.818524
20.0,2501,532.785167
12.0,2501,537.240337
13.0,2501,542.236445
18.0,2501,546.606738
15.0,2501,551.612669
20.0,2501,556.021625
21.0,2501,560.938171
24.0,2501,565.307264
19.0,2501,569.790816
15.0,2501,574.842129
19.0,2501,579.179124
28.0,2501,584.18456
21.0,2501,588.591707
18.0,2501,593.619425
31.0,2501,598.020905
26.0,2501,603.137599
23.0,2501,607.495051
29.0,2501,611.90058
26.0,2501,616.956298
26.0,2501,621.306443
23.0,2501,626.316506
21.0,2501,630.698753
28.0,2501,635.705288
25.0,2501,640.115338
20.0,2501,645.227983
11.0,2501,649.621497
23.0,2501,654.137643
26.0,2501,659.175962
23.0,2501,663.668142
25.0,2501,668.658284
25.0,2501,673.114056
20.0,2501,678.091092
26.0,2501,682.47073
11.0,2501,687.420348
24.0,2501,691.863774
36.0,2501,696.256639
22.0,2501,701.225721
15.0,2501,705.608072
22.0,2501,710.57416
27.0,2501,714.947288
28.0,2501,719.975015
20.0,2501,724.317095
27.0,2501,729.315667
32.0,2501,733.677021
31.0,2501,738.066745
29.0,2501,743.03369
33.0,2501,747.435831
25.0,2501,752.454609
24.0,2501,756.838001
29.0,2501,761.88519
29.0,2501,766.27348
29.0,2501,770.646237
32.0,2501,775.756901
23.0,2501,780.144548
30.0,2501,785.155205
15.0,2501,789.515784
27.0,2501,794.561228
29.0,2501,799.000741
22.0,2501,804.076516
31.0,2501,808.59579
26.0,2501,813.019222
27.0,2501,818.030138
25.0,2501,822.39518
33.0,2501,827.374166
28.0,2501,831.682472
11.0,2501,836.731322
34.0,2501,841.156789
29.0,2501,846.218683
33.0,2501,850.551024
25.0,2501,854.925041
26.0,2501,859.914049
29.0,2501,864.429105
28.0,2501,869.463089
28.0,2501,873.827582
25.0,2501,878.865721
21.0,2501,883.339435
32.0,2501,888.322735
30.0,2501,892.76192
22.0,2501,897.175066
24.0,2501,902.275012
16.0,2501,906.60801
22.0,2501,911.593428
29.0,2501,915.891212
30.0,2501,920.924108
27.0,2501,925.267073
25.0,2501,930.273969
28.0,2501,934.721632
30.0,2501,939.275416
29.0,2501,944.365458
35.0,2501,948.772142
34.0,2501,953.879587
27.0,2501,958.248779
30.0,2501,963.367732
23.0,2501,967.876436
31.0,2501,972.982342
23.0,2501,977.384699
23.0,2501,981.892762
24.0,2501,986.871856
27.0,2501,991.219682
22.0,2501,996.212025
22.0,2501,1000.678074
28.0,2501,1005.760324
26.0,2501,1010.140077
30.0,2501,1014.518674
26.0,2501,1019.513681
28.0,2501,1023.964346
17.0,2501,1028.928411
28.0,2501,1033.350101
23.0,2501,1038.342835
26.0,2501,1042.758071
25.0,2501,1047.791261
23.0,2501,1052.196192
24.0,2501,1056.603807
36.0,2501,1061.65606
22.0,2501,1066.091151
25.0,2501,1071.051232
27.0,2501,1075.45384
22.0,2501,1080.5439
19.0,2501,1084.952492
22.0,2501,1090.036193
16.0,2501,1094.465287
25.0,2501,1098.853767
32.0,2501,1103.838829
23.0,2501,1108.228108
24.0,2501,1113.235604
21.0,2501,1117.6163
24.0,2501,1122.706862
25.0,2501,1127.103036
27.0,2501,1132.120156
22.0,2501,1136.481658
33.0,2501,1140.917115
24.0,2501,1145.838382
29.0,2501,1150.24312
35.0,2501,1155.252019
40.0,2501,1159.753274
26.0,2501,1164.72574
23.0,2501,1169.152174
30.0,2501,1174.2236
24.0,2501,1178.692236
29.0,2501,1183.113225
23.0,2501,1188.103627
30.0,2501,1192.519233
24.0,2501,1197.559943
24.0,2501,1201.947519
29.0,2501,1206.971828
27.0,2501,1211.44487
28.0,2501,1216.459353
33.0,2501,1220.948177
27.0,2501,1225.338727
24.0,2501,1230.383435
17.0,2501,1234.842966
24.0,2501,1239.829826
31.0,2501,1244.246338
22.0,2501,1249.23386
23.0,2501,1253.685966
31.0,2501,1258.792085
27.0,2501,1263.220341
25.0,2501,1267.658684
25.0,2501,1272.723285
28.0,2501,1277.117765
22.0,2501,1282.133302
18.0,2501,1286.561832
24.0,2501,1291.605559
20.0,2501,1295.974428
28.0,2501,1300.314366
24.0,2501,1305.38118
23.0,2501,1309.801161
22.0,2501,1314.836509
27.0,2501,1319.223739
28.0,2501,1324.274049
20.0,2501,1328.692756
21.0,2501,1333.700167
24.0,2501,1338.154646
19.0,2501,1342.525775
13.0,2501,1347.495437
16.0,2501,1351.864781
16.0,2501,1356.966113
21.0,2501,1361.31913
26.0,2501,1366.377387
20.0,2501,1370.748999
22.0,2501,1375.779428
22.0,2501,1380.293766
17.0,2501,1384.639831
27.0,2501,1389.626544
27.0,2501,1393.970383
23.0,2501,1399.060729
20.0,2501,1403.49466
19.0,2501,1408.512901
18.0,2501,1412.919178
23.0,2501,1417.929418
29.0,2501,1422.313756
28.0,2501,1426.803089
20.0,2501,1431.938048
32.0,2501,1436.358812
19.0,2501,1441.430124
21.0,2501,1445.909741
17.0,2501,1451.000575
15.0,2501,1455.409783
23.0,2501,1460.518603
27.0,2501,1465.007039
26.0,2501,1469.343675
26.0,2501,1474.358927
25.0,2501,1478.793475
31.0,2501,1483.760228
25.0,2501,1488.193376
24.0,2501,1493.223661
29.0,2501,1497.674038
31.0,2501,1502.761687
32.0,2501,1507.148844
31.0,2501,1511.539244
25.0,2501,1516.580161
26.0,2501,1520.927848
27.0,2501,1525.92442
24.0,2501,1530.392519
25.0,2501,1535.374651
18.0,2501,1539.767718
27.0,2501,1544.125733
29.0,2501,1549.170362
25.0,2501,1553.600383
29.0,2501,1558.633221
32.0,2501,1562.989167
32.0,2501,1568.05389
30.0,2501,1572.462034
31.0,2501,1577.461112
25.0,2501,1581.912173
24.0,2501,1586.311708
31.0,2501,1591.307034
22.0,2501,1595.68908
23.0,2501,1600.691214
25.0,2501,1605.05737
31.0,2501,1610.067333
26.0,2501,1614.453344
22.0,2501,1619.543569
28.0,2501,1623.926839
29.0,2501,1628.312438
30.0,2501,1633.270208
32.0,2501,1637.608986
29.0,2501,1642.704575
27.0,2501,1647.133713
26.0,2501,1652.147869
18.0,2501,1656.494122
20.0,2501,1661.536516
22.0,2501,1665.978381
26.0,2501,1670.396844
23.0,2501,1675.404879
27.0,2501,1679.868328
19.0,2501,1684.875907
18.0,2501,1689.298703
27.0,2501,1694.379286
28.0,2501,1698.787695
21.0,2501,1703.890138
20.0,2501,1708.409749
18.0,2501,1712.925643
23.0,2501,1718.0157
19.0,2501,1722.392846
25.0,2501,1727.383072
21.0,2501,1731.773135
25.0,2501,1736.822098
22.0,2501,1741.177809
27.0,2501,1746.123554
22.0,2501,1750.535781
22.0,2501,1754.90014
22.0,2501,1759.850539
20.0,2501,1764.297959
24.0,2501,1769.349244
19.0,2501,1773.862683
23.0,2501,1778.958805
23.0,2501,1783.436753
29.0,2501,1787.824606
34.0,2501,1792.845269
18.0,2501,1797.264791
28.0,2501,1802.27154
30.0,2501,1806.717501
30.0,2501,1811.67593
28.0,2501,1816.109598
27.0,2501,1821.189788
31.0,2501,1825.660454
24.0,2501,1830.129308
27.0,2501,1835.289259
23.0,2501,1839.816632
29.0,2501,1844.962256
27.0,2501,1849.392259
30.0,2501,1854.474554
30.0,2501,1858.940393
34.0,2501,1864.01384
29.0,2501,1868.443841
27.0,2501,1872.91339
27.0,2501,1878.047521
23.0,2501,1882.533172
31.0,2501,1887.522728
24.0,2501,1891.919281
27.0,2501,1897.0391
33.0,2501,1901.509241
26.0,2501,1906.579702
22.0,2501,1911.000562
25.0,2501,1915.449706
29.0,2501,1920.440408
26.0,2501,1924.82496
24.0,2501,1929.756002
33.0,2501,1934.187536
29.0,2501,1939.183613
24.0,2501,1943.668673
27.0,2501,1948.785035
30.0,2501,1953.183428
29.0,2501,1957.484856
33.0,2501,1962.408293
33.0,2501,1966.818471
27.0,2501,1971.825764
29.0,2501,1976.22151
34.0,2501,1981.21621
37.0,2501,1985.621624
25.0,2501,1990.624102
33.0,2501,1995.051717
27.0,2501,1999.464749
33.0,2501,2004.521618
31.0,2501,2008.904759
20.0,2501,2013.914948
32.0,2501,2018.268857
24.0,2501,2023.357901
31.0,2501,2027.750554
28.0,2501,2032.228504
28.0,2501,2037.309926
30.0,2501,2041.743107
21.0,2501,2046.885396
24.0,2501,2051.276396
36.0,2501,2056.353766
35.0,2501,2060.682621
37.0,2501,2065.661346
27.0,2501,2070.071833
36.0,2501,2074.612015
34.0,2501,2079.750048
34.0,2501,2084.145113
36.0,2501,2089.194076
29.0,2501,2093.607369
31.0,2501,2098.710515
33.0,2501,2103.134472
37.0,2501,2108.095937
33.0,2501,2112.449374
26.0,2501,2116.794076
30.0,2501,2121.796251
32.0,2501,2126.275971
36.0,2501,2131.266447
40.0,2501,2135.763261
28.0,2501,2140.795492
34.0,2501,2145.266619
26.0,2501,2150.301843
30.0,2501,2154.710402
20.0,2501,2159.13981
29.0,2501,2164.255592
36.0,2501,2168.688897
28.0,2501,2173.668766
29.0,2501,2178.030929
31.0,2501,2183.030531
38.0,2501,2187.425863
36.0,2501,2192.425738
32.0,2501,2196.825317
29.0,2501,2201.200372
29.0,2501,2206.217052
31.0,2501,2210.682011
33.0,2501,2215.767235
30.0,2501,2220.152607
37.0,2501,2225.293458
30.0,2501,2229.686073
33.0,2501,2234.655672
30.0,2501,2239.049992
40.0,2501,2243.440636
30.0,2501,2248.478845
24.0,2501,2252.841401
32.0,2501,2257.808059
30.0,2501,2262.307596
36.0,2501,2267.288832
32.0,2501,2271.670318
34.0,2501,2276.035106
37.0,2501,2281.056462
38.0,2501,2285.406369
35.0,2501,2290.383184
34.0,2501,2294.754936
34.0,2501,2299.878572
31.0,2501,2304.258656
31.0,2501,2309.306206
32.0,2501,2313.737967
40.0,2501,2318.155678
27.0,2501,2323.193439
34.0,2501,2327.599784
20.0,2501,2332.626167
26.0,2501,2337.049787
20.0,2501,2342.031299
28.0,2501,2346.412916
32.0,2501,2351.430649
27.0,2501,2355.817228
33.0,2501,2360.165511
30.0,2501,2365.127837
32.0,2501,2369.574294
37.0,2501,2374.54273
34.0,2501,2378.968562
34.0,2501,2383.939094
35.0,2501,2388.369695
24.0,2501,2393.466607
36.0,2501,2398.03624
36.0,2501,2402.560187
37.0,2501,2407.605041
36.0,2501,2411.947782
35.0,2501,2416.917893
40.0,2501,2421.298545
31.0,2501,2426.323034
34.0,2501,2430.708393
38.0,2501,2435.710716
30.0,2501,2440.093399
26.0,2501,2444.508404
30.0,2501,2449.481627
31.0,2501,2454.032941
33.0,2501,2459.130207
33.0,2501,2463.617395
27.0,2501,2468.624314
25.0,2501,2473.050197
29.0,2501,2478.045113
40.0,2501,2482.406161
28.0,2501,2486.782542
37.0,2501,2491.891116
32.0,2501,2496.325279
28.0,2501,2501.354861
34.0,2501,2505.712855
25.0,2501,2510.747609
30.0,2501,2515.116457
30.0,2501,2520.117609
35.0,2501,2524.545728
35.0,2501,2528.887772
37.0,2501,2533.927813
34.0,2501,2538.300098
27.0,2501,2543.320954
35.0,2501,2547.720329
38.0,2501,2552.840776
31.0,2501,2557.319069
34.0,2501,2561.793413
32.0,2501,2566.791995
34.0,2501,2571.085437
29.0,2501,2576.060734
35.0,2501,2580.472967
31.0,2501,2585.523542
36.0,2501,2589.873595
36.0,2501,2594.852727
31.0,2501,2599.304569
40.0,2501,2603.688184
30.0,2501,2608.636248
29.0,2501,2613.032685
32.0,2501,2618.008611
24.0,2501,2622.341434
31.0,2501,2627.370579
28.0,2501,2631.777304
32.0,2501,2636.816287
27.0,2501,2641.242362
24.0,2501,2645.583293
40.0,2501,2650.504537
20.0,2501,2654.893202
29.0,2501,2659.865667
28.0,2501,2664.257392
27.0,2501,2669.305536
25.0,2501,2673.700139
23.0,2501,2678.770504
31.0,2501,2683.152352
28.0,2501,2687.495785
32.0,2501,2692.497692
31.0,2501,2696.905528
34.0,2501,2701.857593
28.0,2501,2706.285238
33.0,2501,2711.267355
27.0,2501,2715.605329
23.0,2501,2720.570122
26.0,2501,2725.000491
35.0,2501,2729.392428
35.0,2501,2734.447106
27.0,2501,2738.814025
28.0,2501,2743.836448
30.0,2501,2748.169318
33.0,2501,2753.223921
31.0,2501,2757.533315
28.0,2501,2762.538096
37.0,2501,2766.823946
33.0,2501,2771.217796
32.0,2501,2776.142823
35.0,2501,2780.65655
32.0,2501,2785.631073
33.0,2501,2790.075906
26.0,2501,2795.109449
24.0,2501,2799.556825
26.0,2501,2804.036245
26.0,2501,2809.13016
30.0,2501,2813.649357
23.0,2501,2818.626751
30.0,2501,2822.973854
26.0,2501,2827.990768
27.0,2501,2832.386587
30.0,2501,2837.420878
15.0,2501,2841.80161
30.0,2501,2846.115245
32.0,2501,2851.176024
28.0,2501,2855.556151
30.0,2501,2860.507307
24.0,2501,2864.863231
28.0,2501,2869.895084
28.0,2501,2874.279847
40.0,2501,2879.262711
35.0,2501,2883.622451
39.0,2501,2887.961201
23.0,2501,2892.948973
34.0,2501,2897.295577
32.0,2501,2902.156918
38.0,2501,2906.50815
32.0,2501,2911.528523
32.0,2501,2915.849285
26.0,2501,2920.796995
32.0,2501,2925.120262
33.0,2501,2929.4842
36.0,2501,2934.383163
31.0,2501,2938.69274
36.0,2501,2943.660681
34.0,2501,2948.064874
29.0,2501,2953.05996
20.0,2501,2957.53072
39.0,2501,2962.540674
28.0,2501,2966.907392
39.0,2501,2971.25907
30.0,2501,2976.284497
27.0,2501,2980.659649
37.0,2501,2985.668097
30.0,2501,2990.092751
36.0,2501,2995.149934
34.0,2501,2999.572301
25.0,2501,3004.619031
28.0,2501,3009.111184
30.0,2501,3013.507856
31.0,2501,3018.545318
29.0,2501,3022.957209
28.0,2501,3028.002122
35.0,2501,3032.454894
29.0,2501,3037.555489
37.0,2501,3041.987995
24.0,2501,3046.329307
31.0,2501,3051.379612
36.0,2501,3055.767923
38.0,2501,3060.889321
27.0,2501,3065.357693
32.0,2501,3070.469723
25.0,2501,3074.845213
28.0,2501,3079.813257
31.0,2501,3084.249144
30.0,2501,3088.63112
29.0,2501,3093.721397
23.0,2501,3098.195645
28.0,2501,3103.259412
23.0,2501,3107.73267
35.0,2501,3112.767107
27.0,2501,3117.165551
31.0,2501,3122.219551
40.0,2501,3126.583839
35.0,2501,3131.003235
22.0,2501,3136.037339
31.0,2501,3140.421686
34.0,2501,3145.397511
20.0,2501,3149.864163
30.0,2501,3154.967526
33.0,2501,3159.357714
26.0,2501,3164.296297
37.0,2501,3168.624053
29.0,2501,3173.042078
27.0,2501,3177.98621
34.0,2501,3182.409544
34.0,2501,3187.317294
29.0,2501,3191.789454
25.0,2501,3196.798167
32.0,2501,3201.24877
27.0,2501,3206.217977
36.0,2501,3210.585945
36.0,2501,3214.982785
33.0,2501,3219.966842
29.0,2501,3224.346117
29.0,2501,3229.371838
32.0,2501,3233.772542
30.0,2501,3238.778687
30.0,2501,3243.184538
27.0,2501,3248.223667
32.0,2501,3252.549956
16.0,2501,3256.915766
27.0,2501,3261.916886
23.0,2501,3266.286698
33.0,2501,3271.367237
30.0,2501,3275.759642
25.0,2501,3281.040512
26.0,2501,3285.612587
33.0,2501,3290.134475
30.0,2501,3295.460305
31.0,2501,3300.02022
31.0,2501,3305.3117
28.0,2501,3309.881216
26.0,2501,3315.237688
28.0,2501,3319.918843
32.0,2501,3325.044081
37.0,2501,3329.657285
36.0,2501,3334.332201
35.0,2501,3339.794092
32.0,2501,3344.479644
29.0,2501,3349.841825
30.0,2501,3354.72576
27.0,2501,3360.321948
30.0,2501,3365.184978
25.0,2501,3370.730345
19.0,2501,3375.496303
43.0,2501,3380.235813
38.0,2501,3385.602289
34.0,2501,3390.331753
34.0,2501,3395.600966
36.0,2501,3400.027488
36.0,2501,3405.063029
37.0,2501,3409.434582
38.0,2501,3414.447193
32.0,2501,3418.900559
32.0,2501,3423.276221
32.0,2501,3428.307863
34.0,2501,3432.730489
35.0,2501,3437.699657
28.0,2501,3442.137367
37.0,2501,3447.082417
32.0,2501,3451.519633
41.0,2501,3456.49669
42.0,2501,3460.846396
30.0,2501,3465.189894
39.0,2501,3470.245257
30.0,2501,3474.715866
34.0,2501,3479.717498
33.0,2501,3484.176161
34.0,2501,3489.178636
39.0,2501,3493.621873
34.0,2501,3498.612036
34.0,2501,3503.016912
30.0,2501,3507.427603
28.0,2501,3512.46535
31.0,2501,3516.87176
34.0,2501,3521.911682
36.0,2501,3526.296065
33.0,2501,3531.367568
25.0,2501,3535.767172
32.0,2501,3540.220767
24.0,2501,3545.332837
37.0,2501,3549.768482
39.0,2501,3554.793817
32.0,2501,3559.187983
27.0,2501,3564.180494
32.0,2501,3568.572707
39.0,2501,3573.664422
34.0,2501,3578.103483
29.0,2501,3582.442841
42.0,2501,3587.418025
38.0,2501,3591.815644
41.0,2501,3596.761579
34.0,2501,3601.106337
40.0,2501,3606.084394
35.0,2501,3610.486335
40.0,2501,3615.479504
34.0,2501,3619.863278
28.0,2501,3624.332144
39.0,2501,3629.469139
37.0,2501,3633.971016
29.0,2501,3639.153784
39.0,2501,3643.640502
37.0,2501,3648.664963
31.0,2501,3653.104795
32.0,2501,3658.086072
30.0,2501,3662.478592
30.0,2501,3666.859439
22.0,2501,3671.952971
26.0,2501,3676.311226
33.0,2501,3681.306414
24.0,2501,3685.702966
27.0,2501,3690.740584
31.0,2501,3695.207927
27.0,2501,3700.241554
39.0,2501,3704.641329
30.0,2501,3709.104701
25.0,2501,3714.268562
31.0,2501,3718.693939
30.0,2501,3723.638821
30.0,2501,3728.112019
29.0,2501,3733.152953
32.0,2501,3737.561457
29.0,2501,3742.561878
36.0,2501,3746.962107
34.0,2501,3751.368068
31.0,2501,3756.364088
30.0,2501,3760.751692
33.0,2501,3765.777927
31.0,2501,3770.134258
31.0,2501,3775.132375
36.0,2501,3779.539468
37.0,2501,3784.582277
38.0,2501,3788.963395
31.0,2501,3793.348343
28.0,2501,3798.362424
29.0,2501,3802.793789
33.0,2501,3807.879005
34.0,2501,3812.304932
29.0,2501,3817.280438
31.0,2501,3821.598416
25.0,2501,3825.990276
24.0,2501,3831.07978
31.0,2501,3835.607464
31.0,2501,3840.563165
30.0,2501,3844.935852
39.0,2501,3849.93742
43.0,2501,3854.330645
32.0,2501,3859.370316
28.0,2501,3863.724527
30.0,2501,3868.051814
32.0,2501,3873.14929
30.0,2501,3877.529294
35.0,2501,3882.550931
33.0,2501,3887.032933
33.0,2501,3892.032312
36.0,2501,3896.431182
28.0,2501,3901.469201
31.0,2501,3905.850237
32.0,2501,3910.25526
41.0,2501,3915.31454
39.0,2501,3919.726636
26.0,2501,3924.803677
40.0,2501,3929.203887
36.0,2501,3934.174747
38.0,2501,3938.646487
30.0,2501,3943.676135
31.0,2501,3948.06486
41.0,2501,3952.495656
35.0,2501,3957.46057
38.0,2501,3961.850361
35.0,2501,3966.82112
32.0,2501,3971.255566
37.0,2501,3976.264125
27.0,2501,3980.74303
30.0,2501,3985.692332
35.0,2501,3990.148708
28.0,2501,3994.512022
27.0,2501,3999.605319
30.0,2501,4004.001629
28.0,2501,4009.121717
29.0,2501,4013.57654
32.0,2501,4018.588555
31.0,2501,4022.957988
26.0,2501,4027.984639
31.0,2501,4032.379563
32.0,2501,4036.731493
28.0,2501,4041.765961
28.0,2501,4046.130707
37.0,2501,4051.244187
36.0,2501,4055.600518
34.0,2501,4060.630697
36.0,2501,4064.993125
35.0,2501,4069.405444
31.0,2501,4074.427907
40.0,2501,4078.828662
35.0,2501,4083.816853
34.0,2501,4088.295135
33.0,2501,4093.578737
30.0,2501,4097.901674
33.0,2501,4102.760055
35.0,2501,4107.101278
31.0,2501,4111.541953
38.0,2501,4116.528458
38.0,2501,4120.890326
30.0,2501,4125.906455
43.0,2501,4130.333709
45.0,2501,4135.33727
30.0,2501,4139.713437
42.0,2501,4144.735928
24.0,2501,4149.089777
37.0,2501,4153.529265
29.0,2501,4158.562495
36.0,2501,4162.983304
39.0,2501,4168.011508
33.0,2501,4172.380186
35.0,2501,4177.404702
33.0,2501,4181.776254
34.0,2501,4186.909422
37.0,2501,4191.404585
39.0,2501,4195.780731
36.0,2501,4200.778764
33.0,2501,4205.148006
32.0,2501,4210.166018
41.0,2501,4214.608306
33.0,2501,4219.652975
36.0,2501,4224.066374
29.0,2501,4229.075668
32.0,2501,4233.446537
43.0,2501,4237.94149
41.0,2501,4242.912143
42.0,2501,4247.341766
38.0,2501,4252.349402
32.0,2501,4256.701117
36.0,2501,4261.712283
31.0,2501,4266.104349
34.0,2501,4271.073419
34.0,2501,4275.46237
39.0,2501,4279.898668
38.0,2501,4284.917583
36.0,2501,4289.284319
34.0,2501,4294.290209
37.0,2501,4298.615459
34.0,2501,4303.653746
36.0,2501,4308.024686
33.0,2501,4312.420038
27.0,2501,4317.397251
34.0,2501,4321.8743
27.0,2501,4326.85719
35.0,2501,4331.229789
29.0,2501,4336.182417
29.0,2501,4340.589998
34.0,2501,4345.590834
37.0,2501,4350.015478
30.0,2501,4354.38272
17.0,2501,4359.369276
33.0,2501,4363.873795
28.0,2501,4368.851683
30.0,2501,4373.32505
30.0,2501,4378.326152
34.0,2501,4382.73713
31.0,2501,4387.735278
29.0,2501,4392.140021
36.0,2501,4396.51365
25.0,2501,4401.501225
35.0,2501,4405.928685
35.0,2501,4410.96076
36.0,2501,4415.308722
37.0,2501,4420.329752
33.0,2501,4424.781732
41.0,2501,4429.765087
30.0,2501,4434.221028
35.0,2501,4438.59707
27.0,2501,4443.645156
34.0,2501,4448.044956
32.0,2501,4453.092666
38.0,2501,4457.512117
31.0,2501,4462.520537
39.0,2501,4466.90182
42.0,2501,4471.893541
34.0,2501,4476.253599
32.0,2501,4480.646869
39.0,2501,4485.630363
40.0,2501,4489.971718
38.0,2501,4494.960803
32.0,2501,4499.372779
30.0,2501,4504.422503
38.0,2501,4508.867906
32.0,2501,4513.860219
33.0,2501,4518.240097
33.0,2501,4522.579387
24.0,2501,4527.575008
35.0,2501,4532.008986
30.0,2501,4537.170622
29.0,2501,4541.629505
34.0,2501,4546.734242
29.0,2501,4551.07487
38.0,2501,4555.475986
31.0,2501,4560.428278
40.0,2501,4564.832532
26.0,2501,4569.833944
30.0,2501,4574.24692
25.0,2501,4579.403589
28.0,2501,4583.778655
32.0,2501,4588.737204
35.0,2501,4593.096185
26.0,2501,4597.575863
36.0,2501,4602.595538
36.0,2501,4606.884307
36.0,2501,4611.800416
39.0,2501,4616.065433
24.0,2501,4620.905692
40.0,2501,4625.254986
30.0,2501,4630.342943
34.0,2501,4634.782771
32.0,2501,4639.241873
28.0,2501,4644.288851
39.0,2501,4648.61338
32.0,2501,4653.713258
29.0,2501,4658.04992
31.0,2501,4663.093998
32.0,2501,4667.523038
32.0,2501,4672.536674
29.0,2501,4676.959814
36.0,2501,4681.411574
32.0,2501,4686.4117
34.0,2501,4690.797464
27.0,2501,4695.770118
28.0,2501,4700.175414
28.0,2501,4705.189755
27.0,2501,4709.626135
25.0,2501,4714.609218
28.0,2501,4719.043832
23.0,2501,4723.432442
29.0,2501,4728.404683
27.0,2501,4732.79089
33.0,2501,4737.798651
36.0,2501,4742.168958
29.0,2501,4747.215387
36.0,2501,4751.58533
32.0,2501,4756.521085
33.0,2501,4760.886957
34.0,2501,4765.226832
37.0,2501,4770.250462
27.0,2501,4774.613405
37.0,2501,4779.647466
29.0,2501,4784.050801
24.0,2501,4789.142474
34.0,2501,4793.548755
31.0,2501,4797.998627
33.0,2501,4803.053906
34.0,2501,4807.439501
28.0,2501,4812.417906
35.0,2501,4816.854368
31.0,2501,4821.842325
29.0,2501,4826.340422
34.0,2501,4831.353311
33.0,2501,4835.845046
25.0,2501,4840.283191
23.0,2501,4845.281753
25.0,2501,4849.752708
34.0,2501,4854.743276
35.0,2501,4859.206379
34.0,2501,4864.193946
33.0,2501,4868.645346
37.0,2501,4873.644246
27.0,2501,4878.114956
30.0,2501,4882.590712
29.0,2501,4887.612454
30.0,2501,4892.086448
35.0,2501,4897.151343
31.0,2501,4901.568602
35.0,2501,4906.578052
25.0,2501,4910.968277
23.0,2501,4915.979899
22.0,2501,4920.456883
31.0,2501,4924.897636
33.0,2501,4929.929661
21.0,2501,4934.334513
36.0,2501,4939.271386
30.0,2501,4943.653037
30.0,2501,4948.664018
32.0,2501,4953.037175
23.0,2501,4958.011863
27.0,2501,4962.360725
23.0,2501,4966.730013
32.0,2501,4971.72277
31.0,2501,4976.11041
22.0,2501,4981.134617
28.0,2501,4985.643637
30.0,2501,4990.624708
31.0,2501,4995.044249
31.0,2501,5000.041535
27.0,2501,5004.482781
22.0,2501,5008.925411
33.0,2501,5013.913209
33.0,2501,5018.296797
27.0,2501,5023.343097
30.0,2501,5027.787596
27.0,2501,5032.761201
37.0,2501,5037.022795
34.0,2501,5042.061125
33.0,2501,5046.457432
37.0,2501,5050.865787
38.0,2501,5055.818305
37.0,2501,5060.206246
34.0,2501,5065.262613
36.0,2501,5069.625635
28.0,2501,5074.597108
33.0,2501,5078.984427
29.0,2501,5083.436657
29.0,2501,5088.482154
32.0,2501,5092.895602
37.0,2501,5097.939442
26.0,2501,5102.344498
37.0,2501,5107.449431
36.0,2501,5111.827014
41.0,2501,5117.008953
37.0,2501,5121.378774
33.0,2501,5125.807328
33.0,2501,5130.860832
30.0,2501,5135.357787
37.0,2501,5140.408311
32.0,2501,5144.862854
38.0,2501,5149.805572
29.0,2501,5154.217211
37.0,2501,5159.247703
32.0,2501,5163.639441
37.0,2501,5168.065887
32.0,2501,5173.087053
43.0,2501,5177.452492
28.0,2501,5182.471077
34.0,2501,5186.87771
31.0,2501,5191.858305
34.0,2501,5196.291116
37.0,2501,5201.357687
33.0,2501,5205.766806
36.0,2501,5210.102187
25.0,2501,5215.113915
32.0,2501,5219.52896
33.0,2501,5224.54924
37.0,2501,5228.979034
30.0,2501,5233.94134
24.0,2501,5238.336151
30.0,2501,5243.306538
33.0,2501,5247.678243
34.0,2501,5252.146208
35.0,2501,5257.245351
33.0,2501,5261.729376
37.0,2501,5266.725547
31.0,2501,5271.090065
37.0,2501,5276.105185
30.0,2501,5280.610323
31.0,2501,5285.576824
31.0,2501,5290.080939
36.0,2501,5294.579568
28.0,2501,5299.706327
41.0,2501,5304.121118
31.0,2501,5309.136479
31.0,2501,5313.514071
29.0,2501,5318.579183
26.0,2501,5322.970819
26.0,2501,5327.354673
35.0,2501,5332.308419
31.0,2501,5336.712577
35.0,2501,5341.697568
25.0,2501,5346.084858
36.0,2501,5351.114311
35.0,2501,5355.538783
32.0,2501,5360.54666
27.0,2501,5364.976043
36.0,2501,5369.366054
33.0,2501,5374.340926
23.0,2501,5378.760887
30.0,2501,5383.816482
23.0,2501,5388.289904
33.0,2501,5393.359586
23.0,2501,5397.808343
30.0,2501,5402.842334
26.0,2501,5407.246207
34.0,2501,5411.668898
28.0,2501,5416.65823
32.0,2501,5421.054631
26.0,2501,5426.098355
26.0,2501,5430.526885
29.0,2501,5435.658113
28.0,2501,5440.11082
30.0,2501,5445.131566
26.0,2501,5449.536985
23.0,2501,5453.968992
29.0,2501,5459.020663
31.0,2501,5463.421491
25.0,2501,5468.416959
28.0,2501,5472.803773
26.0,2501,5477.760197
31.0,2501,5482.157001
32.0,2501,5487.177259
27.0,2501,5491.603811
28.0,2501,5496.063269
31.0,2501,5501.027343
37.0,2501,5505.414194
36.0,2501,5510.373502
28.0,2501,5514.740992
33.0,2501,5519.707394
19.0,2501,5524.147487
32.0,2501,5529.176755
24.0,2501,5533.599882
29.0,2501,5537.957587
32.0,2501,5542.95245
37.0,2501,5547.348852
31.0,2501,5552.363256
29.0,2501,5556.691632
29.0,2501,5561.744559
22.0,2501,5566.150409
35.0,2501,5570.50599
24.0,2501,5575.505887
29.0,2501,5579.963046
33.0,2501,5584.968649
27.0,2501,5589.330072
28.0,2501,5594.336924
30.0,2501,5598.754763
26.0,2501,5603.728295
21.0,2501,5608.087441
23.0,2501,5612.515029
20.0,2501,5617.461586
31.0,2501,5621.861573
25.0,2501,5626.78395
30.0,2501,5631.164867
33.0,2501,5636.188081
31.0,2501,5640.526316
31.0,2501,5645.512693
33.0,2501,5649.985449
28.0,2501,5654.382688
21.0,2501,5659.360366
24.0,2501,5663.735464
21.0,2501,5668.741888
26.0,2501,5673.196004
37.0,2501,5678.283416
26.0,2501,5682.725611
25.0,2501,5687.735089
26.0,2501,5692.162979
28.0,2501,5696.573313
33.0,2501,5701.578546
33.0,2501,5706.042063
38.0,2501,5711.16199
33.0,2501,5715.622493
32.0,2501,5720.677061
22.0,2501,5725.087952
28.0,2501,5730.105337
26.0,2501,5734.502203
40.0,2501,5738.967488
29.0,2501,5743.967834
24.0,2501,5748.350223
27.0,2501,5753.304325
30.0,2501,5757.758062
31.0,2501,5762.786925
32.0,2501,5767.252738
29.0,2501,5772.238257
28.0,2501,5776.688446
31.0,2501,5781.071594
34.0,2501,5786.057807
34.0,2501,5790.522892
35.0,2501,5795.557319
31.0,2501,5799.882328
36.0,2501,5804.936179
30.0,2501,5809.353605
39.0,2501,5813.738962
34.0,2501,5818.736229
38.0,2501,5823.161344
32.0,2501,5828.180898
31.0,2501,5832.562321
37.0,2501,5837.600936
36.0,2501,5841.966266
38.0,2501,5846.878904
27.0,2501,5851.259784
35.0,2501,5855.66025
32.0,2501,5860.647769
31.0,2501,5865.009633
32.0,2501,5869.964468
38.0,2501,5874.342411
30.0,2501,5879.367264
40.0,2501,5883.855074
27.0,2501,5888.884885
33.0,2501,5893.217194
36.0,2501,5897.606123
29.0,2501,5902.714798
26.0,2501,5907.106722
29.0,2501,5912.250238
28.0,2501,5916.680377
35.0,2501,5921.741032
35.0,2501,5926.201831
41.0,2501,5931.196336
32.0,2501,5935.621394
39.0,2501,5939.994158
33.0,2501,5944.968233
21.0,2501,5949.259576
27.0,2501,5954.20392
31.0,2501,5958.480489
36.0,2501,5963.414118
36.0,2501,5967.821027
31.0,2501,5972.854919
34.0,2501,5977.303291
32.0,2501,5981.784113
36.0,2501,5986.888474
17.0,2501,5991.28266
35.0,2501,5996.30546
36.0,2501,6000.657682
31.0,2501,6005.651759
30.0,2501,6010.033147
31.0,2501,6015.009462
25.0,2501,6019.457962
31.0,2501,6023.852101
34.0,2501,6028.879184
26.0,2501,6033.285011
33.0,2501,6038.344379
37.0,2501,6042.692276
36.0,2501,6047.672363
32.0,2501,6052.045768
38.0,2501,6057.094797
28.0,2501,6061.494604
31.0,2501,6065.981772
39.0,2501,6071.052576
32.0,2501,6075.503802
36.0,2501,6080.472786
36.0,2501,6084.861936
31.0,2501,6089.775817
27.0,2501,6094.096916
38.0,2501,6098.439606
29.0,2501,6103.39238
42.0,2501,6107.788755
37.0,2501,6112.766798
36.0,2501,6117.214713
30.0,2501,6122.168923
28.0,2501,6126.570077
33.0,2501,6131.61311
25.0,2501,6136.24059
30.0,2501,6140.510349
32.0,2501,6145.590405
35.0,2501,6149.988185
28.0,2501,6155.026645
31.0,2501,6159.407483
31.0,2501,6164.42149
30.0,2501,6168.829356
35.0,2501,6173.846175
28.0,2501,6178.271295
41.0,2501,6182.720805
22.0,2501,6187.77867
36.0,2501,6192.196103
40.0,2501,6197.303656
31.0,2501,6201.692416
33.0,2501,6206.754506
30.0,2501,6211.096976
34.0,2501,6216.144254
36.0,2501,6220.512469
37.0,2501,6224.968668
28.0,2501,6230.008258
33.0,2501,6234.434875
32.0,2501,6239.541032
27.0,2501,6243.913607
20.0,2501,6249.002178
22.0,2501,6253.395011
23.0,2501,6258.455757
41.0,2501,6262.787097
33.0,2501,6267.1507
30.0,2501,6272.273684
48.0,2501,6276.661922
41.0,2501,6281.885714
30.0,2501,6286.24458
33.0,2501,6291.321302
29.0,2501,6295.823747
28.0,2501,6300.853526
40.0,2501,6305.222827
36.0,2501,6309.723136
23.0,2501,6314.661878
31.0,2501,6319.034701
33.0,2501,6324.096003
39.0,2501,6328.485865
37.0,2501,6333.50397
37.0,2501,6338.05158
37.0,2501,6342.543333
21.0,2501,6347.577698
30.0,2501,6352.063178
22.0,2501,6357.081255
28.0,2501,6361.503327
38.0,2501,6366.523451
25.0,2501,6370.917676
33.0,2501,6375.880575
31.0,2501,6380.316183
29.0,2501,6384.773489
25.0,2501,6389.864546
40.0,2501,6394.2944
41.0,2501,6399.35075
28.0,2501,6403.755658
32.0,2501,6408.732544
40.0,2501,6413.140199
25.0,2501,6418.243189
42.0,2501,6422.654567
41.0,2501,6427.027412
34.0,2501,6432.134942
32.0,2501,6436.492254
32.0,2501,6441.526138
38.0,2501,6445.95324
34.0,2501,6451.060365
33.0,2501,6455.473295
34.0,2501,6460.563855
31.0,2501,6464.996985
35.0,2501,6469.42836
36.0,2501,6474.418418
31.0,2501,6478.812369
34.0,2501,6483.919223
31.0,2501,6488.336485
36.0,2501,6493.453738
26.0,2501,6497.890151
39.0,2501,6502.946871
37.0,2501,6507.306981
33.0,2501,6511.715415
36.0,2501,6516.796628
34.0,2501,6521.180108
38.0,2501,6526.157605
36.0,2501,6530.534917
26.0,2501,6535.524176
38.0,2501,6539.934197
30.0,2501,6544.978603
43.0,2501,6549.415355
28.0,2501,6553.809866
38.0,2501,6558.804405
39.0,2501,6563.178773
27.0,2501,6568.227562
31.0,2501,6572.709175
35.0,2501,6577.753452
28.0,2501,6582.191099
28.0,2501,6586.604847
38.0,2501,6591.658597
33.0,2501,6596.078339
33.0,2501,6601.105549
32.0,2501,6605.553602
28.0,2501,6610.611899
34.0,2501,6614.988059
30.0,2501,6619.947738
33.0,2501,6624.312552
33.0,2501,6628.743329
39.0,2501,6633.744097
38.0,2501,6638.263663
29.0,2501,6643.32723
34.0,2501,6647.703598
26.0,2501,6652.709923
30.0,2501,6657.114881
29.0,2501,6662.110027
30.0,2501,6666.584077
30.0,2501,6671.013689
31.0,2501,6676.047019
31.0,2501,6680.419293
27.0,2501,6685.463827
39.0,2501,6689.799406
33.0,2501,6694.856603
29.0,2501,6699.252094
39.0,2501,6704.345306
35.0,2501,6708.762859
35.0,2501,6713.178417
35.0,2501,6718.172653
38.0,2501,6722.642201
34.0,2501,6727.710658
35.0,2501,6732.126314
30.0,2501,6737.218142
31.0,2501,6741.580682
27.0,2501,6746.597528
35.0,2501,6751.010705
37.0,2501,6755.448009
33.0,2501,6760.516312
27.0,2501,6764.9008
33.0,2501,6769.865359
31.0,2501,6774.3297
35.0,2501,6779.28214
37.0,2501,6783.75059
36.0,2501,6788.785168
31.0,2501,6793.169026
35.0,2501,6797.578792
37.0,2501,6802.678463
38.0,2501,6807.06979
27.0,2501,6812.051244
35.0,2501,6816.364942
32.0,2501,6821.346494
33.0,2501,6825.760568
34.0,2501,6830.256272
27.0,2501,6835.26046
27.0,2501,6839.629879
33.0,2501,6844.651993
25.0,2501,6849.103944
33.0,2501,6854.19557
33.0,2501,6858.587209
33.0,2501,6863.569358
31.0,2501,6867.979267
34.0,2501,6872.445004
25.0,2501,6877.48698
28.0,2501,6881.872883
26.0,2501,6886.845017
26.0,2501,6891.218574
31.0,2501,6896.262362
29.0,2501,6900.657622
26.0,2501,6905.651124
41.0,2501,6910.068524
35.0,2501,6914.518245
29.0,2501,6919.570756
27.0,2501,6923.961538
27.0,2501,6929.025133
29.0,2501,6933.503588
31.0,2501,6938.531256
31.0,2501,6942.93666
27.0,2501,6947.977076
37.0,2501,6952.361303
33.0,2501,6956.755547
30.0,2501,6961.744467
29.0,2501,6966.168456
32.0,2501,6971.263016
31.0,2501,6975.699171
32.0,2501,6980.742325
28.0,2501,6985.083249
36.0,2501,6990.187453
34.0,2501,6994.673779
26.0,2501,6999.148778
33.0,2501,7004.238772
41.0,2501,7008.712597
33.0,2501,7013.845522
34.0,2501,7018.255992
27.0,2501,7023.287863
26.0,2501,7027.721159
36.0,2501,7032.75506
29.0,2501,7037.190078
32.0,2501,7041.620007
27.0,2501,7046.606465
35.0,2501,7051.02621
25.0,2501,7056.02448
34.0,2501,7060.411912
38.0,2501,7065.407579
20.0,2501,7069.755712
28.0,2501,7074.198251
28.0,2501,7079.252667
36.0,2501,7083.706465
29.0,2501,7088.691911
34.0,2501,7093.035547
37.0,2501,7097.968681
30.0,2501,7102.432636
25.0,2501,7107.470433
31.0,2501,7111.863306
33.0,2501,7116.229139
34.0,2501,7121.192413
38.0,2501,7125.628184
34.0,2501,7130.708575
30.0,2501,7135.161083
32.0,2501,7140.194857
23.0,2501,7144.549983
32.0,2501,7149.527779
30.0,2501,7153.976856
34.0,2501,7158.375197
28.0,2501,7163.480683
35.0,2501,7167.998941
39.0,2501,7173.044308
38.0,2501,7177.462806
34.0,2501,7182.525899
39.0,2501,7186.945542
36.0,2501,7191.993708
39.0,2501,7196.527335
37.0,2501,7200.94964
23.0,2501,7205.983918
40.0,2501,7210.363309
38.0,2501,7215.379314
30.0,2501,7219.762074
31.0,2501,7224.78133
39.0,2501,7229.262016
33.0,2501,7234.238338
31.0,2501,7238.649916
35.0,2501,7243.027343
46.0,2501,7248.074214
33.0,2501,7252.437053
36.0,2501,7257.523995
37.0,2501,7261.918156
28.0,2501,7266.994843
35.0,2501,7271.392497
41.0,2501,7276.476432
35.0,2501,7280.892161
26.0,2501,7285.351686
36.0,2501,7290.500981
35.0,2501,7294.910576
27.0,2501,7299.926736
29.0,2501,7304.322862
29.0,2501,7309.286639
38.0,2501,7313.736487
30.0,2501,7318.7851
37.0,2501,7323.162844
35.0,2501,7327.552052
42.0,2501,7332.563308
26.0,2501,7337.018384
33.0,2501,7341.978914
39.0,2501,7346.35052
39.0,2501,7351.329178
34.0,2501,7355.744996
41.0,2501,7360.159388
42.0,2501,7365.148735
35.0,2501,7369.523921
35.0,2501,7374.566855
36.0,2501,7378.962132
38.0,2501,7384.007336
38.0,2501,7388.363678
31.0,2501,7393.377446
31.0,2501,7397.7259
37.0,2501,7402.205512
36.0,2501,7407.258222
37.0,2501,7411.669183
36.0,2501,7416.704501
30.0,2501,7421.074485
37.0,2501,7426.075301
38.0,2501,7430.513217
27.0,2501,7435.581563
40.0,2501,7440.016762
32.0,2501,7444.441778
30.0,2501,7449.4479
39.0,2501,7453.867979
33.0,2501,7458.818846
35.0,2501,7463.232838
39.0,2501,7468.272979
31.0,2501,7472.748019
26.0,2501,7477.738306
28.0,2501,7482.177563
40.0,2501,7486.572126
43.0,2501,7491.533875
29.0,2501,7496.047044
28.0,2501,7501.106107
34.0,2501,7505.600494
31.0,2501,7510.593675
28.0,2501,7515.0429
30.0,2501,7520.038097
18.0,2501,7524.361484
33.0,2501,7528.75367
25.0,2501,7533.822745
31.0,2501,7538.267196
34.0,2501,7543.312219
31.0,2501,7547.738468
26.0,2501,7552.783607
31.0,2501,7557.273196
29.0,2501,7562.27691
33.0,2501,7566.730147
31.0,2501,7571.21165
33.0,2501,7576.172261
38.0,2501,7580.564216
25.0,2501,7585.59464
25.0,2501,7590.001018
24.0,2501,7595.038888
26.0,2501,7599.519898
30.0,2501,7603.820246
32.0,2501,7608.818433
36.0,2501,7613.186084
27.0,2501,7618.256293
29.0,2501,7622.613527
32.0,2501,7627.633926
26.0,2501,7631.966453
31.0,2501,7637.036864
32.0,2501,7641.445947
28.0,2501,7645.878716
19.0,2501,7650.896752
33.0,2501,7655.30298
26.0,2501,7660.27194
34.0,2501,7664.664777
37.0,2501,7669.657037
27.0,2501,7674.203891
36.0,2501,7679.30121
32.0,2501,7683.71587
32.0,2501,7688.197527
29.0,2501,7693.193497
35.0,2501,7697.655589
24.0,2501,7702.853449
28.0,2501,7707.448715
42.0,2501,7712.520806
27.0,2501,7716.906097
25.0,2501,7721.948263
32.0,2501,7726.40072
36.0,2501,7730.81634
35.0,2501,7735.906261
33.0,2501,7740.341394
33.0,2501,7745.422969
34.0,2501,7749.791456
36.0,2501,7754.848443
31.0,2501,7759.223524
34.0,2501,7764.289773
26.0,2501,7768.64509
29.0,2501,7773.062372
36.0,2501,7778.043405
34.0,2501,7782.484314
28.0,2501,7787.50404
29.0,2501,7792.019224
30.0,2501,7797.095784
30.0,2501,7801.50961
28.0,2501,7806.518649
31.0,2501,7810.899632
32.0,2501,7815.336344
26.0,2501,7820.317933
21.0,2501,7824.693642
29.0,2501,7829.64009
31.0,2501,7834.009263
28.0,2501,7839.117573
36.0,2501,7843.542862
29.0,2501,7847.954952
28.0,2501,7853.017387
31.0,2501,7857.409092
32.0,2501,7862.419531
32.0,2501,7866.805331
32.0,2501,7871.833577
34.0,2501,7876.218025
26.0,2501,7881.284225
29.0,2501,7885.698128
29.0,2501,7890.103615
30.0,2501,7895.202554
39.0,2501,7899.595243
32.0,2501,7904.563264
30.0,2501,7908.940749
33.0,2501,7914.06014
32.0,2501,7918.421358
29.0,2501,7923.474237
28.0,2501,7927.802535
35.0,2501,7932.218919
33.0,2501,7937.227279
26.0,2501,7941.640683
44.0,2501,7946.629294
37.0,2501,7951.044211
36.0,2501,7956.01967
24.0,2501,7960.445487
28.0,2501,7965.398135
29.0,2501,7969.86056
36.0,2501,7974.242258
38.0,2501,7979.275575
33.0,2501,7983.661807
20.0,2501,7988.784871
38.0,2501,7993.138142
30.0,2501,7998.134625
32.0,2501,8002.488214
38.0,2501,8007.513465
37.0,2501,8011.833089
27.0,2501,8016.256721
40.0,2501,8021.330391
26.0,2501,8025.770099
32.0,2501,8030.736023
38.0,2501,8035.095642
32.0,2501,8040.126554
34.0,2501,8044.482691
32.0,2501,8049.494974
41.0,2501,8053.898171
42.0,2501,8058.428486
35.0,2501,8063.578878
36.0,2501,8067.987739
36.0,2501,8073.002965
30.0,2501,8077.396641
31.0,2501,8082.41956
35.0,2501,8086.808397
36.0,2501,8091.264869
37.0,2501,8096.385048
36.0,2501,8100.83805
33.0,2501,8105.94617
33.0,2501,8110.320971
34.0,2501,8115.288867
27.0,2501,8119.668513
33.0,2501,8124.700133
37.0,2501,8129.017346
36.0,2501,8133.376718
37.0,2501,8138.409115
24.0,2501,8142.788171
32.0,2501,8147.77948
34.0,2501,8152.208155
31.0,2501,8157.310121
36.0,2501,8161.718696
34.0,2501,8166.747737
36.0,2501,8171.151343
29.0,2501,8175.520749
36.0,2501,8180.531587
38.0,2501,8184.95896
35.0,2501,8190.028905
37.0,2501,8194.35144
31.0,2501,8199.439316
32.0,2501,8203.829893
31.0,2501,8208.811512
33.0,2501,8213.135456
36.0,2501,8217.566401
36.0,2501,8222.553249
38.0,2501,8226.961881
33.0,2501,8231.972083
33.0,2501,8236.392359
37.0,2501,8241.509821
40.0,2501,8246.019655
30.0,2501,8251.091473
36.0,2501,8255.488924
34.0,2501,8259.912988
40.0,2501,8264.963919
34.0,2501,8269.380028
27.0,2501,8274.409132
27.0,2501,8278.883561
37.0,2501,8283.989007
25.0,2501,8288.40615
36.0,2501,8293.461855
40.0,2501,8297.81016
36.0,2501,8302.295274
34.0,2501,8307.275226
31.0,2501,8311.785154
34.0,2501,8316.835724
31.0,2501,8321.212827
30.0,2501,8326.230421
33.0,2501,8330.620193
36.0,2501,8334.987815
31.0,2501,8340.026842
35.0,2501,8344.410965
35.0,2501,8349.429368
32.0,2501,8353.827067
31.0,2501,8358.803691
31.0,2501,8363.192041
31.0,2501,8368.184763
35.0,2501,8372.650774
33.0,2501,8377.045316
35.0,2501,8382.054007
35.0,2501,8386.45294
34.0,2501,8391.461731
32.0,2501,8395.882251
26.0,2501,8401.001966
38.0,2501,8405.371008
28.0,2501,8410.431467
34.0,2501,8414.810245
31.0,2501,8419.331819
39.0,2501,8424.296379
27.0,2501,8428.659876
37.0,2501,8433.731698
35.0,2501,8438.269693
27.0,2501,8443.273195
29.0,2501,8447.66676
34.0,2501,8452.726131
28.0,2501,8457.134989
32.0,2501,8461.563139
33.0,2501,8466.625937
30.0,2501,8470.984191
27.0,2501,8475.940055
35.0,2501,8480.352319
30.0,2501,8485.365442
32.0,2501,8489.822355
32.0,2501,8494.855297
27.0,2501,8499.292425
31.0,2501,8503.685141
29.0,2501,8508.632546
33.0,2501,8512.96695
36.0,2501,8517.958185
34.0,2501,8522.299286
29.0,2501,8527.29701
34.0,2501,8531.663699
36.0,2501,8536.67999
33.0,2501,8540.970357
37.0,2501,8545.377305
32.0,2501,8550.475487
36.0,2501,8554.904463
38.0,2501,8559.936794
33.0,2501,8564.308814
20.0,2501,8569.267466
37.0,2501,8573.652792
33.0,2501,8578.642589
28.0,2501,8583.052682
37.0,2501,8587.428524
40.0,2501,8592.465288
38.0,2501,8596.872768
35.0,2501,8601.954664
32.0,2501,8606.396573
36.0,2501,8611.427318
36.0,2501,8615.926823
43.0,2501,8620.286994
39.0,2501,8625.298999
35.0,2501,8629.633299
40.0,2501,8634.679524
34.0,2501,8639.077365
34.0,2501,8644.072861
29.0,2501,8648.448774
28.0,2501,8653.502805
36.0,2501,8657.91865
30.0,2501,8662.359873
27.0,2501,8667.367517
30.0,2501,8671.811792
30.0,2501,8676.896119
33.0,2501,8681.302884
35.0,2501,8686.356048
35.0,2501,8690.731204
34.0,2501,8695.833304
32.0,2501,8700.217076
36.0,2501,8704.64206
35.0,2501,8709.664875
33.0,2501,8714.040261
37.0,2501,8719.073929
33.0,2501,8723.464141
35.0,2501,8728.362292
27.0,2501,8732.748555
37.0,2501,8737.630413
32.0,2501,8742.022254
31.0,2501,8746.396954
31.0,2501,8751.410569
33.0,2501,8755.800449
33.0,2501,8760.754754
30.0,2501,8765.086442
33.0,2501,8770.108538
28.0,2501,8774.51105
33.0,2501,8779.508787
36.0,2501,8783.923087
31.0,2501,8788.314596
32.0,2501,8793.351701
23.0,2501,8797.674893
31.0,2501,8802.614513
33.0,2501,8806.99544
27.0,2501,8812.002803
13.0,2501,8816.419609
28.0,2501,8821.493366
31.0,2501,8825.875323
34.0,2501,8830.260629
27.0,2501,8835.342811
34.0,2501,8839.701503
24.0,2501,8844.681444
39.0,2501,8849.074403
38.0,2501,8853.996645
32.0,2501,8858.42023
34.0,2501,8862.799749
35.0,2501,8867.90584
34.0,2501,8872.299714
34.0,2501,8877.374904
33.0,2501,8881.803071
30.0,2501,8886.806216
36.0,2501,8891.225227
35.0,2501,8896.268296
25.0,2501,8900.639828
37.0,2501,8905.069071
27.0,2501,8910.033894
37.0,2501,8914.412949
29.0,2501,8919.413773
38.0,2501,8923.908903
37.0,2501,8928.892939
37.0,2501,8933.198336
29.0,2501,8938.277023
30.0,2501,8942.656284
29.0,2501,8947.161427
27.0,2501,8952.152081
37.0,2501,8956.499788
35.0,2501,8961.486585
33.0,2501,8965.931588
38.0,2501,8971.001022
31.0,2501,8975.394533
25.0,2501,8980.390048
37.0,2501,8984.77999
38.0,2501,8989.168633
34.0,2501,8994.222402
34.0,2501,8998.676883
34.0,2501,9003.809861
38.0,2501,9008.25748
38.0,2501,9013.261806
33.0,2501,9017.69056
31.0,2501,9022.709048
26.0,2501,9027.193704
40.0,2501,9031.628718
33.0,2501,9036.757339
30.0,2501,9041.129685
38.0,2501,9046.188592
35.0,2501,9050.567889
30.0,2501,9055.617668
37.0,2501,9059.966704
32.0,2501,9065.047082
36.0,2501,9069.430191
33.0,2501,9073.780909
35.0,2501,9078.800184
33.0,2501,9083.179306
39.0,2501,9088.171038
33.0,2501,9092.54772
33.0,2501,9097.649906
35.0,2501,9102.082085
31.0,2501,9106.436267
34.0,2501,9111.427653
29.0,2501,9115.850167
33.0,2501,9120.76278
29.0,2501,9125.162759
36.0,2501,9130.130972
33.0,2501,9134.495723
37.0,2501,9139.475038
30.0,2501,9143.861275
37.0,2501,9148.291735
34.0,2501,9153.316056
37.0,2501,9157.647992
32.0,2501,9162.649902
35.0,2501,9166.972985
29.0,2501,9172.003475
34.0,2501,9176.375687
27.0,2501,9181.477336
29.0,2501,9185.758534
30.0,2501,9190.17926
29.0,2501,9195.104289
23.0,2501,9199.630951
28.0,2501,9204.672945
38.0,2501,9209.151221
31.0,2501,9214.099734
30.0,2501,9218.511816
29.0,2501,9223.519142
33.0,2501,9227.958906
37.0,2501,9232.362591
32.0,2501,9237.411523
29.0,2501,9241.686563
32.0,2501,9246.665948
38.0,2501,9251.079423
38.0,2501,9256.003888
40.0,2501,9260.300182
38.0,2501,9265.262866
31.0,2501,9269.549295
30.0,2501,9273.941472
32.0,2501,9278.926396
30.0,2501,9283.293583
29.0,2501,9288.22484
31.0,2501,9292.660223
29.0,2501,9297.694602
32.0,2501,9302.091078
32.0,2501,9307.088002
32.0,2501,9311.481399
31.0,2501,9315.861604
32.0,2501,9320.899966
34.0,2501,9325.301531
33.0,2501,9330.351994
37.0,2501,9334.771445
37.0,2501,9339.783629
30.0,2501,9344.244779
35.0,2501,9348.690367
32.0,2501,9353.731931
36.0,2501,9358.131017
36.0,2501,9363.124725
