#{"t_start": 1708547780.9043121, "env_id": "MinAtar/Freeway-v1"}
r,l,t
0.0,2501,9.71317
1.0,2501,15.095331
0.0,2501,20.111023
1.0,2501,24.767627
2.0,2501,30.770384
0.0,2501,35.429531
2.0,2501,40.21974
0.0,2501,45.123785
5.0,2501,49.839135
2.0,2501,55.924083
1.0,2501,60.764163
1.0,2501,65.793527
0.0,2501,70.563347
1.0,2501,76.991144
1.0,2501,81.978311
6.0,2501,86.759198
1.0,2501,91.582795
1.0,2501,96.541632
2.0,2501,102.645634
1.0,2501,107.574347
1.0,2501,112.473098
1.0,2501,117.798511
2.0,2501,124.089019
4.0,2501,128.486228
5.0,2501,132.987564
3.0,2501,137.560333
3.0,2501,142.339434
0.0,2501,149.095072
10.0,2501,153.913282
9.0,2501,158.653928
6.0,2501,163.444791
5.0,2501,169.629648
9.0,2501,174.350429
13.0,2501,178.98501
12.0,2501,183.770178
9.0,2501,188.455759
17.0,2501,194.459823
10.0,2501,199.129096
5.0,2501,203.808612
9.0,2501,217.996762
4.0,2501,224.213601
10.0,2501,228.922582
5.0,2501,233.58469
5.0,2501,238.230523
7.0,2501,242.846344
6.0,2501,248.892939
11.0,2501,253.541934
4.0,2501,258.424167
10.0,2501,263.216811
4.0,2501,269.251451
12.0,2501,274.08752
14.0,2501,279.856298
9.0,2501,284.952131
0.0,2501,289.927255
9.0,2501,296.229742
7.0,2501,300.913961
0.0,2501,305.586983
10.0,2501,310.301059
4.0,2501,316.606232
7.0,2501,321.428558
3.0,2501,326.247116
7.0,2501,331.0053
0.0,2501,335.851674
7.0,2501,342.112268
5.0,2501,346.855249
4.0,2501,351.529425
4.0,2501,356.374994
5.0,2501,362.606983
6.0,2501,367.495144
2.0,2501,372.247021
6.0,2501,377.157255
8.0,2501,382.333104
16.0,2501,388.651767
9.0,2501,393.532874
11.0,2501,398.30828
14.0,2501,403.064927
7.0,2501,409.153968
7.0,2501,414.080695
15.0,2501,419.145999
12.0,2501,434.632712
11.0,2501,439.539153
6.0,2501,445.638615
2.0,2501,450.303785
2.0,2501,454.93771
9.0,2501,459.647956
1.0,2501,465.737786
11.0,2501,470.499804
9.0,2501,475.179178
3.0,2501,479.925065
16.0,2501,484.644928
8.0,2501,490.732276
9.0,2501,495.438764
4.0,2501,500.124972
13.0,2501,504.875304
6.0,2501,511.000287
8.0,2501,515.716923
8.0,2501,520.419805
9.0,2501,525.140748
4.0,2501,529.86513
3.0,2501,535.953592
5.0,2501,540.663196
1.0,2501,545.350846
6.0,2501,550.035924
7.0,2501,556.100908
3.0,2501,560.785266
4.0,2501,565.455158
8.0,2501,570.121945
6.0,2501,574.884225
5.0,2501,580.938517
8.0,2501,585.630532
4.0,2501,590.302905
14.0,2501,594.966561
12.0,2501,599.697069
3.0,2501,605.802333
8.0,2501,610.489882
11.0,2501,615.202119
15.0,2501,619.916805
7.0,2501,626.028073
13.0,2501,630.706077
10.0,2501,644.654588
15.0,2501,649.414781
12.0,2501,654.155657
15.0,2501,660.256332
21.0,2501,664.968792
11.0,2501,669.645248
10.0,2501,674.351552
3.0,2501,680.548605
16.0,2501,685.277361
10.0,2501,689.958456
15.0,2501,694.625961
10.0,2501,699.352512
21.0,2501,705.418572
16.0,2501,710.131027
5.0,2501,714.800637
8.0,2501,719.472685
15.0,2501,725.507769
14.0,2501,730.196901
21.0,2501,734.888413
19.0,2501,739.581147
14.0,2501,744.294152
4.0,2501,750.345165
9.0,2501,755.006921
19.0,2501,759.674312
10.0,2501,764.379832
9.0,2501,770.550507
1.0,2501,775.264313
13.0,2501,779.931087
15.0,2501,784.631795
11.0,2501,789.342815
10.0,2501,795.407304
16.0,2501,800.041729
12.0,2501,804.730992
11.0,2501,809.43927
13.0,2501,815.498846
13.0,2501,820.160831
18.0,2501,824.852609
21.0,2501,829.530919
20.0,2501,834.266476
19.0,2501,840.347553
7.0,2501,854.17994
22.0,2501,858.919597
12.0,2501,863.647967
18.0,2501,869.685024
8.0,2501,874.39024
17.0,2501,879.069677
15.0,2501,883.757324
24.0,2501,888.457354
18.0,2501,894.495868
19.0,2501,899.156735
8.0,2501,903.827688
19.0,2501,908.489829
23.0,2501,914.551827
14.0,2501,919.224528
11.0,2501,923.912017
15.0,2501,928.591919
15.0,2501,933.302015
21.0,2501,939.68954
23.0,2501,944.481615
20.0,2501,949.185918
11.0,2501,953.875975
24.0,2501,959.910589
26.0,2501,964.625071
23.0,2501,969.286385
28.0,2501,973.932741
24.0,2501,978.649601
21.0,2501,984.771002
20.0,2501,989.456664
24.0,2501,994.124621
28.0,2501,998.764755
27.0,2501,1004.828004
33.0,2501,1009.477207
26.0,2501,1014.166229
24.0,2501,1018.840183
29.0,2501,1023.559883
28.0,2501,1029.647949
15.0,2501,1034.328519
24.0,2501,1039.006202
32.0,2501,1043.716591
27.0,2501,1049.781009
25.0,2501,1063.813447
27.0,2501,1068.794197
21.0,2501,1073.475621
17.0,2501,1078.184476
28.0,2501,1084.244139
18.0,2501,1088.937169
24.0,2501,1093.669295
26.0,2501,1098.351203
29.0,2501,1104.409253
29.0,2501,1109.096942
27.0,2501,1113.792021
31.0,2501,1118.458593
26.0,2501,1123.172832
33.0,2501,1129.192261
28.0,2501,1133.900919
30.0,2501,1138.599748
37.0,2501,1143.400978
27.0,2501,1148.235534
30.0,2501,1154.374153
26.0,2501,1159.041635
16.0,2501,1163.712722
27.0,2501,1168.420434
26.0,2501,1174.453614
22.0,2501,1179.108426
24.0,2501,1183.775139
24.0,2501,1188.468009
27.0,2501,1193.22378
30.0,2501,1199.342056
21.0,2501,1204.03807
20.0,2501,1208.70836
25.0,2501,1213.395943
24.0,2501,1219.505577
25.0,2501,1224.192001
22.0,2501,1228.873264
31.0,2501,1233.603259
32.0,2501,1238.356532
26.0,2501,1244.475543
30.0,2501,1249.191251
29.0,2501,1253.880737
25.0,2501,1258.585189
37.0,2501,1273.992711
23.0,2501,1278.683731
35.0,2501,1283.436625
32.0,2501,1288.12202
26.0,2501,1292.881652
27.0,2501,1298.983608
29.0,2501,1303.707892
31.0,2501,1308.40241
16.0,2501,1313.106189
34.0,2501,1319.13816
26.0,2501,1323.829711
27.0,2501,1328.567922
22.0,2501,1333.278332
30.0,2501,1337.987761
27.0,2501,1344.06383
22.0,2501,1348.773466
31.0,2501,1353.468697
27.0,2501,1358.182674
25.0,2501,1364.244229
25.0,2501,1368.906207
27.0,2501,1373.590743
28.0,2501,1378.311679
19.0,2501,1383.014683
30.0,2501,1389.129761
23.0,2501,1393.787416
30.0,2501,1398.501203
28.0,2501,1403.255884
32.0,2501,1409.37347
29.0,2501,1414.045895
31.0,2501,1418.751371
32.0,2501,1423.470191
30.0,2501,1428.158106
33.0,2501,1434.248161
32.0,2501,1438.949627
18.0,2501,1443.658939
29.0,2501,1448.352438
29.0,2501,1454.394389
29.0,2501,1459.068361
25.0,2501,1463.782715
25.0,2501,1468.481365
24.0,2501,1482.480144
34.0,2501,1488.669608
29.0,2501,1493.433724
27.0,2501,1498.119915
24.0,2501,1502.818571
30.0,2501,1509.014289
34.0,2501,1513.679931
34.0,2501,1518.371202
29.0,2501,1523.05538
33.0,2501,1527.737926
28.0,2501,1533.895372
30.0,2501,1538.617239
31.0,2501,1543.347635
26.0,2501,1548.048443
28.0,2501,1554.109204
26.0,2501,1558.816953
28.0,2501,1563.50933
16.0,2501,1568.182519
36.0,2501,1572.919885
32.0,2501,1578.999048
26.0,2501,1583.762463
32.0,2501,1588.455678
30.0,2501,1593.163722
29.0,2501,1599.211676
26.0,2501,1603.871991
25.0,2501,1608.542823
31.0,2501,1613.255889
24.0,2501,1617.9756
31.0,2501,1624.072274
28.0,2501,1628.770677
26.0,2501,1633.466794
30.0,2501,1638.135402
31.0,2501,1644.265115
22.0,2501,1648.927713
28.0,2501,1653.643532
34.0,2501,1658.335361
32.0,2501,1663.062087
37.0,2501,1669.072311
32.0,2501,1673.793134
30.0,2501,1678.503812
42.0,2501,1692.46304
30.0,2501,1698.550407
31.0,2501,1703.233869
37.0,2501,1707.995641
37.0,2501,1712.71209
31.0,2501,1717.472248
38.0,2501,1723.590183
29.0,2501,1728.234874
28.0,2501,1732.935156
26.0,2501,1737.676652
32.0,2501,1742.433773
36.0,2501,1748.5798
40.0,2501,1753.284952
32.0,2501,1757.965594
39.0,2501,1762.673391
35.0,2501,1768.738564
30.0,2501,1773.462452
38.0,2501,1778.194538
35.0,2501,1782.94539
37.0,2501,1787.811667
46.0,2501,1793.89896
39.0,2501,1798.619945
33.0,2501,1803.321174
36.0,2501,1808.037899
34.0,2501,1814.134063
40.0,2501,1818.836276
31.0,2501,1823.564781
35.0,2501,1828.26623
35.0,2501,1832.959749
28.0,2501,1839.056556
38.0,2501,1843.790164
26.0,2501,1848.496383
31.0,2501,1853.221758
32.0,2501,1859.297329
34.0,2501,1863.976732
36.0,2501,1868.630054
42.0,2501,1873.31562
35.0,2501,1878.029689
38.0,2501,1884.163769
36.0,2501,1888.839272
36.0,2501,1902.688401
35.0,2501,1907.445584
41.0,2501,1913.533525
40.0,2501,1918.290516
30.0,2501,1923.054786
36.0,2501,1927.767164
36.0,2501,1932.491344
32.0,2501,1938.560997
33.0,2501,1943.204804
29.0,2501,1947.877269
26.0,2501,1952.59464
36.0,2501,1958.626061
34.0,2501,1963.293595
33.0,2501,1967.979677
36.0,2501,1972.673942
26.0,2501,1977.419282
30.0,2501,1983.526401
38.0,2501,1988.220691
37.0,2501,1992.90607
36.0,2501,1997.632468
30.0,2501,2003.71164
35.0,2501,2008.392963
35.0,2501,2013.05576
36.0,2501,2017.748257
32.0,2501,2022.488452
35.0,2501,2028.586374
36.0,2501,2033.354626
34.0,2501,2038.033271
23.0,2501,2042.728945
38.0,2501,2048.816901
36.0,2501,2053.532676
41.0,2501,2058.220526
38.0,2501,2062.974341
31.0,2501,2067.72904
29.0,2501,2073.77282
24.0,2501,2078.458611
34.0,2501,2083.14846
36.0,2501,2087.863231
35.0,2501,2093.977968
39.0,2501,2098.661101
36.0,2501,2112.553142
26.0,2501,2117.326089
30.0,2501,2122.106565
40.0,2501,2128.220747
30.0,2501,2132.98006
35.0,2501,2137.789424
41.0,2501,2142.630396
35.0,2501,2148.64657
36.0,2501,2153.295922
28.0,2501,2158.024941
33.0,2501,2162.701633
30.0,2501,2167.434193
27.0,2501,2173.505165
33.0,2501,2178.165319
25.0,2501,2182.920531
33.0,2501,2187.607723
35.0,2501,2193.642596
33.0,2501,2198.318978
28.0,2501,2203.045979
37.0,2501,2207.716107
29.0,2501,2212.415962
28.0,2501,2218.533758
21.0,2501,2223.241455
19.0,2501,2228.050584
29.0,2501,2232.750192
23.0,2501,2238.849539
29.0,2501,2243.562163
27.0,2501,2248.228854
32.0,2501,2252.886225
31.0,2501,2257.595482
35.0,2501,2263.693036
37.0,2501,2268.375293
29.0,2501,2273.087644
36.0,2501,2277.816226
35.0,2501,2282.536131
31.0,2501,2288.593174
29.0,2501,2293.262133
39.0,2501,2297.958668
39.0,2501,2302.679418
37.0,2501,2308.754458
30.0,2501,2322.752769
26.0,2501,2327.516459
33.0,2501,2332.202403
38.0,2501,2336.948883
33.0,2501,2343.06936
31.0,2501,2347.757194
37.0,2501,2352.422174
35.0,2501,2357.102905
30.0,2501,2363.198571
38.0,2501,2367.905641
31.0,2501,2372.595253
34.0,2501,2377.270453
32.0,2501,2382.023633
30.0,2501,2388.063471
30.0,2501,2392.824396
39.0,2501,2397.5132
27.0,2501,2402.261616
26.0,2501,2408.303551
25.0,2501,2412.989561
37.0,2501,2417.642186
35.0,2501,2422.340501
36.0,2501,2427.076123
35.0,2501,2433.178534
34.0,2501,2437.885652
35.0,2501,2442.586899
38.0,2501,2447.25411
34.0,2501,2453.317817
34.0,2501,2457.995028
36.0,2501,2462.676142
31.0,2501,2467.369225
39.0,2501,2472.23282
30.0,2501,2478.280997
37.0,2501,2483.009521
41.0,2501,2487.669076
26.0,2501,2492.383731
37.0,2501,2498.434911
34.0,2501,2503.127369
38.0,2501,2507.791358
38.0,2501,2512.492118
27.0,2501,2517.211151
34.0,2501,2532.477163
38.0,2501,2537.183717
39.0,2501,2541.902621
37.0,2501,2546.706718
38.0,2501,2552.723262
34.0,2501,2557.361076
35.0,2501,2562.036144
31.0,2501,2566.677233
36.0,2501,2571.38778
34.0,2501,2577.435642
35.0,2501,2582.114437
43.0,2501,2586.776692
17.0,2501,2591.420995
30.0,2501,2597.438085
40.0,2501,2602.115011
19.0,2501,2606.779259
38.0,2501,2611.458197
34.0,2501,2616.313883
37.0,2501,2622.400584
33.0,2501,2627.052815
24.0,2501,2631.726477
32.0,2501,2636.430938
31.0,2501,2642.480546
33.0,2501,2647.146178
35.0,2501,2651.814681
28.0,2501,2656.476576
35.0,2501,2661.18596
30.0,2501,2667.326957
42.0,2501,2672.007263
25.0,2501,2676.68747
35.0,2501,2681.377476
32.0,2501,2687.417024
29.0,2501,2692.095746
33.0,2501,2696.715064
37.0,2501,2701.372495
34.0,2501,2706.195862
30.0,2501,2712.287589
37.0,2501,2716.949298
38.0,2501,2721.655579
31.0,2501,2726.367965
31.0,2501,2741.749087
36.0,2501,2746.445517
30.0,2501,2751.198366
32.0,2501,2755.902263
41.0,2501,2760.631181
41.0,2501,2766.761122
28.0,2501,2771.419523
31.0,2501,2776.094249
31.0,2501,2780.915813
33.0,2501,2786.982153
42.0,2501,2791.675225
35.0,2501,2796.378842
33.0,2501,2801.163416
33.0,2501,2805.897278
33.0,2501,2811.934054
37.0,2501,2816.622799
37.0,2501,2821.396497
37.0,2501,2826.124129
29.0,2501,2832.194606
36.0,2501,2836.866902
31.0,2501,2841.62979
31.0,2501,2846.322669
33.0,2501,2851.029396
36.0,2501,2857.091177
37.0,2501,2861.885316
34.0,2501,2866.582909
34.0,2501,2871.344667
34.0,2501,2876.086382
36.0,2501,2882.30524
35.0,2501,2887.004202
35.0,2501,2891.765884
30.0,2501,2896.485545
34.0,2501,2902.688489
39.0,2501,2907.311491
29.0,2501,2912.052708
33.0,2501,2916.709244
26.0,2501,2921.43445
37.0,2501,2927.503772
30.0,2501,2932.185061
38.0,2501,2936.896944
29.0,2501,2950.86376
37.0,2501,2957.070758
38.0,2501,2961.738477
37.0,2501,2966.52952
41.0,2501,2971.227593
37.0,2501,2976.029789
33.0,2501,2982.090413
34.0,2501,2986.870664
36.0,2501,2991.547984
33.0,2501,2996.500546
31.0,2501,3002.567712
45.0,2501,3007.321276
25.0,2501,3011.993904
42.0,2501,3016.634331
34.0,2501,3021.41429
34.0,2501,3027.578847
32.0,2501,3032.251713
35.0,2501,3037.15876
38.0,2501,3041.887071
29.0,2501,3047.906519
35.0,2501,3052.574328
41.0,2501,3057.255988
40.0,2501,3061.914681
41.0,2501,3066.685075
42.0,2501,3072.889084
36.0,2501,3077.564542
44.0,2501,3082.273078
51.0,2501,3087.091248
36.0,2501,3093.114413
35.0,2501,3097.900206
29.0,2501,3102.580492
36.0,2501,3107.361168
34.0,2501,3112.043249
33.0,2501,3118.226623
39.0,2501,3122.930731
35.0,2501,3127.779787
41.0,2501,3132.48123
38.0,2501,3138.888021
41.0,2501,3143.579554
42.0,2501,3148.561068
38.0,2501,3162.48265
31.0,2501,3167.243793
40.0,2501,3173.309568
40.0,2501,3177.986579
36.0,2501,3182.811011
45.0,2501,3187.566929
34.0,2501,3193.77284
41.0,2501,3198.632897
39.0,2501,3203.325108
38.0,2501,3208.107258
34.0,2501,3212.833392
43.0,2501,3219.038584
41.0,2501,3223.71363
36.0,2501,3228.559168
36.0,2501,3233.266364
35.0,2501,3239.354295
38.0,2501,3244.06275
37.0,2501,3248.745134
26.0,2501,3253.409564
35.0,2501,3258.113785
41.0,2501,3264.350499
37.0,2501,3268.989462
32.0,2501,3273.79694
33.0,2501,3278.462488
22.0,2501,3284.487266
45.0,2501,3289.120524
36.0,2501,3293.774644
41.0,2501,3298.455339
30.0,2501,3303.554449
32.0,2501,3309.641033
37.0,2501,3314.29212
37.0,2501,3318.969242
27.0,2501,3323.678478
32.0,2501,3329.707696
36.0,2501,3334.380568
33.0,2501,3339.35392
37.0,2501,3344.068254
40.0,2501,3348.751503
38.0,2501,3354.761661
39.0,2501,3359.446558
39.0,2501,3373.940034
40.0,2501,3378.706366
37.0,2501,3384.805786
43.0,2501,3389.503137
36.0,2501,3394.157367
34.0,2501,3398.837594
37.0,2501,3403.53898
40.0,2501,3409.874649
43.0,2501,3414.521476
39.0,2501,3419.196232
32.0,2501,3423.878321
41.0,2501,3428.543262
38.0,2501,3434.599897
35.0,2501,3439.401647
39.0,2501,3444.207334
40.0,2501,3448.897796
42.0,2501,3454.946285
32.0,2501,3459.62087
33.0,2501,3464.270689
29.0,2501,3468.942512
39.0,2501,3473.695869
32.0,2501,3479.808665
30.0,2501,3484.485124
37.0,2501,3489.143766
37.0,2501,3493.806376
39.0,2501,3500.03014
33.0,2501,3505.255401
35.0,2501,3510.267714
41.0,2501,3515.035646
41.0,2501,3519.882696
39.0,2501,3526.131779
38.0,2501,3530.87575
40.0,2501,3535.871
37.0,2501,3540.730216
41.0,2501,3547.076385
32.0,2501,3551.786115
42.0,2501,3556.71227
43.0,2501,3561.460274
46.0,2501,3566.408071
35.0,2501,3572.661762
37.0,2501,3586.790491
40.0,2501,3591.564977
36.0,2501,3596.313758
33.0,2501,3602.484589
38.0,2501,3607.163308
37.0,2501,3611.894489
37.0,2501,3616.635615
40.0,2501,3621.387179
44.0,2501,3627.548333
30.0,2501,3632.571335
32.0,2501,3637.279717
45.0,2501,3642.353128
36.0,2501,3648.622915
37.0,2501,3653.378469
37.0,2501,3658.077209
36.0,2501,3662.856628
37.0,2501,3667.605375
36.0,2501,3673.651821
36.0,2501,3678.351309
40.0,2501,3683.316586
34.0,2501,3688.211586
37.0,2501,3694.28482
38.0,2501,3698.973952
41.0,2501,3703.642295
39.0,2501,3708.402755
37.0,2501,3713.145215
38.0,2501,3719.403921
35.0,2501,3724.11218
36.0,2501,3728.793268
41.0,2501,3733.49625
43.0,2501,3739.553864
37.0,2501,3744.425795
36.0,2501,3749.219237
37.0,2501,3753.974765
36.0,2501,3759.021981
37.0,2501,3765.518364
27.0,2501,3770.57127
38.0,2501,3775.748101
34.0,2501,3780.749328
29.0,2501,3787.137034
32.0,2501,3801.355445
34.0,2501,3806.067951
39.0,2501,3810.778138
43.0,2501,3815.501125
34.0,2501,3821.586975
36.0,2501,3826.649206
40.0,2501,3831.357276
38.0,2501,3836.106564
33.0,2501,3842.185403
35.0,2501,3846.878122
39.0,2501,3851.58915
35.0,2501,3856.276356
40.0,2501,3861.166589
29.0,2501,3867.417077
35.0,2501,3872.100186
33.0,2501,3876.973989
32.0,2501,3881.742867
41.0,2501,3887.811171
27.0,2501,3892.53524
34.0,2501,3897.223967
37.0,2501,3901.963461
33.0,2501,3906.857961
34.0,2501,3913.100139
36.0,2501,3917.795221
36.0,2501,3922.551403
38.0,2501,3927.257872
29.0,2501,3933.344465
35.0,2501,3938.03718
33.0,2501,3943.052506
35.0,2501,3947.758398
36.0,2501,3952.478866
37.0,2501,3958.594692
30.0,2501,3963.282391
34.0,2501,3968.01142
40.0,2501,3972.684637
41.0,2501,3977.721363
36.0,2501,3983.883911
41.0,2501,3988.567203
39.0,2501,3993.281938
34.0,2501,3998.117476
36.0,2501,4014.086316
42.0,2501,4018.94453
40.0,2501,4023.650935
39.0,2501,4028.395154
31.0,2501,4033.107425
37.0,2501,4039.214382
40.0,2501,4043.902239
34.0,2501,4048.615546
34.0,2501,4053.618624
36.0,2501,4059.702323
38.0,2501,4064.380744
36.0,2501,4069.081321
37.0,2501,4073.763649
33.0,2501,4078.534332
41.0,2501,4084.783285
34.0,2501,4089.470968
41.0,2501,4094.186279
38.0,2501,4098.915507
33.0,2501,4105.047326
35.0,2501,4109.728448
34.0,2501,4114.423958
37.0,2501,4119.40904
34.0,2501,4124.157828
34.0,2501,4130.258888
42.0,2501,4134.957323
42.0,2501,4139.669597
32.0,2501,4144.397309
38.0,2501,4150.465536
42.0,2501,4155.490076
36.0,2501,4160.146737
40.0,2501,4164.825483
41.0,2501,4169.584523
40.0,2501,4175.710643
41.0,2501,4180.412028
40.0,2501,4185.101203
46.0,2501,4189.914292
34.0,2501,4195.980084
44.0,2501,4200.69847
46.0,2501,4205.563608
40.0,2501,4210.216254
37.0,2501,4224.266602
41.0,2501,4230.363236
38.0,2501,4235.079973
37.0,2501,4239.758919
39.0,2501,4244.483655
32.0,2501,4250.647943
35.0,2501,4255.341462
46.0,2501,4260.017963
38.0,2501,4264.768069
43.0,2501,4269.52975
43.0,2501,4275.647491
39.0,2501,4280.325377
40.0,2501,4285.069009
41.0,2501,4289.768444
38.0,2501,4295.86198
38.0,2501,4300.591792
34.0,2501,4305.24219
41.0,2501,4309.913718
45.0,2501,4314.643532
48.0,2501,4320.743439
39.0,2501,4325.464045
44.0,2501,4330.173375
37.0,2501,4334.888498
49.0,2501,4340.961554
36.0,2501,4345.866244
38.0,2501,4350.584916
45.0,2501,4355.291816
41.0,2501,4360.016807
33.0,2501,4366.062813
37.0,2501,4370.794156
36.0,2501,4375.457824
39.0,2501,4380.166422
39.0,2501,4386.229093
41.0,2501,4390.946708
43.0,2501,4395.623562
33.0,2501,4400.354502
40.0,2501,4405.144584
39.0,2501,4411.287308
27.0,2501,4415.963923
39.0,2501,4420.672898
44.0,2501,4434.801557
34.0,2501,4440.963911
32.0,2501,4445.694541
43.0,2501,4450.386202
40.0,2501,4455.091833
31.0,2501,4459.831481
37.0,2501,4465.954174
37.0,2501,4470.689313
44.0,2501,4475.448427
32.0,2501,4480.195792
36.0,2501,4486.244529
31.0,2501,4491.097617
35.0,2501,4495.781027
36.0,2501,4500.432698
32.0,2501,4505.155558
36.0,2501,4511.244812
43.0,2501,4515.988466
39.0,2501,4520.648688
35.0,2501,4525.37381
34.0,2501,4531.456116
39.0,2501,4536.146416
40.0,2501,4540.864103
36.0,2501,4545.594086
40.0,2501,4550.352327
35.0,2501,4556.477937
37.0,2501,4561.191538
37.0,2501,4566.47875
45.0,2501,4571.804919
42.0,2501,4576.851637
39.0,2501,4582.931699
39.0,2501,4587.59743
39.0,2501,4592.231097
38.0,2501,4596.893474
34.0,2501,4602.943198
40.0,2501,4607.596531
41.0,2501,4612.259243
39.0,2501,4616.904438
40.0,2501,4621.634666
36.0,2501,4627.742857
43.0,2501,4632.360754
43.0,2501,4646.27804
40.0,2501,4651.012789
41.0,2501,4657.098941
41.0,2501,4661.767206
40.0,2501,4666.406039
45.0,2501,4671.045332
35.0,2501,4675.777958
34.0,2501,4681.834517
44.0,2501,4686.508042
38.0,2501,4691.146585
41.0,2501,4695.841192
43.0,2501,4701.905854
40.0,2501,4706.558999
41.0,2501,4711.203907
43.0,2501,4715.88747
38.0,2501,4720.642692
36.0,2501,4726.691192
40.0,2501,4731.354579
40.0,2501,4736.017957
39.0,2501,4740.757188
37.0,2501,4746.843331
38.0,2501,4751.553785
40.0,2501,4756.210453
42.0,2501,4760.885032
38.0,2501,4765.599254
41.0,2501,4771.699356
42.0,2501,4776.340247
31.0,2501,4781.027235
39.0,2501,4785.705168
41.0,2501,4791.788203
39.0,2501,4796.462193
44.0,2501,4801.120101
42.0,2501,4805.78558
42.0,2501,4810.532592
34.0,2501,4816.600027
42.0,2501,4821.344318
31.0,2501,4826.120626
38.0,2501,4830.856255
39.0,2501,4836.904977
40.0,2501,4841.595817
39.0,2501,4855.413201
38.0,2501,4860.161901
48.0,2501,4864.902592
37.0,2501,4870.969783
36.0,2501,4875.63687
43.0,2501,4880.276711
47.0,2501,4885.05846
39.0,2501,4891.135521
42.0,2501,4895.820443
36.0,2501,4900.64653
38.0,2501,4905.295521
38.0,2501,4910.036115
44.0,2501,4916.07392
40.0,2501,4920.718004
39.0,2501,4925.419552
36.0,2501,4930.093776
41.0,2501,4936.119342
35.0,2501,4940.76707
37.0,2501,4945.433658
42.0,2501,4950.11272
42.0,2501,4954.834272
38.0,2501,4960.91233
42.0,2501,4965.588403
42.0,2501,4970.232151
41.0,2501,4974.943354
35.0,2501,4981.187548
41.0,2501,4985.992441
42.0,2501,4990.659349
42.0,2501,4995.366852
37.0,2501,5000.123281
42.0,2501,5006.174575
42.0,2501,5010.838705
39.0,2501,5015.474047
50.0,2501,5020.160233
44.0,2501,5026.218057
38.0,2501,5030.868868
42.0,2501,5035.546838
42.0,2501,5040.209257
48.0,2501,5044.947401
44.0,2501,5050.971533
43.0,2501,5064.834235
44.0,2501,5069.53688
45.0,2501,5074.213599
38.0,2501,5080.238126
41.0,2501,5084.91965
38.0,2501,5089.583746
40.0,2501,5094.219481
40.0,2501,5098.932148
41.0,2501,5105.013505
41.0,2501,5109.699405
42.0,2501,5114.354022
43.0,2501,5119.034295
42.0,2501,5123.76946
40.0,2501,5129.87954
51.0,2501,5134.530878
43.0,2501,5139.217401
41.0,2501,5143.960968
43.0,2501,5150.029377
35.0,2501,5154.682992
48.0,2501,5159.355941
42.0,2501,5164.029297
38.0,2501,5168.749325
45.0,2501,5174.878634
45.0,2501,5179.524759
44.0,2501,5184.285657
39.0,2501,5188.976208
46.0,2501,5195.017055
48.0,2501,5199.687994
41.0,2501,5204.356726
40.0,2501,5209.006308
39.0,2501,5213.736987
44.0,2501,5219.816622
32.0,2501,5224.491857
39.0,2501,5229.149535
42.0,2501,5233.858461
37.0,2501,5239.930843
38.0,2501,5244.642263
41.0,2501,5249.305414
44.0,2501,5253.971793
41.0,2501,5258.661805
37.0,2501,5274.041844
48.0,2501,5278.6962
43.0,2501,5283.331956
44.0,2501,5288.039226
35.0,2501,5294.082259
44.0,2501,5298.774318
47.0,2501,5303.4464
38.0,2501,5308.121787
34.0,2501,5312.850346
36.0,2501,5318.954736
43.0,2501,5323.633245
40.0,2501,5328.272609
48.0,2501,5332.984422
41.0,2501,5339.079699
43.0,2501,5343.81832
51.0,2501,5348.481354
41.0,2501,5353.131908
42.0,2501,5357.836269
48.0,2501,5363.912968
43.0,2501,5368.590346
37.0,2501,5373.239727
46.0,2501,5377.921911
38.0,2501,5384.202007
39.0,2501,5388.852179
40.0,2501,5393.490502
45.0,2501,5398.124269
41.0,2501,5402.832956
41.0,2501,5408.940565
41.0,2501,5413.771573
43.0,2501,5418.439766
41.0,2501,5423.095432
46.0,2501,5429.125478
47.0,2501,5433.954158
47.0,2501,5438.573581
45.0,2501,5443.659142
41.0,2501,5448.431115
48.0,2501,5454.508351
43.0,2501,5459.150025
51.0,2501,5463.836125
39.0,2501,5468.548262
46.0,2501,5484.392429
45.0,2501,5489.049101
47.0,2501,5493.921791
44.0,2501,5498.532204
40.0,2501,5503.263502
45.0,2501,5509.271387
42.0,2501,5514.101913
47.0,2501,5518.730522
36.0,2501,5523.381002
48.0,2501,5529.399075
44.0,2501,5534.193053
42.0,2501,5538.79489
33.0,2501,5543.40923
38.0,2501,5548.06134
41.0,2501,5554.399086
42.0,2501,5559.055379
46.0,2501,5563.733082
41.0,2501,5568.400178
39.0,2501,5574.596555
41.0,2501,5579.309538
36.0,2501,5584.20214
40.0,2501,5588.912205
47.0,2501,5593.656695
46.0,2501,5599.878032
44.0,2501,5604.698099
48.0,2501,5609.385172
39.0,2501,5614.092867
41.0,2501,5620.277495
41.0,2501,5625.181677
44.0,2501,5630.025475
48.0,2501,5634.658264
41.0,2501,5639.384296
43.0,2501,5645.491514
44.0,2501,5650.237161
46.0,2501,5654.927837
46.0,2501,5659.90465
41.0,2501,5665.934879
33.0,2501,5670.589196
45.0,2501,5675.261642
39.0,2501,5679.962405
35.0,2501,5694.403674
36.0,2501,5700.518658
39.0,2501,5705.286469
43.0,2501,5710.002127
50.0,2501,5714.656361
44.0,2501,5719.476912
45.0,2501,5725.601888
44.0,2501,5730.699403
47.0,2501,5735.399541
48.0,2501,5740.166191
42.0,2501,5746.256925
47.0,2501,5750.954368
47.0,2501,5755.683682
44.0,2501,5760.562999
41.0,2501,5765.672185
46.0,2501,5771.696054
40.0,2501,5776.368957
46.0,2501,5781.051682
40.0,2501,5785.778651
46.0,2501,5791.908916
46.0,2501,5796.97233
40.0,2501,5801.696462
36.0,2501,5806.325162
45.0,2501,5811.048818
43.0,2501,5817.04507
37.0,2501,5821.718066
43.0,2501,5826.498984
36.0,2501,5831.705688
42.0,2501,5837.748987
38.0,2501,5842.395583
39.0,2501,5847.083781
43.0,2501,5851.782926
45.0,2501,5856.462148
43.0,2501,5862.487877
43.0,2501,5867.465507
31.0,2501,5872.125193
43.0,2501,5876.787782
44.0,2501,5882.813733
32.0,2501,5887.506415
38.0,2501,5892.171184
38.0,2501,5906.341629
34.0,2501,5911.06614
45.0,2501,5917.077368
39.0,2501,5921.72848
37.0,2501,5926.362035
36.0,2501,5931.403584
33.0,2501,5937.55411
39.0,2501,5942.274606
38.0,2501,5946.958711
39.0,2501,5951.670627
36.0,2501,5956.35002
35.0,2501,5962.382438
44.0,2501,5967.428804
32.0,2501,5972.095775
34.0,2501,5976.827234
39.0,2501,5982.845264
35.0,2501,5987.520293
38.0,2501,5992.229586
32.0,2501,5996.946488
39.0,2501,6002.023942
39.0,2501,6008.093606
34.0,2501,6012.787724
40.0,2501,6017.610499
36.0,2501,6022.333539
38.0,2501,6028.405426
39.0,2501,6033.461564
36.0,2501,6038.228276
39.0,2501,6042.942477
48.0,2501,6047.639977
40.0,2501,6053.637483
31.0,2501,6058.305613
39.0,2501,6062.998962
36.0,2501,6067.868632
40.0,2501,6073.877096
31.0,2501,6078.532383
40.0,2501,6083.215627
44.0,2501,6087.855412
37.0,2501,6092.511871
41.0,2501,6098.978195
37.0,2501,6103.657934
38.0,2501,6117.398048
37.0,2501,6122.125524
36.0,2501,6128.14976
42.0,2501,6133.201398
33.0,2501,6137.844753
38.0,2501,6142.495218
41.0,2501,6147.178344
31.0,2501,6153.166909
38.0,2501,6157.808428
38.0,2501,6162.48416
43.0,2501,6167.597818
35.0,2501,6173.609043
31.0,2501,6178.259028
35.0,2501,6182.948742
45.0,2501,6187.656556
36.0,2501,6192.33951
38.0,2501,6198.632505
41.0,2501,6203.332991
37.0,2501,6208.045465
31.0,2501,6212.722906
40.0,2501,6218.764957
39.0,2501,6223.466721
41.0,2501,6228.175542
37.0,2501,6233.219795
45.0,2501,6237.900567
39.0,2501,6244.000017
41.0,2501,6248.662755
36.0,2501,6253.285362
37.0,2501,6257.908468
39.0,2501,6262.612513
41.0,2501,6268.976748
37.0,2501,6273.628218
39.0,2501,6278.241594
45.0,2501,6282.940569
42.0,2501,6288.980553
39.0,2501,6293.649514
42.0,2501,6298.582428
43.0,2501,6303.39204
43.0,2501,6308.09174
43.0,2501,6314.128306
45.0,2501,6327.936194
38.0,2501,6332.861199
36.0,2501,6337.545461
40.0,2501,6343.652514
39.0,2501,6348.331182
40.0,2501,6353.044809
28.0,2501,6357.706885
36.0,2501,6362.404479
39.0,2501,6368.622633
42.0,2501,6373.329513
40.0,2501,6378.003081
32.0,2501,6382.696456
38.0,2501,6388.708164
14.0,2501,6393.360759
39.0,2501,6398.155402
38.0,2501,6402.937662
47.0,2501,6407.694867
42.0,2501,6413.787629
39.0,2501,6418.420152
37.0,2501,6423.02799
43.0,2501,6427.707342
44.0,2501,6434.184013
36.0,2501,6438.858056
34.0,2501,6443.507674
38.0,2501,6448.140523
44.0,2501,6452.84038
35.0,2501,6458.833087
35.0,2501,6463.503307
37.0,2501,6468.370636
32.0,2501,6473.051127
37.0,2501,6479.107295
34.0,2501,6483.81812
34.0,2501,6488.596633
32.0,2501,6493.279009
29.0,2501,6497.993915
40.0,2501,6504.000369
42.0,2501,6508.716336
36.0,2501,6513.442672
38.0,2501,6518.10307
37.0,2501,6524.188944
38.0,2501,6538.068936
41.0,2501,6542.772554
31.0,2501,6547.526635
35.0,2501,6552.368332
46.0,2501,6558.372381
39.0,2501,6563.111856
41.0,2501,6567.851416
38.0,2501,6572.562002
36.0,2501,6578.586235
41.0,2501,6583.285251
41.0,2501,6587.977465
43.0,2501,6592.744125
40.0,2501,6597.472275
36.0,2501,6603.605728
38.0,2501,6608.256683
41.0,2501,6612.917951
36.0,2501,6617.649361
38.0,2501,6623.759328
43.0,2501,6628.472808
36.0,2501,6633.180884
42.0,2501,6637.91842
42.0,2501,6642.70586
36.0,2501,6648.774983
38.0,2501,6653.471083
42.0,2501,6658.177977
42.0,2501,6663.082265
38.0,2501,6669.134021
43.0,2501,6673.811169
46.0,2501,6678.513744
37.0,2501,6683.292834
45.0,2501,6687.994925
35.0,2501,6694.076437
40.0,2501,6698.804677
36.0,2501,6703.499674
41.0,2501,6708.198035
40.0,2501,6714.279956
39.0,2501,6718.976519
39.0,2501,6723.686967
40.0,2501,6728.38442
34.0,2501,6733.038854
35.0,2501,6748.302685
38.0,2501,6753.001703
47.0,2501,6757.669019
40.0,2501,6762.370594
41.0,2501,6768.402351
40.0,2501,6773.087056
41.0,2501,6777.797419
38.0,2501,6782.455156
41.0,2501,6787.154699
39.0,2501,6793.15567
42.0,2501,6797.835907
32.0,2501,6802.50412
37.0,2501,6807.137899
33.0,2501,6813.111184
41.0,2501,6817.74178
38.0,2501,6822.409909
37.0,2501,6827.149557
35.0,2501,6831.833993
39.0,2501,6837.925816
46.0,2501,6842.598109
39.0,2501,6847.247765
40.0,2501,6851.924209
43.0,2501,6856.650945
43.0,2501,6862.742605
34.0,2501,6867.456504
35.0,2501,6872.126598
38.0,2501,6876.818747
41.0,2501,6882.84607
38.0,2501,6887.490165
37.0,2501,6892.258232
35.0,2501,6896.983327
37.0,2501,6901.66993
39.0,2501,6907.71454
34.0,2501,6912.323188
46.0,2501,6916.942195
44.0,2501,6921.630338
41.0,2501,6927.663777
39.0,2501,6932.378854
43.0,2501,6937.044118
42.0,2501,6941.743898
42.0,2501,6955.592856
32.0,2501,6961.674033
42.0,2501,6966.352144
33.0,2501,6971.052767
41.0,2501,6975.772227
45.0,2501,6981.886525
38.0,2501,6986.578449
40.0,2501,6991.261989
46.0,2501,6995.91983
36.0,2501,7000.604557
34.0,2501,7006.674139
37.0,2501,7011.322054
40.0,2501,7016.008904
46.0,2501,7020.726263
43.0,2501,7026.777301
45.0,2501,7031.482037
41.0,2501,7036.12922
43.0,2501,7040.742161
47.0,2501,7045.465848
35.0,2501,7051.530966
39.0,2501,7056.177708
33.0,2501,7060.781459
37.0,2501,7065.485744
47.0,2501,7071.664164
43.0,2501,7076.335566
42.0,2501,7080.972859
46.0,2501,7085.672351
42.0,2501,7090.3488
37.0,2501,7096.412007
39.0,2501,7101.145284
42.0,2501,7105.808439
43.0,2501,7110.482524
42.0,2501,7116.522069
45.0,2501,7121.277901
38.0,2501,7125.923687
47.0,2501,7130.588626
46.0,2501,7135.276603
42.0,2501,7141.375649
44.0,2501,7146.047133
38.0,2501,7150.838421
38.0,2501,7164.995634
46.0,2501,7171.053372
40.0,2501,7175.723062
37.0,2501,7180.363571
43.0,2501,7184.991837
44.0,2501,7189.635916
32.0,2501,7196.018781
45.0,2501,7200.713377
46.0,2501,7205.389414
42.0,2501,7210.073154
41.0,2501,7216.092595
48.0,2501,7220.73823
45.0,2501,7225.399002
45.0,2501,7230.270449
40.0,2501,7234.994647
50.0,2501,7241.135942
46.0,2501,7245.80846
43.0,2501,7250.46525
42.0,2501,7255.110299
50.0,2501,7261.470534
46.0,2501,7266.141
42.0,2501,7270.792095
47.0,2501,7275.465302
45.0,2501,7280.148187
46.0,2501,7286.189674
37.0,2501,7290.842549
38.0,2501,7295.681561
41.0,2501,7300.31391
36.0,2501,7306.322374
40.0,2501,7310.950749
43.0,2501,7315.625429
36.0,2501,7320.275617
40.0,2501,7325.012837
48.0,2501,7331.572821
44.0,2501,7336.244705
41.0,2501,7340.988402
40.0,2501,7345.685822
44.0,2501,7351.715479
46.0,2501,7356.389135
47.0,2501,7361.216407
42.0,2501,7375.253411
42.0,2501,7380.006291
43.0,2501,7386.010748
40.0,2501,7390.687025
39.0,2501,7395.653975
40.0,2501,7400.422848
42.0,2501,7405.148265
42.0,2501,7411.217709
44.0,2501,7415.884437
43.0,2501,7420.554008
45.0,2501,7425.234754
35.0,2501,7431.572418
44.0,2501,7436.193105
43.0,2501,7440.861709
46.0,2501,7445.531818
38.0,2501,7450.228867
46.0,2501,7456.267747
44.0,2501,7461.090625
40.0,2501,7465.73064
45.0,2501,7470.381391
41.0,2501,7476.379278
39.0,2501,7481.076964
39.0,2501,7485.714681
38.0,2501,7490.339954
38.0,2501,7495.212361
41.0,2501,7501.240232
39.0,2501,7505.862341
49.0,2501,7510.454673
38.0,2501,7515.130333
41.0,2501,7521.21297
46.0,2501,7526.027524
39.0,2501,7530.839667
42.0,2501,7535.486708
47.0,2501,7540.161994
39.0,2501,7546.147415
39.0,2501,7550.799462
41.0,2501,7555.430731
41.0,2501,7560.250664
47.0,2501,7566.387438
48.0,2501,7571.23822
45.0,2501,7585.102062
44.0,2501,7589.765627
38.0,2501,7594.440548
42.0,2501,7600.422771
49.0,2501,7605.099045
46.0,2501,7609.766404
40.0,2501,7614.662502
41.0,2501,7620.701674
45.0,2501,7625.423471
47.0,2501,7630.076525
44.0,2501,7634.761049
36.0,2501,7639.426543
42.0,2501,7645.822709
44.0,2501,7650.469111
43.0,2501,7655.128724
44.0,2501,7659.791887
44.0,2501,7665.79649
42.0,2501,7670.416487
34.0,2501,7675.030085
35.0,2501,7679.863506
42.0,2501,7684.5112
43.0,2501,7690.609469
47.0,2501,7695.279257
44.0,2501,7699.944144
31.0,2501,7704.608713
35.0,2501,7710.868596
45.0,2501,7715.523005
49.0,2501,7720.128884
35.0,2501,7724.724195
42.0,2501,7729.383087
36.0,2501,7735.389211
43.0,2501,7740.026402
41.0,2501,7745.066633
40.0,2501,7749.701631
40.0,2501,7755.706144
41.0,2501,7760.342102
43.0,2501,7764.986408
45.0,2501,7769.614433
39.0,2501,7774.288049
42.0,2501,7780.617562
49.0,2501,7794.34479
37.0,2501,7798.951905
39.0,2501,7803.606179
47.0,2501,7809.752734
39.0,2501,7814.547509
37.0,2501,7819.174761
40.0,2501,7823.802314
35.0,2501,7828.452464
37.0,2501,7834.458574
44.0,2501,7839.075212
45.0,2501,7843.870754
47.0,2501,7848.640735
47.0,2501,7854.565369
40.0,2501,7859.149439
37.0,2501,7863.790939
40.0,2501,7868.407705
44.0,2501,7873.051688
44.0,2501,7879.53868
43.0,2501,7884.222559
45.0,2501,7888.839271
45.0,2501,7893.465767
40.0,2501,7899.429687
37.0,2501,7904.001092
44.0,2501,7908.620633
41.0,2501,7913.542619
43.0,2501,7918.190138
39.0,2501,7924.183513
42.0,2501,7928.795665
36.0,2501,7933.399618
40.0,2501,7938.014438
40.0,2501,7942.702256
49.0,2501,7949.095893
46.0,2501,7953.710728
43.0,2501,7958.329299
46.0,2501,7962.988484
43.0,2501,7968.990382
43.0,2501,7973.636438
45.0,2501,7978.353262
38.0,2501,7983.219395
36.0,2501,7987.870291
40.0,2501,8003.18863
45.0,2501,8007.831981
40.0,2501,8012.613508
45.0,2501,8017.431636
37.0,2501,8023.414715
32.0,2501,8028.01062
44.0,2501,8032.608145
44.0,2501,8037.26957
43.0,2501,8041.978743
38.0,2501,8048.3124
38.0,2501,8052.896246
47.0,2501,8057.475226
42.0,2501,8062.10243
46.0,2501,8068.102745
40.0,2501,8072.725987
49.0,2501,8077.331698
52.0,2501,8082.325044
44.0,2501,8087.016709
41.0,2501,8093.008345
47.0,2501,8097.645505
41.0,2501,8102.291519
40.0,2501,8106.969704
43.0,2501,8113.357015
45.0,2501,8118.20146
44.0,2501,8122.847298
36.0,2501,8127.507938
45.0,2501,8132.179534
38.0,2501,8138.208462
45.0,2501,8142.918472
30.0,2501,8147.86971
44.0,2501,8152.516187
43.0,2501,8158.487169
46.0,2501,8163.11586
47.0,2501,8167.761122
46.0,2501,8172.547181
50.0,2501,8177.263689
45.0,2501,8183.882836
47.0,2501,8188.615924
47.0,2501,8193.285967
45.0,2501,8197.948652
41.0,2501,8213.361712
48.0,2501,8218.223795
48.0,2501,8222.905011
43.0,2501,8227.638526
45.0,2501,8232.330319
40.0,2501,8238.304971
45.0,2501,8242.985845
43.0,2501,8247.865656
40.0,2501,8252.542501
47.0,2501,8258.546924
43.0,2501,8263.247234
43.0,2501,8267.915004
45.0,2501,8272.580866
48.0,2501,8277.300601
45.0,2501,8283.762503
46.0,2501,8288.450426
47.0,2501,8293.102291
44.0,2501,8297.744284
40.0,2501,8303.858326
42.0,2501,8308.534285
42.0,2501,8313.522431
36.0,2501,8318.244608
32.0,2501,8323.077278
43.0,2501,8329.140249
46.0,2501,8333.792442
45.0,2501,8338.45322
39.0,2501,8343.101929
36.0,2501,8349.288634
42.0,2501,8353.916987
42.0,2501,8358.530701
41.0,2501,8363.184913
44.0,2501,8367.884753
38.0,2501,8373.9988
41.0,2501,8378.844595
46.0,2501,8383.709597
45.0,2501,8388.380875
45.0,2501,8394.373408
49.0,2501,8399.179237
47.0,2501,8403.800302
41.0,2501,8408.485495
45.0,2501,8422.833395
45.0,2501,8428.886422
44.0,2501,8433.531627
43.0,2501,8438.128178
40.0,2501,8442.781719
45.0,2501,8449.020298
42.0,2501,8453.659448
48.0,2501,8458.280027
40.0,2501,8462.882336
38.0,2501,8467.64867
43.0,2501,8473.61835
40.0,2501,8478.274356
40.0,2501,8483.173968
43.0,2501,8487.940116
44.0,2501,8494.354848
44.0,2501,8499.044094
49.0,2501,8503.66792
41.0,2501,8508.26618
49.0,2501,8512.91827
39.0,2501,8519.059725
38.0,2501,8523.675767
37.0,2501,8528.252537
44.0,2501,8532.951582
42.0,2501,8537.619472
42.0,2501,8543.64735
44.0,2501,8548.339836
42.0,2501,8553.013644
37.0,2501,8557.835972
44.0,2501,8564.049658
40.0,2501,8568.672179
39.0,2501,8573.360072
41.0,2501,8577.966784
28.0,2501,8582.640165
40.0,2501,8588.706422
38.0,2501,8593.335865
42.0,2501,8598.170785
41.0,2501,8602.800121
45.0,2501,8608.812231
40.0,2501,8613.532972
46.0,2501,8618.233772
42.0,2501,8632.190072
46.0,2501,8636.968719
33.0,2501,8642.99125
46.0,2501,8647.664828
43.0,2501,8652.356368
41.0,2501,8657.078527
44.0,2501,8663.410229
47.0,2501,8668.017215
37.0,2501,8672.621731
47.0,2501,8677.22945
43.0,2501,8681.887111
42.0,2501,8687.89845
41.0,2501,8692.535473
48.0,2501,8697.309316
42.0,2501,8701.960274
41.0,2501,8707.970432
40.0,2501,8712.580053
41.0,2501,8717.23097
41.0,2501,8721.873325
40.0,2501,8726.75453
40.0,2501,8732.936215
42.0,2501,8737.562174
40.0,2501,8742.23127
44.0,2501,8746.874915
49.0,2501,8752.799776
39.0,2501,8757.419779
44.0,2501,8762.382832
40.0,2501,8767.01643
41.0,2501,8771.655726
46.0,2501,8777.612365
40.0,2501,8782.238673
44.0,2501,8786.799797
41.0,2501,8791.42696
43.0,2501,8797.557562
40.0,2501,8802.151035
42.0,2501,8806.748514
42.0,2501,8811.380845
37.0,2501,8815.988539
40.0,2501,8821.948052
43.0,2501,8826.730281
36.0,2501,8840.442443
45.0,2501,8845.04809
46.0,2501,8850.974416
39.0,2501,8855.596615
46.0,2501,8860.600557
45.0,2501,8865.232642
36.0,2501,8869.884887
44.0,2501,8875.814967
40.0,2501,8880.426394
37.0,2501,8885.061427
45.0,2501,8889.679839
41.0,2501,8895.978871
40.0,2501,8900.575868
45.0,2501,8905.196329
33.0,2501,8909.80441
45.0,2501,8914.446107
44.0,2501,8920.39252
45.0,2501,8925.002993
41.0,2501,8930.130242
43.0,2501,8934.78748
42.0,2501,8940.800949
49.0,2501,8945.430795
49.0,2501,8950.008685
47.0,2501,8954.634552
44.0,2501,8959.242646
36.0,2501,8965.669303
38.0,2501,8970.290465
45.0,2501,8974.900169
47.0,2501,8979.521036
43.0,2501,8985.494894
43.0,2501,8990.072656
41.0,2501,8994.975922
42.0,2501,8999.80933
38.0,2501,9004.4828
42.0,2501,9010.451358
47.0,2501,9015.052459
49.0,2501,9019.634223
44.0,2501,9024.27457
42.0,2501,9030.706168
39.0,2501,9035.393605
48.0,2501,9049.15745
39.0,2501,9053.736212
45.0,2501,9058.356633
46.0,2501,9064.687389
44.0,2501,9069.291576
47.0,2501,9073.905509
42.0,2501,9078.532382
45.0,2501,9083.237853
41.0,2501,9089.161181
40.0,2501,9093.76016
39.0,2501,9098.538
40.0,2501,9103.179283
29.0,2501,9109.136397
45.0,2501,9113.698892
42.0,2501,9118.294
44.0,2501,9122.903852
40.0,2501,9127.559734
38.0,2501,9133.74735
48.0,2501,9138.353389
44.0,2501,9142.938939
44.0,2501,9147.55915
41.0,2501,9153.555967
44.0,2501,9158.186507
44.0,2501,9162.805197
43.0,2501,9167.395352
43.0,2501,9172.078935
38.0,2501,9178.144289
42.0,2501,9182.724781
46.0,2501,9187.294855
39.0,2501,9191.942392
37.0,2501,9197.898941
42.0,2501,9202.521641
41.0,2501,9207.094402
46.0,2501,9211.740499
44.0,2501,9216.426249
44.0,2501,9222.398028
43.0,2501,9226.969018
46.0,2501,9231.546743
41.0,2501,9236.17049
48.0,2501,9242.138441
37.0,2501,9255.818173
44.0,2501,9260.439579
46.0,2501,9265.039781
46.0,2501,9269.666387
42.0,2501,9275.656228
40.0,2501,9280.284344
49.0,2501,9284.861335
48.0,2501,9289.495754
49.0,2501,9295.42089
47.0,2501,9299.996366
33.0,2501,9304.570357
45.0,2501,9309.203696
48.0,2501,9313.86173
48.0,2501,9319.913066
38.0,2501,9324.63263
45.0,2501,9329.443283
40.0,2501,9334.091564
41.0,2501,9340.196017
36.0,2501,9344.882488
43.0,2501,9349.50406
42.0,2501,9354.110789
42.0,2501,9358.793641
48.0,2501,9364.77323
38.0,2501,9369.399288
40.0,2501,9373.97203
47.0,2501,9378.558888
44.0,2501,9384.622718
43.0,2501,9389.221135
41.0,2501,9393.805163
45.0,2501,9398.525034
34.0,2501,9403.152427
50.0,2501,9409.038729
40.0,2501,9413.694075
45.0,2501,9418.267917
38.0,2501,9422.870485
41.0,2501,9428.880783
40.0,2501,9433.449869
44.0,2501,9438.202938
41.0,2501,9442.802526
40.0,2501,9447.868691
48.0,2501,9462.891905
49.0,2501,9467.488411
47.0,2501,9472.084248
51.0,2501,9476.742606
45.0,2501,9482.893151
50.0,2501,9487.545259
43.0,2501,9492.155792
43.0,2501,9496.780131
35.0,2501,9501.440316
52.0,2501,9507.427336
38.0,2501,9512.35739
42.0,2501,9517.06052
50.0,2501,9521.720827
49.0,2501,9527.67666
45.0,2501,9532.273582
46.0,2501,9536.917381
52.0,2501,9541.523779
54.0,2501,9546.212096
47.0,2501,9552.199
43.0,2501,9556.872956
37.0,2501,9561.566141
40.0,2501,9566.221278
50.0,2501,9572.250164
42.0,2501,9576.886093
46.0,2501,9581.599999
40.0,2501,9586.284996
48.0,2501,9590.975108
46.0,2501,9596.98431
45.0,2501,9601.642675
44.0,2501,9606.340608
43.0,2501,9610.863352
40.0,2501,9616.819275
53.0,2501,9621.46888
43.0,2501,9626.135817
49.0,2501,9630.817647
48.0,2501,9635.510199
47.0,2501,9641.529157
47.0,2501,9646.176605
43.0,2501,9650.777091
42.0,2501,9655.405549
46.0,2501,9669.135479
49.0,2501,9675.127509
43.0,2501,9679.821936
46.0,2501,9684.520758
50.0,2501,9689.21117
54.0,2501,9695.211042
44.0,2501,9699.882608
52.0,2501,9704.544141
47.0,2501,9709.154138
51.0,2501,9713.832945
50.0,2501,9719.810364
45.0,2501,9724.620636
46.0,2501,9729.357824
55.0,2501,9734.13546
43.0,2501,9740.242185
42.0,2501,9744.883189
44.0,2501,9749.48722
44.0,2501,9754.10697
46.0,2501,9758.79567
45.0,2501,9764.82032
41.0,2501,9769.469695
47.0,2501,9774.133959
46.0,2501,9778.815174
44.0,2501,9784.81082
44.0,2501,9789.418632
50.0,2501,9794.022058
49.0,2501,9798.6135
47.0,2501,9803.272757
45.0,2501,9809.311518
44.0,2501,9813.921664
45.0,2501,9818.521474
41.0,2501,9823.151157
47.0,2501,9829.096058
46.0,2501,9833.711541
39.0,2501,9838.3288
44.0,2501,9842.925873
47.0,2501,9847.580905
40.0,2501,9853.624926
44.0,2501,9858.251179
38.0,2501,9862.880253
47.0,2501,9876.628132
40.0,2501,9882.633308
50.0,2501,9887.235593
47.0,2501,9891.8355
41.0,2501,9896.478709
43.0,2501,9901.155071
45.0,2501,9907.139553
38.0,2501,9911.765472
50.0,2501,9916.408948
38.0,2501,9921.036165
47.0,2501,9927.00561
41.0,2501,9931.624224
44.0,2501,9936.263083
45.0,2501,9940.893612
48.0,2501,9945.54794
55.0,2501,9951.467658
47.0,2501,9956.070258
49.0,2501,9960.68628
44.0,2501,9965.323747
37.0,2501,9971.294558
44.0,2501,9975.925634
53.0,2501,9980.527155
42.0,2501,9985.212194
46.0,2501,9989.843757
50.0,2501,9995.865097
45.0,2501,10000.54732
46.0,2501,10005.227732
50.0,2501,10009.937645
49.0,2501,10015.910006
42.0,2501,10020.5068
40.0,2501,10025.149828
45.0,2501,10029.731684
45.0,2501,10034.363576
42.0,2501,10040.342882
44.0,2501,10044.921069
43.0,2501,10049.522161
51.0,2501,10054.12402
47.0,2501,10060.136978
47.0,2501,10064.733056
44.0,2501,10069.304676
42.0,2501,10083.047319
42.0,2501,10087.693734
42.0,2501,10093.637663
48.0,2501,10098.251262
40.0,2501,10102.891807
47.0,2501,10107.564006
49.0,2501,10113.511892
43.0,2501,10118.098706
38.0,2501,10122.75246
45.0,2501,10127.337531
36.0,2501,10131.99105
45.0,2501,10137.927264
39.0,2501,10142.538923
43.0,2501,10147.170181
36.0,2501,10151.794495
41.0,2501,10157.729124
42.0,2501,10162.375952
45.0,2501,10167.003299
41.0,2501,10171.599134
45.0,2501,10176.267843
45.0,2501,10182.273805
39.0,2501,10186.915617
49.0,2501,10191.522737
43.0,2501,10196.09706
47.0,2501,10200.751611
47.0,2501,10206.788588
36.0,2501,10211.409387
51.0,2501,10216.007683
52.0,2501,10220.677091
40.0,2501,10226.643793
46.0,2501,10231.23929
46.0,2501,10235.817187
47.0,2501,10240.454339
45.0,2501,10245.143554
47.0,2501,10251.076708
48.0,2501,10255.616325
47.0,2501,10260.221096
41.0,2501,10264.858451
46.0,2501,10270.822104
47.0,2501,10275.602219
44.0,2501,10289.402079
41.0,2501,10294.05816
46.0,2501,10298.715255
42.0,2501,10304.721153
53.0,2501,10309.302691
47.0,2501,10313.941921
44.0,2501,10318.577654
40.0,2501,10324.564206
45.0,2501,10329.195121
44.0,2501,10333.823336
40.0,2501,10338.449079
38.0,2501,10343.080321
37.0,2501,10349.038223
43.0,2501,10353.704707
48.0,2501,10358.331817
45.0,2501,10362.928873
45.0,2501,10368.837785
42.0,2501,10373.484166
38.0,2501,10378.080327
45.0,2501,10382.689359
45.0,2501,10387.518303
44.0,2501,10393.476646
44.0,2501,10398.085018
45.0,2501,10402.643478
47.0,2501,10407.194788
50.0,2501,10413.167496
44.0,2501,10417.757528
49.0,2501,10422.306685
38.0,2501,10426.909145
38.0,2501,10431.9703
39.0,2501,10438.689901
43.0,2501,10443.307997
38.0,2501,10447.966234
43.0,2501,10452.50277
40.0,2501,10458.375203
41.0,2501,10463.069929
40.0,2501,10467.63638
42.0,2501,10472.158051
49.0,2501,10476.699034
48.0,2501,10482.719785
